date,ticker,exchange,open,high,low,close,volume,avg_volume_reported
2026-01-05,ADS.DE,XETRA,168.9500,171.3000,165.9500,169.9000,558052,
2026-01-05,AFX.DE,XETRA,39.7200,40.4200,39.4600,40.3800,161660,
2026-01-05,AIR.DE,XETRA,205.6000,210.5000,205.6000,208.1500,255087,
2026-01-05,AIXA.DE,XETRA,20.0000,20.6300,20.0000,20.4000,945402,
2026-01-05,ALV.DE,XETRA,389.8000,392.7000,385.0000,392.7000,526248,
2026-01-05,BAYN.DE,XETRA,38.4000,39.0600,37.7900,38.2000,4000960,
2026-01-05,BC8.DE,XETRA,44.2400,45.0400,43.5400,44.8800,191802,
2026-01-05,BMW.DE,XETRA,96.3000,97.3000,93.3600,93.6200,862493,
2026-01-05,CBK.DE,XETRA,36.8000,36.8400,35.5800,36.4900,2362894,
2026-01-05,CON.DE,XETRA,68.9000,69.1000,67.5600,67.7200,445845,
2026-01-05,DBK.DE,XETRA,33.7900,34.0150,33.3850,33.8100,4908527,
2026-01-05,DHER.DE,XETRA,22.9100,23.1000,21.3200,21.4100,762458,
2026-01-05,ENR.DE,XETRA,125.0000,129.7500,124.1000,127.5500,2111286,
2026-01-05,EOAN.DE,XETRA,16.3900,16.5400,16.1550,16.3450,3751432,
2026-01-05,EVT.DE,XETRA,5.5640,5.6420,5.3840,5.5100,1024565,
2026-01-05,FRE.DE,XETRA,47.7500,48.1900,47.4700,47.6900,428579,
2026-01-05,HAG.DE,XETRA,78.2500,82.7500,78.2500,82.6500,667852,
2026-01-05,HFG.DE,XETRA,6.0000,6.0420,5.5220,5.5220,1999248,
2026-01-05,HNR1.DE,XETRA,259.0000,259.2000,251.2000,257.0000,208511,
2026-01-05,IFX.DE,XETRA,38.7350,40.1500,38.7350,39.9100,4237754,
2026-01-05,JEN.DE,XETRA,20.2800,20.9600,20.2800,20.7800,167477,
2026-01-05,KGX.DE,XETRA,70.0500,70.2500,68.4000,70.2500,405265,
2026-01-05,LHA.DE,XETRA,8.5980,8.6580,8.4760,8.6560,3752611,
2026-01-05,MBG.DE,XETRA,61.6000,62.3400,60.2500,60.4400,2373348,
2026-01-05,MRK.DE,XETRA,121.4000,123.3000,120.7500,123.1500,226153,
2026-01-05,MTX.DE,XETRA,375.0000,379.7000,371.7000,373.1000,116434,
2026-01-05,MUV2.DE,XETRA,543.6000,544.2000,529.8000,540.0000,307236,
2026-01-05,NDX1.DE,XETRA,30.4000,31.4000,29.3800,31.3600,957771,
2026-01-05,NEM.DE,XETRA,90.0500,92.7500,89.7000,92.6500,158831,
2026-01-05,P911.DE,XETRA,47.6000,48.4400,46.7800,46.8000,470653,
2026-01-05,PUM.DE,XETRA,22.5000,22.7900,21.6600,22.4500,978191,
2026-01-05,QIA.DE,XETRA,40.6632,41.0421,40.4316,40.9158,611634,
2026-01-05,RHM.DE,XETRA,1683.0000,1752.0000,1680.0000,1752.0000,385736,
2026-01-05,RWE.DE,XETRA,46.9000,47.2400,46.2400,47.2400,1851472,
2026-01-05,S92.DE,XETRA,36.0000,37.7000,35.7800,37.0000,102131,
2026-01-05,SAP.DE,XETRA,200.2000,206.2000,199.6000,206.2000,1313820,
2026-01-05,SHL.DE,XETRA,44.0800,45.0800,44.0200,44.9000,876314,
2026-01-05,SIE.DE,XETRA,242.3500,246.0500,241.5000,244.6000,893745,
2026-01-05,SRT3.DE,XETRA,251.3000,254.5000,244.4000,254.5000,130047,
2026-01-05,SZG.DE,XETRA,45.0000,45.8200,43.8600,44.7600,194458,
2026-01-05,TKA.DE,XETRA,9.8500,10.1800,9.8400,10.0250,3654109,
2026-01-05,TUI1.DE,XETRA,9.0400,9.1160,8.8380,8.9860,2930806,
2026-01-05,VOW3.DE,XETRA,106.2000,106.6000,102.9500,103.3500,947385,
2026-01-05,WAF.DE,XETRA,52.2000,55.5500,52.1500,55.0000,131758,
2026-01-05,ZAL.DE,XETRA,24.7100,24.8200,23.8200,24.6000,1285899,
2026-01-06,ADS.DE,XETRA,163.7000,164.0500,157.0000,163.7500,1999082,
2026-01-06,AFX.DE,XETRA,40.8600,42.6400,40.5800,42.3400,288165,
2026-01-06,AIR.DE,XETRA,208.8500,209.3500,206.3500,209.3000,213438,
2026-01-06,AIXA.DE,XETRA,20.8000,21.3700,20.4100,21.3700,821934,
2026-01-06,ALV.DE,XETRA,392.6000,396.0000,391.2000,391.3000,358718,
2026-01-06,BAYN.DE,XETRA,38.5000,38.6150,37.9100,38.0400,4091529,
2026-01-06,BC8.DE,XETRA,44.7000,44.9600,44.3600,44.8200,109819,
2026-01-06,BMW.DE,XETRA,93.6600,94.4000,92.7200,93.0400,686232,
2026-01-06,CBK.DE,XETRA,36.9000,37.2400,35.5900,35.9900,2811031,
2026-01-06,CON.DE,XETRA,67.2800,68.1400,67.2600,68.0400,257769,
2026-01-06,DBK.DE,XETRA,34.2500,34.2600,33.4100,33.4100,4273546,
2026-01-06,DHER.DE,XETRA,21.5400,22.4000,21.3300,22.4000,657601,
2026-01-06,ENR.DE,XETRA,127.6500,129.0000,126.0500,127.3000,1892103,
2026-01-06,EOAN.DE,XETRA,16.3100,16.7650,16.3100,16.4550,4254291,
2026-01-06,EVT.DE,XETRA,5.5540,5.8240,5.5440,5.7780,1285980,
2026-01-06,FRE.DE,XETRA,47.8500,48.7800,47.8200,48.4400,597024,
2026-01-06,HAG.DE,XETRA,83.4000,83.9500,80.1500,82.0000,483285,
2026-01-06,HFG.DE,XETRA,5.6200,5.6960,5.5260,5.6720,991237,
2026-01-06,HNR1.DE,XETRA,257.2000,259.0000,250.4000,250.4000,146815,
2026-01-06,IFX.DE,XETRA,40.5750,42.0350,40.5400,41.8250,6239854,
2026-01-06,JEN.DE,XETRA,20.7800,21.1000,20.5200,21.1000,95660,
2026-01-06,KGX.DE,XETRA,70.4000,70.4500,68.7500,69.4500,161613,
2026-01-06,LHA.DE,XETRA,8.7100,8.9100,8.6860,8.9100,4451058,
2026-01-06,MBG.DE,XETRA,61.0000,61.6600,60.6800,61.4500,2073180,
2026-01-06,MRK.DE,XETRA,124.9000,128.3500,124.6500,126.4000,426382,
2026-01-06,MTX.DE,XETRA,374.5000,384.5000,372.8000,383.1000,143844,
2026-01-06,MUV2.DE,XETRA,542.0000,544.2000,531.8000,531.8000,213382,
2026-01-06,NDX1.DE,XETRA,31.8400,32.1000,31.4800,31.6200,471379,
2026-01-06,NEM.DE,XETRA,92.0500,92.2000,89.3500,91.0500,163224,
2026-01-06,P911.DE,XETRA,46.8900,47.0800,46.0100,46.5100,287082,
2026-01-06,PUM.DE,XETRA,22.3800,22.4500,21.6000,22.2800,1029714,
2026-01-06,QIA.DE,XETRA,41.2421,42.6632,41.0526,42.0895,730424,
2026-01-06,RHM.DE,XETRA,1761.5000,1793.0000,1726.5000,1740.5000,331519,
2026-01-06,RWE.DE,XETRA,47.3300,48.4200,47.2500,47.8700,2090660,
2026-01-06,S92.DE,XETRA,36.8800,37.0400,35.9800,36.2600,51006,
2026-01-06,SAP.DE,XETRA,203.6000,203.9500,200.6000,202.0500,1513269,
2026-01-06,SHL.DE,XETRA,44.9900,46.1000,44.9800,46.1000,1767120,
2026-01-06,SIE.DE,XETRA,245.0500,248.7500,243.2500,247.5500,852658,
2026-01-06,SRT3.DE,XETRA,256.6000,266.6000,256.6000,264.9000,123052,
2026-01-06,SZG.DE,XETRA,45.2200,45.6600,44.1200,44.1200,243686,
2026-01-06,TKA.DE,XETRA,10.1400,10.1600,9.5640,9.5940,2431106,
2026-01-06,TUI1.DE,XETRA,9.0460,9.3400,8.9880,9.3120,3871508,
2026-01-06,VOW3.DE,XETRA,103.0000,104.1000,102.8500,103.1000,497666,
2026-01-06,WAF.DE,XETRA,54.2500,55.0500,52.6500,53.7000,68817,
2026-01-06,ZAL.DE,XETRA,24.8000,24.9600,24.0600,24.4400,1308686,
2026-01-07,ADS.DE,XETRA,164.3500,164.9000,158.5500,160.9500,895805,
2026-01-07,AFX.DE,XETRA,42.6000,43.6000,42.2600,42.6400,164668,
2026-01-07,AIR.DE,XETRA,209.5000,214.5000,208.5000,213.8500,248077,
2026-01-07,AIXA.DE,XETRA,21.2600,21.5400,20.6700,20.7500,786581,
2026-01-07,ALV.DE,XETRA,392.3000,392.3000,381.3000,384.8000,612063,
2026-01-07,BAYN.DE,XETRA,38.6000,38.9900,38.2600,38.3400,3597601,
2026-01-07,BC8.DE,XETRA,44.9800,45.1400,43.0200,44.3600,256614,
2026-01-07,BMW.DE,XETRA,92.7800,93.9400,91.9000,93.0600,606633,
2026-01-07,CBK.DE,XETRA,35.9800,36.0800,34.8700,34.9000,3429988,
2026-01-07,CON.DE,XETRA,67.9800,69.6800,67.7000,68.1200,444397,
2026-01-07,DBK.DE,XETRA,33.4000,33.6850,32.8850,33.0050,4874954,
2026-01-07,DHER.DE,XETRA,22.2500,23.3000,21.9300,23.0700,1011461,
2026-01-07,ENR.DE,XETRA,128.2000,131.4500,128.0000,129.4000,2141996,
2026-01-07,EOAN.DE,XETRA,16.4950,16.8900,16.4950,16.6900,4170109,
2026-01-07,EVT.DE,XETRA,5.8380,6.3340,5.8140,6.2900,1824683,
2026-01-07,FRE.DE,XETRA,48.4200,49.0600,48.3700,48.9700,661639,
2026-01-07,HAG.DE,XETRA,82.1500,86.8500,81.7000,86.8500,672192,
2026-01-07,HFG.DE,XETRA,5.6960,5.7640,5.5960,5.7640,998703,
2026-01-07,HNR1.DE,XETRA,250.4000,250.8000,245.2000,247.8000,357671,
2026-01-07,IFX.DE,XETRA,41.5450,42.2350,41.3850,42.1350,4368958,
2026-01-07,JEN.DE,XETRA,21.3200,21.7000,21.2200,21.7000,264426,
2026-01-07,KGX.DE,XETRA,69.8000,70.3500,69.4500,70.0500,177702,
2026-01-07,LHA.DE,XETRA,9.1060,9.2480,8.9600,9.1740,8223275,
2026-01-07,MBG.DE,XETRA,61.3300,61.4000,60.1900,60.3600,1742440,
2026-01-07,MRK.DE,XETRA,127.0000,128.4000,125.7500,127.3500,330189,
2026-01-07,MTX.DE,XETRA,387.1000,396.1000,385.4000,394.9000,153607,
2026-01-07,MUV2.DE,XETRA,534.4000,535.2000,522.8000,528.0000,278444,
2026-01-07,NDX1.DE,XETRA,32.0600,33.1000,31.8000,33.1000,971744,
2026-01-07,NEM.DE,XETRA,91.5500,92.6500,90.9500,92.5500,423919,
2026-01-07,P911.DE,XETRA,46.6700,46.7900,46.0100,46.4900,332302,
2026-01-07,PUM.DE,XETRA,22.2000,22.6500,21.7000,22.4500,1227613,
2026-01-07,QIA.DE,XETRA,42.1737,42.8053,42.1737,42.3632,534104,
2026-01-07,RHM.DE,XETRA,1747.5000,1825.0000,1725.0000,1825.0000,353921,
2026-01-07,RWE.DE,XETRA,47.9800,48.8200,47.8900,47.9700,1596848,
2026-01-07,S92.DE,XETRA,36.6400,37.9000,36.2800,37.8800,149493,
2026-01-07,SAP.DE,XETRA,203.5500,208.4000,202.7500,208.4000,1606761,
2026-01-07,SHL.DE,XETRA,46.1800,46.4500,45.9700,46.3100,1172694,
2026-01-07,SIE.DE,XETRA,251.6000,256.9000,250.6000,256.2500,1535363,
2026-01-07,SRT3.DE,XETRA,264.4000,266.9000,262.6000,265.0000,67196,
2026-01-07,SZG.DE,XETRA,44.3400,46.7800,44.3200,46.5200,203994,
2026-01-07,TKA.DE,XETRA,9.7100,10.3300,9.7100,10.2450,4360507,
2026-01-07,TUI1.DE,XETRA,9.2260,9.2600,8.9440,9.1300,4614681,
2026-01-07,VOW3.DE,XETRA,102.8500,103.8000,102.0500,102.2000,551768,
2026-01-07,WAF.DE,XETRA,53.7000,54.5500,53.0000,53.9500,50386,
2026-01-07,ZAL.DE,XETRA,24.4400,25.6400,24.1900,25.5700,1832393,
2026-01-08,ADS.DE,XETRA,159.6500,166.2500,157.9500,165.4000,997068,
2026-01-08,AFX.DE,XETRA,42.7200,43.0000,41.0400,41.6800,125563,
2026-01-08,AIR.DE,XETRA,213.1000,215.9000,213.0500,215.3000,216719,
2026-01-08,AIXA.DE,XETRA,20.6000,20.7500,19.6200,19.6200,1190533,
2026-01-08,ALV.DE,XETRA,385.0000,390.2000,385.0000,390.2000,464334,
2026-01-08,BAYN.DE,XETRA,38.8600,39.9950,38.5850,39.5350,6499050,
2026-01-08,BC8.DE,XETRA,44.3600,44.7000,43.3200,43.9200,185079,
2026-01-08,BMW.DE,XETRA,92.1000,92.9200,89.7800,92.6000,965829,
2026-01-08,CBK.DE,XETRA,34.8100,35.6900,34.6800,35.6200,1897942,
2026-01-08,CON.DE,XETRA,67.4000,69.0000,67.4000,69.0000,351039,
2026-01-08,DBK.DE,XETRA,32.9050,33.4300,32.8550,33.2200,3749588,
2026-01-08,DHER.DE,XETRA,22.8200,23.5500,22.3700,23.5500,887539,
2026-01-08,ENR.DE,XETRA,128.3000,128.3500,123.3500,123.4500,2442530,
2026-01-08,EOAN.DE,XETRA,16.7200,16.9650,16.7100,16.9450,3985607,
2026-01-08,EVT.DE,XETRA,6.3080,6.4300,6.2060,6.3380,895344,
2026-01-08,FRE.DE,XETRA,48.8600,49.8500,48.7500,49.7500,640338,
2026-01-08,HAG.DE,XETRA,88.7500,89.4000,84.5000,86.3500,619974,
2026-01-08,HFG.DE,XETRA,5.7120,5.7500,5.5740,5.7320,858305,
2026-01-08,HNR1.DE,XETRA,247.4000,251.2000,246.8000,250.2000,150755,
2026-01-08,IFX.DE,XETRA,42.0650,42.3600,40.4600,40.5600,5181610,
2026-01-08,JEN.DE,XETRA,21.6200,21.7400,21.0000,21.0400,135662,
2026-01-08,KGX.DE,XETRA,69.7500,70.0000,68.7000,69.0000,250306,
2026-01-08,LHA.DE,XETRA,9.1660,9.2360,9.0520,9.0700,3391885,
2026-01-08,MBG.DE,XETRA,59.9000,60.2300,58.7900,59.9600,2211632,
2026-01-08,MRK.DE,XETRA,127.5000,128.3500,126.4500,127.7000,316261,
2026-01-08,MTX.DE,XETRA,394.4000,397.0000,389.8000,391.0000,139343,
2026-01-08,MUV2.DE,XETRA,527.4000,532.8000,524.8000,532.6000,240422,
2026-01-08,NDX1.DE,XETRA,33.0000,33.0600,32.1200,32.4800,658521,
2026-01-08,NEM.DE,XETRA,92.5500,93.2000,90.0500,90.3500,187994,
2026-01-08,P911.DE,XETRA,46.3600,47.0600,45.2100,46.9200,516885,
2026-01-08,PUM.DE,XETRA,22.1900,24.9100,21.4700,24.3700,3176900,
2026-01-08,QIA.DE,XETRA,40.8150,41.3000,40.1200,41.2900,460788,
2026-01-08,RHM.DE,XETRA,1853.5000,1899.5000,1820.5000,1851.0000,301361,
2026-01-08,RWE.DE,XETRA,48.0000,48.3400,47.7500,47.9500,1493053,
2026-01-08,S92.DE,XETRA,37.5600,38.0200,36.9600,37.3600,51016,
2026-01-08,SAP.DE,XETRA,208.6500,209.2500,205.9000,206.5000,1215756,
2026-01-08,SHL.DE,XETRA,46.2600,46.7400,45.9000,46.5300,855415,
2026-01-08,SIE.DE,XETRA,255.4000,258.6000,250.0500,251.8000,1658722,
2026-01-08,SRT3.DE,XETRA,266.5000,267.7000,260.4000,265.3000,71320,
2026-01-08,SZG.DE,XETRA,46.0600,46.5600,45.2600,46.2000,154775,
2026-01-08,TKA.DE,XETRA,10.2500,10.2600,9.9620,10.1550,2855782,
2026-01-08,TUI1.DE,XETRA,9.1400,9.3500,9.1380,9.3500,3309167,
2026-01-08,VOW3.DE,XETRA,101.7000,102.3000,99.8600,101.8000,810167,
2026-01-08,WAF.DE,XETRA,56.1000,57.4000,51.7000,51.8000,113898,
2026-01-08,ZAL.DE,XETRA,25.7000,25.8500,24.4200,24.9800,1747850,
2026-01-09,ADS.DE,XETRA,166.2000,169.6000,164.8000,166.6500,661588,
2026-01-09,AFX.DE,XETRA,41.6600,42.4000,41.0000,41.2600,123119,
2026-01-09,AIR.DE,XETRA,215.6000,215.6000,212.0500,215.0500,276493,
2026-01-09,AIXA.DE,XETRA,19.9000,20.4700,19.6750,20.4000,549046,
2026-01-09,ALV.DE,XETRA,390.0000,390.0000,380.7000,382.3000,682339,
2026-01-09,BAYN.DE,XETRA,39.2300,39.3450,38.6850,38.8800,3534555,
2026-01-09,BC8.DE,XETRA,44.0000,44.1000,43.3000,43.3800,162980,
2026-01-09,BMW.DE,XETRA,92.0000,94.5000,91.8200,92.0200,1176143,
2026-01-09,CBK.DE,XETRA,35.6200,35.6500,34.6100,34.9900,2220903,
2026-01-09,CON.DE,XETRA,69.4600,69.9000,68.8200,69.4200,288526,
2026-01-09,DBK.DE,XETRA,33.2150,33.2750,32.7050,33.0550,4288202,
2026-01-09,DHER.DE,XETRA,23.5500,24.2700,23.4800,23.5300,846169,
2026-01-09,ENR.DE,XETRA,125.7000,127.4000,123.9500,125.8500,2020736,
2026-01-09,EOAN.DE,XETRA,16.8400,16.9350,16.7100,16.8350,4666341,
2026-01-09,EVT.DE,XETRA,6.2880,6.4500,6.2860,6.2860,634359,
2026-01-09,FRE.DE,XETRA,49.5200,49.8000,49.2200,49.2300,537818,
2026-01-09,HAG.DE,XETRA,86.4000,91.5000,86.2500,91.3000,638298,
2026-01-09,HFG.DE,XETRA,5.6980,5.9400,5.6920,5.7880,1127471,
2026-01-09,HNR1.DE,XETRA,247.2000,248.8000,244.4000,247.2000,206681,
2026-01-09,IFX.DE,XETRA,40.8000,41.7700,40.7400,41.5500,3610546,
2026-01-09,JEN.DE,XETRA,20.9800,21.5800,20.8400,21.3800,122018,
2026-01-09,KGX.DE,XETRA,69.0000,69.4000,67.3000,67.7000,292046,
2026-01-09,LHA.DE,XETRA,9.0420,9.0880,8.8420,8.8700,4604880,
2026-01-09,MBG.DE,XETRA,60.3000,61.4000,59.7800,60.3700,2050862,
2026-01-09,MRK.DE,XETRA,128.3000,129.3500,127.1500,128.3000,271876,
2026-01-09,MTX.DE,XETRA,391.7000,393.6000,381.5000,383.8000,117342,
2026-01-09,MUV2.DE,XETRA,531.6000,531.8000,522.2000,526.8000,265199,
2026-01-09,NDX1.DE,XETRA,32.7000,32.8400,31.8600,32.3000,325811,
2026-01-09,NEM.DE,XETRA,90.8500,92.7000,89.7000,91.6000,284333,
2026-01-09,P911.DE,XETRA,46.5000,48.7900,46.5000,47.1700,800671,
2026-01-09,PUM.DE,XETRA,24.5700,24.8900,23.9500,23.9500,2568479,
2026-01-09,QIA.DE,XETRA,41.3600,42.0750,41.0700,41.2300,510718,
2026-01-09,RHM.DE,XETRA,1847.0000,1900.0000,1835.0000,1900.0000,242033,
2026-01-09,RWE.DE,XETRA,47.8400,48.2300,47.4300,47.9600,1294212,
2026-01-09,S92.DE,XETRA,37.3800,37.6800,35.4000,36.2000,111735,
2026-01-09,SAP.DE,XETRA,207.0000,214.2500,206.0000,212.3500,1743178,
2026-01-09,SHL.DE,XETRA,46.3600,47.1500,46.3000,46.5100,884979,
2026-01-09,SIE.DE,XETRA,250.0000,255.5500,249.3500,254.2000,1013641,
2026-01-09,SRT3.DE,XETRA,261.5000,264.4000,256.7000,257.3000,101633,
2026-01-09,SZG.DE,XETRA,46.5000,46.8600,45.7000,46.1000,78129,
2026-01-09,TKA.DE,XETRA,10.1700,10.3550,10.1300,10.2900,2037583,
2026-01-09,TUI1.DE,XETRA,9.3420,9.5120,9.2780,9.3340,3710780,
2026-01-09,VOW3.DE,XETRA,102.3500,105.5000,102.1000,103.8500,1075202,
2026-01-09,WAF.DE,XETRA,52.2500,52.5000,49.0000,51.5500,161864,
2026-01-09,ZAL.DE,XETRA,25.0600,25.7300,24.6600,24.9400,1216231,
2026-01-12,ADS.DE,XETRA,167.0000,168.5000,165.1000,165.6500,421897,
2026-01-12,AFX.DE,XETRA,41.4200,41.5600,40.5000,41.1800,137774,
2026-01-12,AIR.DE,XETRA,214.6500,217.3500,214.1000,216.2500,163520,
2026-01-12,AIXA.DE,XETRA,20.9400,21.2900,19.9550,20.0000,717673,
2026-01-12,ALV.DE,XETRA,380.0000,382.1000,376.5000,380.0000,580440,
2026-01-12,BAYN.DE,XETRA,38.7150,39.7200,38.5550,39.7100,3987769,
2026-01-12,BC8.DE,XETRA,43.4600,43.9400,42.9600,43.4400,0,
2026-01-12,BMW.DE,XETRA,91.7400,91.8600,89.8400,90.4800,893874,
2026-01-12,CBK.DE,XETRA,34.8000,35.5000,34.4500,35.4000,1976166,
2026-01-12,CON.DE,XETRA,69.4200,69.6800,68.8400,69.1200,0,
2026-01-12,DBK.DE,XETRA,32.7550,33.8450,32.5800,33.7500,5241585,
2026-01-12,DHER.DE,XETRA,23.5300,24.5700,23.3100,24.5300,556763,
2026-01-12,ENR.DE,XETRA,125.4000,128.8500,124.9500,128.2000,1356620,
2026-01-12,EOAN.DE,XETRA,16.8500,17.0100,16.7500,16.8650,3228280,
2026-01-12,EVT.DE,XETRA,6.3240,6.5120,6.3240,6.4640,717090,
2026-01-12,FRE.DE,XETRA,49.2100,50.8000,49.2100,50.7200,923133,
2026-01-12,HAG.DE,XETRA,92.5500,93.3500,90.7500,92.0000,561504,
2026-01-12,HFG.DE,XETRA,5.8000,5.8120,5.5760,5.7140,1224584,
2026-01-12,HNR1.DE,XETRA,246.8000,248.0000,244.4000,246.6000,184595,
2026-01-12,IFX.DE,XETRA,41.5500,42.1750,41.3500,41.6650,2539009,
2026-01-12,JEN.DE,XETRA,21.4400,21.4400,20.9400,21.1800,117494,
2026-01-12,KGX.DE,XETRA,67.6000,67.8000,64.9000,65.6000,525970,
2026-01-12,LHA.DE,XETRA,8.8220,8.8300,8.6720,8.7780,3902518,
2026-01-12,MBG.DE,XETRA,60.1800,60.5800,59.1500,59.7800,2175520,
2026-01-12,MRK.DE,XETRA,128.0500,131.6500,128.0500,131.2500,314814,
2026-01-12,MTX.DE,XETRA,383.0000,386.7000,380.8000,381.6000,113963,
2026-01-12,MUV2.DE,XETRA,524.8000,527.2000,523.0000,525.0000,241401,
2026-01-12,NDX1.DE,XETRA,32.0000,32.2000,31.5200,32.2000,391095,
2026-01-12,NEM.DE,XETRA,92.0000,92.5500,91.0000,92.2500,122457,
2026-01-12,P911.DE,XETRA,47.2400,47.3600,43.8400,44.3400,1512553,
2026-01-12,PUM.DE,XETRA,23.8000,24.1600,22.9900,23.3700,753338,
2026-01-12,QIA.DE,XETRA,41.2000,41.7150,40.9000,40.9300,432459,
2026-01-12,RHM.DE,XETRA,1912.0000,1935.5000,1873.5000,1890.0000,228271,
2026-01-12,RWE.DE,XETRA,47.9400,48.4000,47.8000,48.3800,981289,
2026-01-12,S92.DE,XETRA,36.3800,36.3800,34.9000,36.0600,70907,
2026-01-12,SAP.DE,XETRA,212.5000,214.1000,210.6500,213.1000,1075939,
2026-01-12,SHL.DE,XETRA,46.5100,47.0700,46.5000,46.9700,692037,
2026-01-12,SIE.DE,XETRA,252.6500,259.1500,252.6500,258.3500,844100,
2026-01-12,SRT3.DE,XETRA,257.2000,266.5000,255.4000,260.2000,60748,
2026-01-12,SZG.DE,XETRA,45.5800,47.1800,45.5800,46.9800,122043,
2026-01-12,TKA.DE,XETRA,10.3000,10.7550,10.1700,10.7250,0,
2026-01-12,TUI1.DE,XETRA,9.2860,9.3160,9.1020,9.2660,2347852,
2026-01-12,VOW3.DE,XETRA,103.9000,103.9000,101.9000,102.5000,1021630,
2026-01-12,WAF.DE,XETRA,51.8500,53.8500,51.4000,53.3000,83902,
2026-01-12,ZAL.DE,XETRA,25.0000,25.7500,25.0000,25.1800,1320304,
2026-01-13,ADS.DE,XETRA,165.6000,166.7000,162.7500,162.7500,596528,
2026-01-13,AFX.DE,XETRA,41.1800,41.7400,40.6600,41.2000,72923,
2026-01-13,AIR.DE,XETRA,216.6000,220.4000,215.8000,220.2500,204255,
2026-01-13,AIXA.DE,XETRA,20.1000,20.1200,19.7650,20.0200,814301,
2026-01-13,ALV.DE,XETRA,379.3000,381.7000,378.4000,379.8000,389494,
2026-01-13,BAYN.DE,XETRA,39.3100,39.6500,38.7000,38.9450,2813998,
2026-01-13,BC8.DE,XETRA,43.5200,44.5200,43.4800,44.3600,114912,
2026-01-13,BMW.DE,XETRA,88.9200,89.9800,88.2000,88.4600,1205682,
2026-01-13,CBK.DE,XETRA,35.5000,36.0000,35.4100,35.7700,1772338,
2026-01-13,CON.DE,XETRA,68.3000,68.4600,66.3400,67.6800,559470,
2026-01-13,DBK.DE,XETRA,33.9000,34.0050,33.5600,33.6900,5275099,
2026-01-13,DHER.DE,XETRA,24.3800,25.4400,24.0600,25.2500,833916,
2026-01-13,ENR.DE,XETRA,129.4500,130.3500,126.4000,130.3500,1906586,
2026-01-13,EOAN.DE,XETRA,16.9450,16.9450,16.5350,16.6800,3418044,
2026-01-13,EVT.DE,XETRA,6.5000,6.6160,6.4340,6.5520,582964,
2026-01-13,FRE.DE,XETRA,50.8800,51.4800,50.2800,51.2400,870526,
2026-01-13,HAG.DE,XETRA,91.9500,92.8500,90.6500,92.0000,367423,
2026-01-13,HFG.DE,XETRA,5.7000,6.0100,5.6980,5.8440,1138007,
2026-01-13,HNR1.DE,XETRA,246.4000,246.6000,241.8000,242.0000,163576,
2026-01-13,IFX.DE,XETRA,42.0800,42.5500,41.8100,42.5350,3667848,
2026-01-13,JEN.DE,XETRA,21.2800,21.3400,20.9800,21.0400,110074,
2026-01-13,KGX.DE,XETRA,65.6000,65.6000,63.4500,64.6000,362001,
2026-01-13,LHA.DE,XETRA,8.8260,8.8520,8.6100,8.7020,4161829,
2026-01-13,MBG.DE,XETRA,59.7200,60.2100,58.8600,59.8600,1820861,
2026-01-13,MRK.DE,XETRA,131.3000,131.6000,128.7500,128.7500,342206,
2026-01-13,MTX.DE,XETRA,382.9000,390.0000,381.1000,388.0000,169393,
2026-01-13,MUV2.DE,XETRA,523.0000,525.0000,517.8000,519.2000,362923,
2026-01-13,NDX1.DE,XETRA,32.7400,33.2400,31.6400,32.8000,632982,
2026-01-13,NEM.DE,XETRA,92.5500,92.5500,89.6000,89.8000,148611,
2026-01-13,P911.DE,XETRA,44.3400,44.5700,43.3800,43.3800,872344,
2026-01-13,PUM.DE,XETRA,23.4000,23.5500,22.8200,22.8200,747274,
2026-01-13,QIA.DE,XETRA,40.5900,40.8700,40.1250,40.4150,537920,
2026-01-13,R3NK.DE,XETRA,65.8900,66.2900,64.0100,64.9600,879922,
2026-01-13,RHM.DE,XETRA,1888.5000,1905.0000,1879.5000,1904.0000,171188,
2026-01-13,RWE.DE,XETRA,49.2600,49.3300,47.7900,48.2500,1384945,
2026-01-13,S92.DE,XETRA,33.6200,34.2000,31.9400,33.8000,266960,
2026-01-13,SAP.DE,XETRA,212.3500,219.4000,211.2500,213.4500,1595981,
2026-01-13,SHL.DE,XETRA,46.8700,47.2600,46.7300,46.7400,1012764,
2026-01-13,SIE.DE,XETRA,259.0000,263.1500,257.4000,261.7500,1069870,
2026-01-13,SRT3.DE,XETRA,260.0000,262.8000,254.9000,259.7000,59185,
2026-01-13,SZG.DE,XETRA,47.3400,49.1000,46.5000,49.1000,158014,
2026-01-13,TKA.DE,XETRA,10.7750,10.7800,10.3400,10.5900,2533630,
2026-01-13,TUI1.DE,XETRA,9.2600,9.2700,9.0780,9.1460,2693365,
2026-01-13,VOW3.DE,XETRA,102.7500,103.3000,101.2500,102.1000,789612,
2026-01-13,WAF.DE,XETRA,53.7500,54.6500,52.7500,54.0500,40169,
2026-01-13,ZAL.DE,XETRA,25.7500,26.8100,25.7500,26.3800,1691522,
2026-01-14,ADS.DE,XETRA,163.8000,165.1000,159.2000,160.1500,667427,
2026-01-14,AFX.DE,XETRA,41.2000,41.4000,39.7400,40.1000,204283,
2026-01-14,AIR.DE,XETRA,220.0500,221.2500,215.5000,215.5000,230326,
2026-01-14,AIXA.DE,XETRA,20.0000,20.0500,18.8650,18.9400,651964,
2026-01-14,ALV.DE,XETRA,377.0000,380.4000,376.0000,378.9000,650126,
2026-01-14,BAYN.DE,XETRA,39.4200,41.8200,39.3450,41.6700,6375949,
2026-01-14,BC8.DE,XETRA,44.3400,44.5600,43.2200,43.8400,120230,
2026-01-14,BMW.DE,XETRA,88.6200,91.9800,88.5600,90.8600,1102022,
2026-01-14,CBK.DE,XETRA,35.8600,36.2600,35.6700,36.0300,2445819,
2026-01-14,CON.DE,XETRA,67.8000,68.7400,67.4200,67.9400,588594,
2026-01-14,DBK.DE,XETRA,33.7500,33.7800,33.5250,33.6500,4982850,
2026-01-14,DHER.DE,XETRA,25.2000,25.5400,24.6100,25.5000,1174201,
2026-01-14,ENR.DE,XETRA,130.2500,131.1500,126.1500,126.1500,1929694,
2026-01-14,EOAN.DE,XETRA,16.8400,16.9850,16.7400,16.9350,3210876,
2026-01-14,EVT.DE,XETRA,6.6120,6.7300,6.2200,6.4060,709213,
2026-01-14,FRE.DE,XETRA,51.2200,51.9800,51.2000,51.9800,1699679,
2026-01-14,HAG.DE,XETRA,92.8000,92.8000,87.8000,90.7000,484571,
2026-01-14,HFG.DE,XETRA,5.8600,5.8620,5.7060,5.8340,649897,
2026-01-14,HNR1.DE,XETRA,240.4000,244.8000,239.4000,244.6000,181138,
2026-01-14,IFX.DE,XETRA,42.7200,42.8900,41.1800,41.4000,3476908,
2026-01-14,JEN.DE,XETRA,21.0000,21.1200,20.5600,20.9800,117029,
2026-01-14,KGX.DE,XETRA,64.7500,65.0000,63.5500,64.0000,335442,
2026-01-14,LHA.DE,XETRA,8.5220,8.5620,8.1920,8.2220,7429302,
2026-01-14,MBG.DE,XETRA,59.4600,61.1200,59.1100,60.7000,3140493,
2026-01-14,MRK.DE,XETRA,128.5000,129.9500,126.6000,127.0000,359194,
2026-01-14,MTX.DE,XETRA,388.0000,390.4000,381.2000,385.0000,128189,
2026-01-14,MUV2.DE,XETRA,515.0000,527.6000,512.8000,527.6000,379813,
2026-01-14,NDX1.DE,XETRA,32.2200,32.6400,31.7000,32.0800,592884,
2026-01-14,NEM.DE,XETRA,89.5500,90.0500,86.5000,86.5000,256675,
2026-01-14,P911.DE,XETRA,43.4200,44.5100,43.1300,43.6000,665232,
2026-01-14,PUM.DE,XETRA,22.6400,22.7600,22.0100,22.3400,1229642,
2026-01-14,QIA.DE,XETRA,40.4000,41.0900,40.2200,40.6900,836197,
2026-01-14,R3NK.DE,XETRA,65.0000,65.3000,60.3700,61.2600,950813,
2026-01-14,RHM.DE,XETRA,1904.0000,1907.5000,1853.0000,1899.0000,186138,
2026-01-14,RWE.DE,XETRA,49.2200,49.9300,48.9000,49.3600,2519379,
2026-01-14,S92.DE,XETRA,33.7800,33.9800,32.4800,32.8000,86089,
2026-01-14,SAP.DE,XETRA,213.0500,214.2000,206.1000,206.1000,1783626,
2026-01-14,SHL.DE,XETRA,46.8800,47.1600,46.6200,47.0500,1065318,
2026-01-14,SIE.DE,XETRA,262.7000,262.7000,257.4000,259.0500,1338665,
2026-01-14,SRT3.DE,XETRA,259.9000,260.7000,251.0000,252.2000,82720,
2026-01-14,SZG.DE,XETRA,49.0800,49.0800,45.8400,47.3000,196705,
2026-01-14,TKA.DE,XETRA,10.5000,10.5600,10.2800,10.4150,2062199,
2026-01-14,TUI1.DE,XETRA,9.1560,9.2500,8.9940,9.0260,3399039,
2026-01-14,VOW3.DE,XETRA,101.9500,104.7000,101.8000,103.7000,939308,
2026-01-14,WAF.DE,XETRA,55.6500,56.0000,52.5000,54.1000,48742,
2026-01-14,ZAL.DE,XETRA,26.4200,26.4300,25.2800,25.5100,1409665,
2026-01-15,ADS.DE,XETRA,163.7500,165.3000,161.1000,162.3500,595382,
2026-01-15,AFX.DE,XETRA,40.1000,40.3400,39.4400,39.6600,258568,
2026-01-15,AIR.DE,XETRA,215.5000,215.5500,212.8500,214.9500,211200,
2026-01-15,AIXA.DE,XETRA,19.3900,20.2900,19.3800,20.0200,840873,
2026-01-15,ALV.DE,XETRA,379.8000,383.0000,377.7000,382.1000,465516,
2026-01-15,BAYN.DE,XETRA,41.8100,42.2900,41.2700,42.0950,3739598,
2026-01-15,BC8.DE,XETRA,43.9000,44.0800,43.3400,43.9800,148887,
2026-01-15,BMW.DE,XETRA,90.4800,91.0000,89.1800,90.0800,1034728,
2026-01-15,CBK.DE,XETRA,36.4000,36.4100,34.9300,35.0200,3690976,
2026-01-15,CON.DE,XETRA,68.1400,68.1800,66.8600,67.5800,294354,
2026-01-15,DBK.DE,XETRA,33.7500,33.8850,33.4600,33.7150,6878289,
2026-01-15,DHER.DE,XETRA,25.3000,26.0100,24.9700,25.6500,1199786,
2026-01-15,ENR.DE,XETRA,126.6000,130.1500,126.5500,128.2000,2122396,
2026-01-15,EOAN.DE,XETRA,17.1750,17.2400,16.9450,17.2050,3833238,
2026-01-15,EVT.DE,XETRA,6.4540,6.4700,6.2180,6.3260,457526,
2026-01-15,FRE.DE,XETRA,51.7800,51.8000,49.1400,49.6500,1535097,
2026-01-15,HAG.DE,XETRA,89.5000,90.3500,88.2000,90.0000,272286,
2026-01-15,HFG.DE,XETRA,5.8700,5.9180,5.7940,5.8580,552401,
2026-01-15,HNR1.DE,XETRA,244.8000,245.6000,242.6000,243.8000,124556,
2026-01-15,IFX.DE,XETRA,41.8750,42.1400,41.2250,41.6050,3503510,
2026-01-15,JEN.DE,XETRA,21.1200,22.2200,21.0800,22.2200,377222,
2026-01-15,KGX.DE,XETRA,64.0000,64.8500,63.7000,64.8500,315480,
2026-01-15,LHA.DE,XETRA,8.4000,8.4600,8.3020,8.4480,3631100,
2026-01-15,MBG.DE,XETRA,60.3000,60.5700,58.9100,59.3400,2247947,
2026-01-15,MRK.DE,XETRA,127.6000,130.7500,127.2000,128.9000,395939,
2026-01-15,MTX.DE,XETRA,386.7000,388.9000,383.6000,385.9000,97340,
2026-01-15,MUV2.DE,XETRA,527.0000,528.2000,521.2000,524.0000,276800,
2026-01-15,NDX1.DE,XETRA,32.0600,32.1600,31.6600,31.7600,392343,
2026-01-15,NEM.DE,XETRA,86.8000,87.6000,83.8000,84.0500,353572,
2026-01-15,P911.DE,XETRA,43.4000,43.5800,42.4500,42.6700,644469,
2026-01-15,PUM.DE,XETRA,22.4400,22.8300,21.8100,21.8200,770286,
2026-01-15,QIA.DE,XETRA,40.6750,40.9350,40.2950,40.8200,474561,
2026-01-15,R3NK.DE,XETRA,60.5800,61.1900,59.5500,60.9500,697752,
2026-01-15,RHM.DE,XETRA,1886.0000,1920.0000,1872.5000,1913.5000,219265,
2026-01-15,RWE.DE,XETRA,49.9000,50.8400,49.4900,50.7600,2533638,
2026-01-15,S92.DE,XETRA,33.5800,33.7000,31.9200,33.2200,100325,
2026-01-15,SAP.DE,XETRA,206.4000,206.4000,203.1500,205.6000,1654581,
2026-01-15,SHL.DE,XETRA,47.1000,47.1000,46.6200,46.8000,757590,
2026-01-15,SIE.DE,XETRA,260.2000,261.9500,259.2500,260.8500,878625,
2026-01-15,SRT3.DE,XETRA,253.1000,259.7000,252.4000,259.7000,67976,
2026-01-15,SZG.DE,XETRA,48.6200,49.8000,46.8600,46.8800,145606,
2026-01-15,TKA.DE,XETRA,10.4750,10.5400,10.1750,10.3800,1856954,
2026-01-15,TUI1.DE,XETRA,9.0500,9.1240,8.9500,8.9840,2124989,
2026-01-15,VOW3.DE,XETRA,103.0500,103.4500,102.2500,102.8500,700603,
2026-01-15,WAF.DE,XETRA,56.1000,57.3000,55.1000,55.7500,87612,
2026-01-15,ZAL.DE,XETRA,25.5600,25.9600,25.2800,25.2800,1057911,
2026-01-16,ADS.DE,XETRA,162.4500,162.5000,159.5000,159.8500,531609,
2026-01-16,AFX.DE,XETRA,39.8000,39.9800,39.0600,39.4400,223948,
2026-01-16,AIR.DE,XETRA,215.7500,217.8500,215.6000,217.3000,193032,
2026-01-16,AIXA.DE,XETRA,20.0000,20.0600,19.5200,19.9650,481722,
2026-01-16,ALV.DE,XETRA,382.0000,383.4000,379.1000,380.6000,488813,
2026-01-16,BAYN.DE,XETRA,42.2000,42.3650,41.3150,41.5150,3408985,
2026-01-16,BC8.DE,XETRA,44.0400,44.9600,43.4800,44.9600,185644,
2026-01-16,BMW.DE,XETRA,90.2800,90.3800,88.3000,88.7200,999570,
2026-01-16,CBK.DE,XETRA,35.1100,35.3900,34.7800,34.9500,3211189,
2026-01-16,CON.DE,XETRA,68.2400,68.4000,66.0600,66.1000,547480,
2026-01-16,DBK.DE,XETRA,33.6100,33.7600,33.4150,33.5500,5670947,
2026-01-16,DHER.DE,XETRA,25.5900,25.8700,24.9500,25.4200,713613,
2026-01-16,ENR.DE,XETRA,130.7500,136.3000,130.3000,136.3000,3075776,
2026-01-16,EOAN.DE,XETRA,17.2300,17.4150,17.1500,17.4150,4613549,
2026-01-16,EVT.DE,XETRA,6.3260,6.4160,6.2740,6.3080,472677,
2026-01-16,FRE.DE,XETRA,49.6300,50.7200,49.6300,49.8300,689874,
2026-01-16,HAG.DE,XETRA,90.6000,93.1000,89.8000,92.8500,471386,
2026-01-16,HFG.DE,XETRA,5.8500,5.8900,5.6720,5.8480,881559,
2026-01-16,HNR1.DE,XETRA,242.8000,245.4000,242.0000,244.6000,102005,
2026-01-16,IFX.DE,XETRA,41.8950,42.5950,41.4450,41.9300,3361755,
2026-01-16,JEN.DE,XETRA,21.9400,22.4000,21.6800,22.4000,313220,
2026-01-16,KGX.DE,XETRA,64.9500,65.2500,63.7500,63.9000,277788,
2026-01-16,LHA.DE,XETRA,8.4480,8.4540,8.3340,8.3720,2284545,
2026-01-16,MBG.DE,XETRA,59.1900,59.2000,58.1900,58.8200,2284965,
2026-01-16,MRK.DE,XETRA,129.5000,130.3000,129.0000,130.0000,277074,
2026-01-16,MTX.DE,XETRA,386.3000,388.0000,381.8000,387.4000,111568,
2026-01-16,MUV2.DE,XETRA,522.6000,527.0000,520.8000,527.0000,291113,
2026-01-16,NDX1.DE,XETRA,31.8600,32.1400,30.9200,32.1400,2025463,
2026-01-16,NEM.DE,XETRA,83.8000,84.0500,81.9500,82.8000,251740,
2026-01-16,P911.DE,XETRA,42.7600,42.9900,42.0300,42.2100,893964,
2026-01-16,PUM.DE,XETRA,22.0000,22.2000,21.7900,21.9100,558439,
2026-01-16,QIA.DE,XETRA,41.3850,41.7100,40.9900,40.9900,694585,
2026-01-16,R3NK.DE,XETRA,61.0000,62.9000,60.0900,62.2800,770659,
2026-01-16,RHM.DE,XETRA,1914.5000,1935.0000,1900.5000,1902.0000,196525,
2026-01-16,RWE.DE,XETRA,50.7800,51.5800,50.7600,51.5000,2438841,
2026-01-16,S92.DE,XETRA,33.3800,33.8000,32.3000,33.7800,147392,
2026-01-16,SAP.DE,XETRA,203.5000,204.2000,199.5000,202.1500,2129166,
2026-01-16,SHL.DE,XETRA,46.9500,47.0200,46.3000,46.3000,654205,
2026-01-16,SIE.DE,XETRA,261.0500,261.2000,257.4500,260.2500,1082679,
2026-01-16,SRT3.DE,XETRA,261.1000,263.1000,259.0000,260.3000,73391,
2026-01-16,SZG.DE,XETRA,47.5800,48.1000,46.4400,46.5200,115591,
2026-01-16,TKA.DE,XETRA,10.5000,10.5600,10.2600,10.3200,2061297,
2026-01-16,TUI1.DE,XETRA,8.9800,9.0920,8.9220,9.0600,2623269,
2026-01-16,VOW3.DE,XETRA,102.8000,102.8000,100.4500,101.4000,927874,
2026-01-16,WAF.DE,XETRA,56.9500,56.9500,54.5000,55.2500,59911,
2026-01-16,ZAL.DE,XETRA,25.2500,26.1300,24.8200,25.7200,1878613,
2026-01-19,ADS.DE,XETRA,155.7500,156.6500,151.5500,151.5500,1018920,
2026-01-19,AFX.DE,XETRA,39.0000,39.1200,37.4800,37.5200,412552,
2026-01-19,AIR.DE,XETRA,213.8000,215.8000,208.5000,210.3500,280952,
2026-01-19,AIXA.DE,XETRA,19.5000,19.6800,19.1000,19.3150,481288,
2026-01-19,ALV.DE,XETRA,377.0000,380.2000,376.2000,379.3000,440116,
2026-01-19,BAYN.DE,XETRA,43.4000,44.9800,43.4000,44.4000,8425272,
2026-01-19,BC8.DE,XETRA,43.9800,44.1800,42.9200,43.2200,105978,
2026-01-19,BMW.DE,XETRA,84.3200,86.1600,82.4800,85.6800,1691447,
2026-01-19,CBK.DE,XETRA,34.0600,34.5400,33.4500,34.5400,3400134,
2026-01-19,CON.DE,XETRA,65.0000,65.7600,64.3600,65.7600,401850,
2026-01-19,DBK.DE,XETRA,32.7100,33.1500,32.2850,32.7000,8208400,
2026-01-19,DHER.DE,XETRA,25.0000,25.7000,24.9300,25.2600,506126,
2026-01-19,ENR.DE,XETRA,134.2000,134.8500,131.9000,134.1500,1292652,
2026-01-19,EOAN.DE,XETRA,17.5100,17.5800,17.4350,17.4350,3020267,
2026-01-19,EVT.DE,XETRA,6.1500,6.1880,6.0000,6.0000,582750,
2026-01-19,FRE.DE,XETRA,49.4200,49.4200,48.8600,49.3700,456822,
2026-01-19,HAG.DE,XETRA,94.0000,96.7000,92.2500,92.2500,561422,
2026-01-19,HFG.DE,XETRA,5.7100,5.7840,5.6620,5.7300,541345,
2026-01-19,HNR1.DE,XETRA,243.0000,245.6000,243.0000,244.0000,93644,
2026-01-19,IFX.DE,XETRA,40.9200,41.2200,40.3750,40.6350,3181623,
2026-01-19,JEN.DE,XETRA,21.4200,21.6000,21.0400,21.5200,167514,
2026-01-19,KGX.DE,XETRA,62.9000,63.1500,61.2500,63.1500,341302,
2026-01-19,LHA.DE,XETRA,8.2600,8.4780,8.2360,8.4280,2996870,
2026-01-19,MBG.DE,XETRA,56.3700,57.7600,54.8900,57.5400,2827641,
2026-01-19,MRK.DE,XETRA,127.7000,129.4500,127.1000,129.1000,281975,
2026-01-19,MTX.DE,XETRA,385.0000,387.2000,379.8000,380.5000,91687,
2026-01-19,MUV2.DE,XETRA,523.6000,527.2000,522.0000,524.0000,240678,
2026-01-19,NDX1.DE,XETRA,31.8600,32.6600,31.7000,32.2200,469255,
2026-01-19,NEM.DE,XETRA,80.8000,81.7000,79.9000,79.9000,203491,
2026-01-19,P911.DE,XETRA,40.8300,41.1900,40.1400,41.0800,1203000,
2026-01-19,PUM.DE,XETRA,21.2800,21.7400,20.9700,21.4900,614085,
2026-01-19,QIA.DE,XETRA,40.5650,40.6300,38.9000,39.2550,396290,
2026-01-19,R3NK.DE,XETRA,63.5000,65.8000,61.9900,61.9900,855173,
2026-01-19,RHM.DE,XETRA,1937.0000,1966.0000,1918.5000,1920.0000,287594,
2026-01-19,RWE.DE,XETRA,51.3400,51.7000,50.8600,51.6400,1205081,
2026-01-19,S92.DE,XETRA,32.9800,34.3000,32.6600,34.1000,118842,
2026-01-19,SAP.DE,XETRA,197.9400,199.3800,195.4800,195.9600,1653220,
2026-01-19,SHL.DE,XETRA,45.0200,45.0200,44.4500,44.6500,729576,
2026-01-19,SIE.DE,XETRA,252.5000,256.4500,251.0000,256.0000,1164779,
2026-01-19,SRT3.DE,XETRA,254.0000,255.9000,249.9000,253.5000,76715,
2026-01-19,SZG.DE,XETRA,45.9200,46.6800,45.5600,45.9800,92092,
2026-01-19,TKA.DE,XETRA,10.1600,10.4700,10.1050,10.3000,2112337,
2026-01-19,TUI1.DE,XETRA,8.8160,8.9960,8.7900,8.8300,2636112,
2026-01-19,VOW3.DE,XETRA,97.5000,99.1000,95.9000,98.6000,1205345,
2026-01-19,WAF.DE,XETRA,53.7000,53.7000,52.2500,52.5000,46570,
2026-01-19,ZAL.DE,XETRA,25.1000,25.5900,24.8300,25.4600,790505,
2026-01-20,ADS.DE,XETRA,151.3000,153.8000,150.4500,153.0000,572604,
2026-01-20,AFX.DE,XETRA,35.7800,36.1600,34.7200,35.4600,696226,
2026-01-20,AIR.DE,XETRA,209.2000,209.4000,205.2500,207.9500,294339,
2026-01-20,AIXA.DE,XETRA,19.0400,19.2450,18.8350,19.0450,485907,
2026-01-20,ALV.DE,XETRA,378.0000,378.0000,370.8000,373.7000,587142,
2026-01-20,BAYN.DE,XETRA,44.0000,44.3200,41.9800,42.9150,4341284,
2026-01-20,BC8.DE,XETRA,42.8000,42.8000,41.9000,42.3600,209531,
2026-01-20,BMW.DE,XETRA,85.4800,87.2000,84.8000,86.0800,1052952,
2026-01-20,CBK.DE,XETRA,34.1900,34.4900,34.0000,34.4200,2075445,
2026-01-20,CON.DE,XETRA,65.4400,65.6000,64.4800,64.9000,332386,
2026-01-20,DBK.DE,XETRA,32.5150,32.6200,32.1350,32.4050,5181534,
2026-01-20,DHER.DE,XETRA,25.0500,25.5300,23.4800,24.2300,1055377,
2026-01-20,ENR.DE,XETRA,132.1500,132.7500,128.2000,132.7000,2308564,
2026-01-20,EOAN.DE,XETRA,17.4250,17.4250,17.0650,17.0650,4400927,
2026-01-20,EVT.DE,XETRA,5.9880,5.9880,5.8200,5.8980,496424,
2026-01-20,FRE.DE,XETRA,49.1900,49.1900,46.6700,47.1200,1167104,
2026-01-20,HAG.DE,XETRA,91.5500,92.3500,88.9500,89.7500,545446,
2026-01-20,HFG.DE,XETRA,5.6840,5.7560,5.3680,5.3700,1341370,
2026-01-20,HNR1.DE,XETRA,244.2000,244.8000,241.4000,242.4000,160327,
2026-01-20,IFX.DE,XETRA,40.1200,40.6400,39.6250,40.4750,3510550,
2026-01-20,JEN.DE,XETRA,21.3600,21.7400,21.1400,21.5800,163605,
2026-01-20,KGX.DE,XETRA,62.4500,63.2000,61.5500,62.9500,250137,
2026-01-20,LHA.DE,XETRA,8.4020,8.4100,8.2460,8.3540,3528482,
2026-01-20,MBG.DE,XETRA,57.4000,57.9400,56.7300,56.8500,2336944,
2026-01-20,MRK.DE,XETRA,128.5500,128.5500,124.9500,125.5500,651867,
2026-01-20,MTX.DE,XETRA,378.6000,385.1000,375.4000,384.5000,157772,
2026-01-20,MUV2.DE,XETRA,524.2000,527.0000,519.0000,523.6000,385691,
2026-01-20,NDX1.DE,XETRA,32.0200,32.3000,31.3000,31.6400,590149,
2026-01-20,NEM.DE,XETRA,79.2000,79.9000,75.9000,75.9000,264462,
2026-01-20,P911.DE,XETRA,40.8300,41.5400,40.4800,41.4600,957172,
2026-01-20,PUM.DE,XETRA,21.4800,21.8000,20.9200,21.4900,1012871,
2026-01-20,QIA.DE,XETRA,39.2500,44.1100,39.2000,44.1100,1371519,
2026-01-20,R3NK.DE,XETRA,62.0000,62.0000,59.7100,60.7400,686130,
2026-01-20,RHM.DE,XETRA,1923.0000,1928.5000,1871.5000,1909.0000,203121,
2026-01-20,RWE.DE,XETRA,51.3400,51.3400,50.5000,51.0200,1663378,
2026-01-20,S92.DE,XETRA,33.8200,34.2000,32.5800,34.1200,89035,
2026-01-20,SAP.DE,XETRA,192.8800,194.5400,190.1000,194.0000,2510708,
2026-01-20,SHL.DE,XETRA,44.6200,44.7400,44.2400,44.5200,677875,
2026-01-20,SIE.DE,XETRA,253.5000,255.8000,250.0000,253.7000,1517796,
2026-01-20,SRT3.DE,XETRA,250.5000,254.6000,246.1000,254.4000,77181,
2026-01-20,SZG.DE,XETRA,47.4600,49.8200,46.3800,46.6200,363270,
2026-01-20,TKA.DE,XETRA,10.2600,10.2950,9.9300,10.0050,2331154,
2026-01-20,TUI1.DE,XETRA,8.8000,8.8180,8.5980,8.7080,4543612,
2026-01-20,VOW3.DE,XETRA,98.5200,99.1000,96.9000,97.3600,785549,
2026-01-20,WAF.DE,XETRA,52.1000,52.1500,49.5000,50.9000,119731,
2026-01-20,ZAL.DE,XETRA,25.3200,25.3500,24.3700,24.7500,1652090,
2026-01-21,ADS.DE,XETRA,152.7500,154.2500,151.1000,152.4500,494619,
2026-01-21,AFX.DE,XETRA,35.8000,36.0000,34.7000,35.2000,369235,
2026-01-21,AIR.DE,XETRA,208.5000,208.6500,205.2500,207.3000,241143,
2026-01-21,AIXA.DE,XETRA,20.4000,21.3000,19.5050,21.1700,1114301,
2026-01-21,ALV.DE,XETRA,371.2000,372.5000,365.6000,368.1000,585585,
2026-01-21,BAYN.DE,XETRA,42.8000,42.8250,41.8600,42.6850,2865446,
2026-01-21,BC8.DE,XETRA,42.4000,42.4000,41.3400,42.0600,163550,
2026-01-21,BMW.DE,XETRA,86.6200,87.5600,85.8800,86.7400,786284,
2026-01-21,CBK.DE,XETRA,34.3700,34.4000,33.4700,34.2600,2101042,
2026-01-21,CON.DE,XETRA,65.5400,65.8400,61.9600,64.4200,823024,
2026-01-21,DBK.DE,XETRA,32.1400,32.3700,31.3550,32.1100,5789521,
2026-01-21,DHER.DE,XETRA,24.1200,24.4000,23.6700,24.1300,420320,
2026-01-21,ENR.DE,XETRA,133.3000,133.3000,129.4500,133.0000,2014621,
2026-01-21,EOAN.DE,XETRA,17.0000,17.0400,16.8700,16.9250,2873132,
2026-01-21,EVT.DE,XETRA,5.9180,5.9660,5.7300,5.9260,446795,
2026-01-21,FRE.DE,XETRA,46.7500,47.9300,46.7000,47.6400,836852,
2026-01-21,HAG.DE,XETRA,90.0500,91.0000,86.1000,87.0500,512352,
2026-01-21,HFG.DE,XETRA,5.3720,5.4300,5.1960,5.3680,1160229,
2026-01-21,HNR1.DE,XETRA,240.2000,241.2000,236.6000,236.8000,190205,
2026-01-21,IFX.DE,XETRA,40.4750,41.2600,39.8450,41.0800,3041771,
2026-01-21,JEN.DE,XETRA,21.7800,22.1400,21.1000,21.8000,130704,
2026-01-21,KGX.DE,XETRA,62.8500,63.9000,62.0500,63.5000,264504,
2026-01-21,LHA.DE,XETRA,8.4000,8.7080,8.3980,8.6420,4087728,
2026-01-21,MBG.DE,XETRA,57.3800,58.0500,56.7800,57.7600,2169093,
2026-01-21,MRK.DE,XETRA,126.2000,126.4000,123.4500,124.1000,303351,
2026-01-21,MTX.DE,XETRA,384.1000,384.1000,376.9000,380.0000,139170,
2026-01-21,MUV2.DE,XETRA,518.6000,521.0000,507.2000,507.2000,379513,
2026-01-21,NDX1.DE,XETRA,31.9000,31.9400,31.1600,31.6600,366774,
2026-01-21,NEM.DE,XETRA,75.6000,76.1500,72.8000,74.3000,393238,
2026-01-21,P911.DE,XETRA,41.2400,42.0600,41.1000,41.5400,672403,
2026-01-21,PUM.DE,XETRA,21.4000,21.7700,20.8100,21.4300,801680,
2026-01-21,QIA.DE,XETRA,47.3000,47.3000,44.8950,46.2500,3606653,
2026-01-21,R3NK.DE,XETRA,60.7500,61.1600,58.3100,58.7200,803565,
2026-01-21,RHM.DE,XETRA,1904.5000,1917.0000,1836.5000,1853.5000,247607,
2026-01-21,RWE.DE,XETRA,51.0000,51.8000,50.8800,51.7000,1807957,
2026-01-21,S92.DE,XETRA,33.9000,34.5800,32.8000,34.1200,109883,
2026-01-21,SAP.DE,XETRA,193.7400,194.4000,188.9400,191.0400,2402017,
2026-01-21,SHL.DE,XETRA,44.3400,44.4300,43.1500,43.6300,1097005,
2026-01-21,SIE.DE,XETRA,253.7000,254.6000,249.9000,253.1000,1100860,
2026-01-21,SRT3.DE,XETRA,256.0000,256.7000,246.1000,252.5000,93399,
2026-01-21,SZG.DE,XETRA,47.7000,48.0600,46.5400,48.0200,187898,
2026-01-21,TKA.DE,XETRA,10.2200,10.6650,10.0100,10.4800,3886259,
2026-01-21,TUI1.DE,XETRA,8.7260,8.9920,8.7180,8.8900,2287280,
2026-01-21,VOW3.DE,XETRA,97.7000,99.6400,97.3200,98.8600,921856,
2026-01-21,WAF.DE,XETRA,51.0000,52.6500,49.3600,52.6000,66491,
2026-01-21,ZAL.DE,XETRA,24.6400,24.7000,24.1400,24.3900,1027947,
2026-01-22,ADS.DE,XETRA,156.0000,156.6000,151.9000,152.4500,822758,
2026-01-22,AFX.DE,XETRA,36.3800,36.4000,28.9400,29.3400,3026348,
2026-01-22,AIR.DE,XETRA,207.7000,210.1000,205.8500,206.8000,266121,
2026-01-22,AIXA.DE,XETRA,21.5700,21.6500,20.5900,20.7700,683405,
2026-01-22,ALV.DE,XETRA,372.2000,373.8000,369.2000,370.0000,618576,
2026-01-22,BAYN.DE,XETRA,43.0000,44.2800,42.7750,44.1650,3376723,
2026-01-22,BC8.DE,XETRA,42.8600,44.5400,42.8200,43.9800,301971,
2026-01-22,BMW.DE,XETRA,90.0600,90.1800,87.1600,87.9200,1153938,
2026-01-22,CBK.DE,XETRA,34.6800,35.3000,34.5500,34.9200,3000877,
2026-01-22,CON.DE,XETRA,65.8000,66.5400,65.4800,66.1000,326367,
2026-01-22,DBK.DE,XETRA,32.6350,33.4000,32.6350,33.4000,5868636,
2026-01-22,DHER.DE,XETRA,24.3800,25.4200,24.1000,25.4200,697362,
2026-01-22,ENR.DE,XETRA,137.5500,138.2500,134.1500,137.5000,3250624,
2026-01-22,EOAN.DE,XETRA,16.9850,17.2300,16.8250,16.9950,3987222,
2026-01-22,EVT.DE,XETRA,6.0360,6.2500,6.0060,6.1900,562487,
2026-01-22,FRE.DE,XETRA,48.1600,48.7500,47.8600,48.4700,889446,
2026-01-22,HAG.DE,XETRA,84.8500,86.2500,82.5000,83.6000,566358,
2026-01-22,HFG.DE,XETRA,5.4940,5.6500,5.4800,5.5600,939142,
2026-01-22,HNR1.DE,XETRA,239.6000,241.8000,235.4000,235.4000,258114,
2026-01-22,IFX.DE,XETRA,42.1700,43.0850,41.6050,42.5850,5157635,
2026-01-22,JEN.DE,XETRA,22.3800,22.6600,22.1000,22.5200,199905,
2026-01-22,KGX.DE,XETRA,64.4500,65.6500,64.4000,65.6500,249904,
2026-01-22,LHA.DE,XETRA,8.8020,9.0400,8.8020,8.9740,6304295,
2026-01-22,MBG.DE,XETRA,59.5000,60.1100,57.9900,58.8100,3303292,
2026-01-22,MRK.DE,XETRA,125.7500,128.6000,125.5000,128.4000,298052,
2026-01-22,MTX.DE,XETRA,380.5000,387.3000,373.6000,377.0000,145234,
2026-01-22,MUV2.DE,XETRA,513.6000,517.4000,509.4000,510.8000,372968,
2026-01-22,NDX1.DE,XETRA,31.7400,33.3200,31.7400,33.0200,637239,
2026-01-22,NEM.DE,XETRA,74.8000,76.7500,74.1000,76.7500,319380,
2026-01-22,P911.DE,XETRA,43.0500,43.3000,41.9200,42.5600,629394,
2026-01-22,PUM.DE,XETRA,21.7500,22.0800,21.3400,21.5400,597724,
2026-01-22,QIA.DE,XETRA,46.5850,47.5950,46.1250,46.1250,1233993,
2026-01-22,R3NK.DE,XETRA,57.9200,59.1700,56.2000,57.5000,644683,
2026-01-22,RHM.DE,XETRA,1797.0000,1822.0000,1759.0000,1790.5000,348717,
2026-01-22,RWE.DE,XETRA,52.0000,52.8800,50.2000,51.3000,2411401,
2026-01-22,S92.DE,XETRA,34.6800,38.2200,34.6800,38.2200,227321,
2026-01-22,SAP.DE,XETRA,191.5000,192.2200,187.3200,189.8400,3492201,
2026-01-22,SHL.DE,XETRA,44.9100,45.0000,44.0000,44.1100,881884,
2026-01-22,SIE.DE,XETRA,255.8000,259.8500,255.0500,258.0000,1197347,
2026-01-22,SRT3.DE,XETRA,256.3000,262.8000,255.1000,261.4000,84727,
2026-01-22,SZG.DE,XETRA,46.4800,49.8800,46.2400,49.8800,255267,
2026-01-22,TKA.DE,XETRA,10.6600,11.1900,10.5400,10.9450,3580605,
2026-01-22,TUI1.DE,XETRA,9.0520,9.3060,8.9900,9.2960,3963630,
2026-01-22,VOW3.DE,XETRA,103.5500,105.3000,103.0500,105.3000,1956641,
2026-01-22,WAF.DE,XETRA,53.3500,55.6500,53.1000,54.6500,58597,
2026-01-22,ZAL.DE,XETRA,24.7700,25.0900,24.5900,24.9900,926392,
2026-01-23,ADS.DE,XETRA,150.0000,150.5000,142.5500,143.7500,1679325,
2026-01-23,AFX.DE,XETRA,29.8000,30.0000,28.3600,28.3600,1187534,
2026-01-23,AIR.DE,XETRA,205.2000,207.9500,205.2000,206.7000,268486,
2026-01-23,AIXA.DE,XETRA,20.7400,21.4000,20.3900,21.1800,643373,
2026-01-23,ALV.DE,XETRA,369.6000,371.3000,361.9000,363.9000,742516,
2026-01-23,BAYN.DE,XETRA,44.1000,44.9850,43.9850,44.5550,2466738,
2026-01-23,BC8.DE,XETRA,43.8200,44.0200,43.2000,43.7000,136062,
2026-01-23,BMW.DE,XETRA,87.1600,88.3000,87.0000,87.6200,570520,
2026-01-23,CBK.DE,XETRA,34.8800,34.9000,34.3800,34.3900,1541654,
2026-01-23,CON.DE,XETRA,65.4000,67.0000,65.4000,67.0000,413519,
2026-01-23,DBK.DE,XETRA,33.3150,33.3300,32.8000,32.8850,3378373,
2026-01-23,DHER.DE,XETRA,25.3200,25.8600,25.0500,25.7200,760081,
2026-01-23,ENR.DE,XETRA,140.0000,143.1500,139.4000,141.7500,3441070,
2026-01-23,EOAN.DE,XETRA,16.9450,16.9900,16.8100,16.9500,3564106,
2026-01-23,EVT.DE,XETRA,6.1700,6.2760,6.0780,6.1600,373449,
2026-01-23,FRE.DE,XETRA,48.5000,48.5100,48.0400,48.3700,557287,
2026-01-23,HAG.DE,XETRA,83.2000,87.7000,83.2000,87.5500,485388,
2026-01-23,HFG.DE,XETRA,5.6000,5.6520,5.4820,5.5600,483999,
2026-01-23,HNR1.DE,XETRA,235.4000,236.2000,233.0000,234.4000,153914,
2026-01-23,IFX.DE,XETRA,42.1000,43.0000,41.8400,42.2950,3435656,
2026-01-23,JEN.DE,XETRA,22.6800,22.7000,22.2000,22.5800,152914,
2026-01-23,KGX.DE,XETRA,65.4000,65.7000,64.6500,65.4000,210900,
2026-01-23,LHA.DE,XETRA,8.9420,8.9420,8.6880,8.8040,4580956,
2026-01-23,MBG.DE,XETRA,58.3500,58.8700,58.0600,58.3000,1773861,
2026-01-23,MRK.DE,XETRA,128.3000,128.5000,126.4000,127.7000,218684,
2026-01-23,MTX.DE,XETRA,375.0000,378.0000,373.6000,378.0000,97055,
2026-01-23,MUV2.DE,XETRA,509.8000,513.2000,507.2000,507.6000,337909,
2026-01-23,NDX1.DE,XETRA,33.3200,33.6600,32.9800,33.4600,499335,
2026-01-23,NEM.DE,XETRA,77.9500,77.9500,75.9500,77.7500,371595,
2026-01-23,P911.DE,XETRA,42.0900,42.5600,41.7500,42.3200,477324,
2026-01-23,PUM.DE,XETRA,21.4100,21.4700,18.2800,18.5000,3751919,
2026-01-23,QIA.DE,XETRA,45.4350,46.1450,45.3600,46.1300,894329,
2026-01-23,R3NK.DE,XETRA,57.1500,59.7600,56.5300,59.4500,954859,
2026-01-23,RHM.DE,XETRA,1750.0000,1844.0000,1750.0000,1830.0000,260828,
2026-01-23,RWE.DE,XETRA,51.2600,51.8200,50.9800,51.5600,1459870,
2026-01-23,S92.DE,XETRA,38.0400,38.8400,37.0200,38.7600,141496,
2026-01-23,SAP.DE,XETRA,194.3000,199.5000,191.7200,197.9200,2762755,
2026-01-23,SHL.DE,XETRA,44.0100,44.1100,43.0500,43.3000,1088934,
2026-01-23,SIE.DE,XETRA,257.4500,257.4500,253.6500,254.4000,1054256,
2026-01-23,SRT3.DE,XETRA,261.0000,261.6000,256.3000,258.8000,91836,
2026-01-23,SZG.DE,XETRA,49.5200,50.1500,48.3800,49.8400,137179,
2026-01-23,TKA.DE,XETRA,10.9500,11.4600,10.8700,11.3100,3043518,
2026-01-23,TUI1.DE,XETRA,9.2520,9.2640,9.0420,9.1480,0,
2026-01-23,VOW3.DE,XETRA,104.1000,106.1500,104.1000,105.5000,897495,
2026-01-23,WAF.DE,XETRA,54.2000,54.2000,53.1000,53.4000,47652,
2026-01-23,ZAL.DE,XETRA,24.7600,24.8400,23.7200,23.9600,2104464,
2026-01-26,ADS.DE,XETRA,144.0000,147.3000,144.0000,146.9500,532166,
2026-01-26,AFX.DE,XETRA,28.0400,28.9200,27.6600,28.7800,812554,
2026-01-26,AIR.DE,XETRA,206.1500,206.1500,201.9000,202.3500,253289,
2026-01-26,AIXA.DE,XETRA,21.0200,21.0400,20.3200,20.8700,700719,
2026-01-26,ALV.DE,XETRA,366.0000,367.1000,363.3000,365.4000,440808,
2026-01-26,BAYN.DE,XETRA,44.6000,46.5000,44.5550,46.3650,4327681,
2026-01-26,BC8.DE,XETRA,43.7200,44.4200,43.4400,44.3600,121017,
2026-01-26,BMW.DE,XETRA,87.6000,88.2600,87.2600,87.4800,492958,
2026-01-26,CBK.DE,XETRA,34.5900,35.5000,34.4700,34.8700,2390540,
2026-01-26,CON.DE,XETRA,67.0000,67.4400,66.7800,67.1000,310123,
2026-01-26,DBK.DE,XETRA,33.0000,33.4350,33.0000,33.1550,4616337,
2026-01-26,DHER.DE,XETRA,26.1300,27.2600,25.7000,26.5000,1205332,
2026-01-26,ENR.DE,XETRA,140.7500,143.0000,139.4000,140.8500,2471366,
2026-01-26,EOAN.DE,XETRA,17.0250,17.4150,17.0000,17.3400,3623467,
2026-01-26,EVT.DE,XETRA,6.1540,6.2240,6.0960,6.2080,625993,
2026-01-26,FRE.DE,XETRA,48.3700,48.3800,47.5000,48.0700,527931,
2026-01-26,HAG.DE,XETRA,88.1000,89.3000,83.4000,84.5500,292982,
2026-01-26,HFG.DE,XETRA,5.5960,5.7980,5.5540,5.7660,829127,
2026-01-26,HNR1.DE,XETRA,236.0000,237.4000,233.0000,237.0000,123419,
2026-01-26,IFX.DE,XETRA,42.2250,42.6550,41.7200,41.8550,2800873,
2026-01-26,JEN.DE,XETRA,22.5600,22.5800,22.0200,22.3000,149146,
2026-01-26,KGX.DE,XETRA,63.3000,63.9000,62.0000,62.8500,334527,
2026-01-26,LHA.DE,XETRA,8.7660,8.8180,8.6440,8.7700,3119050,
2026-01-26,MBG.DE,XETRA,58.1000,58.7600,57.9200,57.9200,1364803,
2026-01-26,MRK.DE,XETRA,127.1500,128.4000,126.9000,128.4000,183371,
2026-01-26,MTX.DE,XETRA,378.6000,378.8000,370.7000,372.3000,72380,
2026-01-26,MUV2.DE,XETRA,509.0000,510.4000,504.2000,506.8000,306536,
2026-01-26,NDX1.DE,XETRA,33.2400,33.9400,33.1800,33.7400,376800,
2026-01-26,NEM.DE,XETRA,83.0000,83.0000,78.4500,81.4000,464636,
2026-01-26,P911.DE,XETRA,42.2200,43.2200,42.0900,42.2400,404902,
2026-01-26,PUM.DE,XETRA,18.6800,21.9400,18.2950,21.6300,3599890,
2026-01-26,QIA.DE,XETRA,46.6500,47.2850,46.3250,46.4300,572036,
2026-01-26,R3NK.DE,XETRA,60.1200,60.4600,56.6800,57.4800,633785,
2026-01-26,RHM.DE,XETRA,1856.0000,1859.5000,1777.5000,1791.0000,171471,
2026-01-26,RWE.DE,XETRA,51.5000,52.3200,51.4600,52.1400,1212107,
2026-01-26,S92.DE,XETRA,38.3000,38.8000,36.2000,37.5200,107652,
2026-01-26,SAP.DE,XETRA,196.3000,201.1000,194.8400,200.9500,1659316,
2026-01-26,SHL.DE,XETRA,43.3000,43.6200,43.2600,43.2900,880867,
2026-01-26,SIE.DE,XETRA,253.3000,254.9000,252.5000,254.5500,793492,
2026-01-26,SRT3.DE,XETRA,255.9000,261.2000,254.2000,260.0000,65090,
2026-01-26,SZG.DE,XETRA,49.9400,50.7000,49.4400,49.6800,159311,
2026-01-26,TKA.DE,XETRA,11.2900,11.3600,11.0300,11.0600,2351553,
2026-01-26,TUI1.DE,XETRA,9.2200,9.2420,8.9880,9.2420,1866355,
2026-01-26,VOW3.DE,XETRA,104.9000,105.4500,103.8000,104.1500,642626,
2026-01-26,WAF.DE,XETRA,53.2500,54.6000,53.0000,54.6000,31663,
2026-01-26,ZAL.DE,XETRA,23.9300,24.0400,23.4000,23.6500,1259627,
2026-01-27,ADS.DE,XETRA,147.9500,149.0500,145.0500,147.0500,635477,
2026-01-27,AFX.DE,XETRA,29.1000,29.2000,27.4600,27.7000,869841,
2026-01-27,AIR.DE,XETRA,203.1500,203.5500,199.2800,199.3600,305252,
2026-01-27,AIXA.DE,XETRA,21.0100,21.3500,20.7500,21.0000,440809,
2026-01-27,ALV.DE,XETRA,367.3000,369.4000,365.1000,365.3000,354205,
2026-01-27,BAYN.DE,XETRA,46.3100,46.7350,45.6950,46.7350,3380805,
2026-01-27,BC8.DE,XETRA,44.7200,44.8000,44.1000,44.5000,100475,
2026-01-27,BMW.DE,XETRA,87.4000,87.4600,86.2600,86.8000,787970,
2026-01-27,CBK.DE,XETRA,34.9700,35.6400,34.8400,35.6400,3047221,
2026-01-27,CON.DE,XETRA,66.8600,67.2600,66.4000,67.2000,289230,
2026-01-27,DBK.DE,XETRA,33.2450,33.5550,33.1150,33.5300,7121149,
2026-01-27,DHER.DE,XETRA,26.6500,27.2100,25.9600,26.7800,1046446,
2026-01-27,ENR.DE,XETRA,142.4000,143.4500,140.5000,142.2000,1906225,
2026-01-27,EOAN.DE,XETRA,17.6000,17.6300,17.3300,17.6300,4222298,
2026-01-27,EVT.DE,XETRA,6.1980,6.2500,6.1260,6.1680,274661,
2026-01-27,FRE.DE,XETRA,47.8200,49.5300,47.8200,49.5300,994985,
2026-01-27,HAG.DE,XETRA,85.5000,87.1000,84.1000,87.0000,249647,
2026-01-27,HFG.DE,XETRA,5.7980,5.7980,5.5120,5.6740,775036,
2026-01-27,HNR1.DE,XETRA,238.0000,239.0000,235.8000,236.8000,129999,
2026-01-27,IFX.DE,XETRA,42.2500,42.7650,41.7450,42.3200,2545467,
2026-01-27,JEN.DE,XETRA,22.4800,22.4800,21.9400,22.3400,104861,
2026-01-27,KGX.DE,XETRA,62.7000,63.0500,62.2000,62.5000,246450,
2026-01-27,LHA.DE,XETRA,8.7500,8.7780,8.6660,8.7380,3337625,
2026-01-27,MBG.DE,XETRA,57.8800,57.9400,56.7600,56.9300,2587541,
2026-01-27,MRK.DE,XETRA,128.5500,129.2500,127.4500,128.4500,211216,
2026-01-27,MTX.DE,XETRA,374.3000,380.6000,368.4000,379.4000,167930,
2026-01-27,MUV2.DE,XETRA,508.4000,514.8000,506.4000,511.0000,425343,
2026-01-27,NDX1.DE,XETRA,34.0000,34.3800,33.5000,34.3000,470484,
2026-01-27,NEM.DE,XETRA,81.5500,82.7000,75.7000,76.7500,391910,
2026-01-27,P911.DE,XETRA,42.5000,42.5000,41.7700,41.9800,481456,
2026-01-27,PUM.DE,XETRA,25.9800,26.2100,21.7200,23.5800,7306136,
2026-01-27,QIA.DE,XETRA,45.8650,46.2150,45.2950,45.4850,660602,
2026-01-27,R3NK.DE,XETRA,57.7200,58.6500,56.9700,58.3100,357353,
2026-01-27,RHM.DE,XETRA,1808.5000,1850.0000,1789.0000,1850.0000,124829,
2026-01-27,RWE.DE,XETRA,52.5000,52.9200,51.9400,52.8200,1264858,
2026-01-27,S92.DE,XETRA,37.9200,38.7000,37.1400,38.7000,65474,
2026-01-27,SAP.DE,XETRA,201.6000,203.0000,194.2600,195.5400,1900259,
2026-01-27,SHL.DE,XETRA,43.3600,43.4300,42.9100,43.2000,814071,
2026-01-27,SIE.DE,XETRA,253.8000,255.6500,252.8000,253.4000,980251,
2026-01-27,SRT3.DE,XETRA,261.5000,261.6000,253.8000,256.2000,50404,
2026-01-27,SZG.DE,XETRA,49.4400,49.5200,46.1400,46.9400,184193,
2026-01-27,TKA.DE,XETRA,11.0100,11.0800,10.7800,11.0800,2859609,
2026-01-27,TUI1.DE,XETRA,9.2000,9.2000,8.9720,9.0900,2871894,
2026-01-27,VOW3.DE,XETRA,104.2500,104.3500,102.3000,102.3000,618496,
2026-01-27,WAF.DE,XETRA,55.0000,55.3500,53.8000,54.6500,53048,
2026-01-27,ZAL.DE,XETRA,23.7600,24.0600,23.5400,24.0600,1137325,
2026-01-28,ADS.DE,XETRA,146.0000,147.5000,144.5500,144.5500,501467,
2026-01-28,AFX.DE,XETRA,27.2800,29.0600,27.1000,28.8000,745777,
2026-01-28,AIR.DE,XETRA,197.8200,198.7000,191.4000,195.0200,534126,
2026-01-28,AIXA.DE,XETRA,21.7000,21.7500,19.4350,19.6700,1193282,
2026-01-28,ALV.DE,XETRA,365.1000,368.3000,364.5000,367.9000,391058,
2026-01-28,BAYN.DE,XETRA,46.1000,46.1600,45.1050,45.1900,3115288,
2026-01-28,BC8.DE,XETRA,44.5000,44.8200,43.8800,44.5200,92556,
2026-01-28,BMW.DE,XETRA,86.4600,87.8000,85.7000,87.0000,1415012,
2026-01-28,CBK.DE,XETRA,35.4100,35.5000,34.5600,35.1500,3000340,
2026-01-28,CON.DE,XETRA,67.5600,68.8000,66.5600,66.5600,542338,
2026-01-28,DBK.DE,XETRA,33.6300,33.6550,32.2300,32.8650,11419185,
2026-01-28,DHER.DE,XETRA,26.5500,26.6100,25.4700,25.8700,1232501,
2026-01-28,ENR.DE,XETRA,145.0000,148.0500,141.1500,142.5000,2287454,
2026-01-28,EOAN.DE,XETRA,17.6000,17.8200,17.4150,17.7950,3675248,
2026-01-28,EVT.DE,XETRA,6.2160,6.4620,6.1480,6.4180,1073592,
2026-01-28,FRE.DE,XETRA,49.1000,49.1300,47.5700,47.6500,850531,
2026-01-28,HAG.DE,XETRA,87.9500,88.4500,85.8500,86.6000,231842,
2026-01-28,HFG.DE,XETRA,5.7000,5.8200,5.6760,5.7520,1051706,
2026-01-28,HNR1.DE,XETRA,236.4000,236.8000,234.4000,236.2000,102786,
2026-01-28,IFX.DE,XETRA,45.2000,45.6000,42.9650,43.4200,6750235,
2026-01-28,JEN.DE,XETRA,24.5200,26.0800,23.8000,24.3200,898875,
2026-01-28,KGX.DE,XETRA,62.3000,63.4000,62.2000,63.3000,230855,
2026-01-28,LHA.DE,XETRA,8.6400,8.7340,8.5740,8.6820,2744480,
2026-01-28,MBG.DE,XETRA,56.4000,57.6300,55.9500,57.4100,1761238,
2026-01-28,MRK.DE,XETRA,127.5500,127.8500,125.2000,127.0500,257831,
2026-01-28,MTX.DE,XETRA,380.0000,380.8000,366.1000,371.3000,118226,
2026-01-28,MUV2.DE,XETRA,508.4000,512.2000,504.6000,507.6000,319315,
2026-01-28,NDX1.DE,XETRA,34.5000,34.7200,34.0400,34.3800,423463,
2026-01-28,NEM.DE,XETRA,76.8000,77.6000,75.7500,76.5500,256878,
2026-01-28,P911.DE,XETRA,41.6600,41.8600,41.0400,41.1000,814616,
2026-01-28,PUM.DE,XETRA,23.7600,24.2700,23.3100,23.3500,1872704,
2026-01-28,QIA.DE,XETRA,45.1300,45.3500,44.4450,44.7150,504376,
2026-01-28,R3NK.DE,XETRA,58.5000,58.9600,57.3800,57.8300,372516,
2026-01-28,RHM.DE,XETRA,1851.0000,1860.5000,1818.5000,1845.0000,138481,
2026-01-28,RWE.DE,XETRA,53.0000,53.3600,52.4000,52.9400,1132369,
2026-01-28,S92.DE,XETRA,38.8200,39.1000,37.1800,37.9600,59919,
2026-01-28,SAP.DE,XETRA,195.5000,198.3800,194.3400,196.1400,1635649,
2026-01-28,SHL.DE,XETRA,43.0000,43.2000,42.3800,42.4700,1292021,
2026-01-28,SIE.DE,XETRA,252.8500,255.5000,250.0500,250.9000,1032033,
2026-01-28,SRT3.DE,XETRA,256.4000,256.5000,242.0000,250.3000,159581,
2026-01-28,SZG.DE,XETRA,47.7000,47.7400,45.8000,47.0000,196887,
2026-01-28,TKA.DE,XETRA,11.2300,11.4950,11.0100,11.2950,2454665,
2026-01-28,TUI1.DE,XETRA,9.0600,9.0600,8.8720,8.9740,2215841,
2026-01-28,VOW3.DE,XETRA,101.8000,103.6000,101.2000,102.8500,479594,
2026-01-28,WAF.DE,XETRA,55.6500,56.9500,54.8000,55.8500,114282,
2026-01-28,ZAL.DE,XETRA,24.0600,24.2700,23.8000,24.1100,926495,
2026-01-29,ADS.DE,XETRA,146.0000,147.6000,143.4500,143.5000,550894,
2026-01-29,AFX.DE,XETRA,29.2000,29.4200,27.9800,28.0400,300737,
2026-01-29,AIR.DE,XETRA,196.1800,197.2600,192.8400,193.9400,231207,
2026-01-29,AIXA.DE,XETRA,20.1400,20.1800,19.1200,19.4250,601675,
2026-01-29,ALV.DE,XETRA,369.3000,372.9000,367.6000,369.3000,480158,
2026-01-29,BAYN.DE,XETRA,45.1400,45.1850,44.0150,44.0150,3957432,
2026-01-29,BC8.DE,XETRA,44.0600,44.5000,42.8800,42.8800,147356,
2026-01-29,BMW.DE,XETRA,88.0200,88.5800,86.8000,87.1200,889569,
2026-01-29,CBK.DE,XETRA,35.2500,35.2500,34.4200,34.6000,1935917,
2026-01-29,CON.DE,XETRA,66.9000,67.7000,66.5400,67.1000,410546,
2026-01-29,DBK.DE,XETRA,32.4250,33.3650,31.9250,32.4550,8426593,
2026-01-29,DHER.DE,XETRA,26.0000,26.0800,24.4700,24.7000,903195,
2026-01-29,ENR.DE,XETRA,146.6000,149.4500,140.9500,143.1000,2789010,
2026-01-29,EOAN.DE,XETRA,17.9500,17.9500,17.7400,17.8300,3749157,
2026-01-29,EVT.DE,XETRA,6.4780,6.4780,6.2000,6.2680,874648,
2026-01-29,FRE.DE,XETRA,47.9000,47.9000,46.5600,46.6700,855950,
2026-01-29,HAG.DE,XETRA,86.9500,87.5000,84.3000,84.5500,253916,
2026-01-29,HFG.DE,XETRA,5.7900,5.8060,5.6300,5.6760,567356,
2026-01-29,HNR1.DE,XETRA,238.2000,239.2000,236.2000,237.8000,107031,
2026-01-29,IFX.DE,XETRA,44.3650,44.4550,41.1050,41.8000,4704404,
2026-01-29,JEN.DE,XETRA,24.1200,24.3600,23.6000,23.8200,207557,
2026-01-29,KGX.DE,XETRA,63.4500,63.9500,59.7500,60.0000,455751,
2026-01-29,LHA.DE,XETRA,8.7240,8.8400,8.5580,8.6400,3045203,
2026-01-29,MBG.DE,XETRA,58.7300,58.8900,57.2900,57.3000,1954651,
2026-01-29,MRK.DE,XETRA,128.2500,128.3000,125.3500,125.8500,198114,
2026-01-29,MTX.DE,XETRA,375.1000,377.8000,369.8000,372.0000,121269,
2026-01-29,MUV2.DE,XETRA,510.0000,514.6000,507.4000,510.4000,356843,
2026-01-29,NDX1.DE,XETRA,34.6000,34.7600,33.5000,33.8000,378477,
2026-01-29,NEM.DE,XETRA,76.5500,78.7500,73.7000,73.8000,483330,
2026-01-29,P911.DE,XETRA,41.3000,41.7400,40.9600,41.2800,454222,
2026-01-29,PUM.DE,XETRA,23.4800,23.6800,21.3800,21.5200,2099771,
2026-01-29,QIA.DE,XETRA,45.3100,45.5050,44.1200,44.3350,531469,
2026-01-29,R3NK.DE,XETRA,57.5000,57.6400,54.7800,54.9000,482709,
2026-01-29,RHM.DE,XETRA,1832.5000,1841.5000,1784.0000,1795.5000,145137,
2026-01-29,RWE.DE,XETRA,53.3000,53.8600,52.9000,53.3600,2690935,
2026-01-29,S92.DE,XETRA,38.6000,38.9000,36.1800,36.5000,104363,
2026-01-29,SAP.DE,XETRA,179.0000,180.1600,162.1200,164.6200,15846791,
2026-01-29,SHL.DE,XETRA,42.6500,43.0900,42.0500,42.0500,948635,
2026-01-29,SIE.DE,XETRA,258.0000,262.4500,254.5500,255.9500,1570025,
2026-01-29,SRT3.DE,XETRA,250.5000,252.5000,239.3000,241.1000,78799,
2026-01-29,SZG.DE,XETRA,47.8000,48.0400,45.4800,45.4800,162349,
2026-01-29,TKA.DE,XETRA,11.5000,11.6200,11.1900,11.2500,3612436,
2026-01-29,TUI1.DE,XETRA,9.0200,9.0460,8.8840,8.9800,2140901,
2026-01-29,VOW3.DE,XETRA,104.1500,105.1000,103.3500,103.5500,816377,
2026-01-29,WAF.DE,XETRA,54.6000,56.6000,50.9000,51.8000,145248,
2026-01-29,ZAL.DE,XETRA,24.4600,24.9100,24.0300,24.2800,1343070,
2026-01-30,ADS.DE,XETRA,150.5000,152.4500,148.2500,149.1500,1274886,
2026-01-30,AFX.DE,XETRA,28.0000,28.3600,27.8400,28.0000,239687,
2026-01-30,AIR.DE,XETRA,193.3600,194.9600,192.2000,193.4600,232898,
2026-01-30,AIXA.DE,XETRA,19.4850,20.0100,19.3650,19.3650,490034,
2026-01-30,ALV.DE,XETRA,371.1000,372.6000,370.1000,371.8000,587919,
2026-01-30,BAYN.DE,XETRA,43.8000,44.6600,43.2000,44.5600,3883389,
2026-01-30,BC8.DE,XETRA,42.8600,44.0200,42.8600,43.8400,78056,
2026-01-30,BMW.DE,XETRA,88.0000,88.0000,86.7200,87.4200,1005640,
2026-01-30,CBK.DE,XETRA,34.9900,35.3900,34.5700,34.6900,2513396,
2026-01-30,CON.DE,XETRA,67.5600,67.7200,66.6400,66.6400,420164,
2026-01-30,DBK.DE,XETRA,32.7200,33.4200,32.6800,33.3000,8182935,
2026-01-30,DHER.DE,XETRA,24.6000,24.7000,23.4300,23.6000,961932,
2026-01-30,ENR.DE,XETRA,141.7500,146.2500,141.1500,144.5500,2113568,
2026-01-30,EOAN.DE,XETRA,17.7700,17.9600,17.7000,17.8650,4554100,
2026-01-30,EVT.DE,XETRA,6.2500,6.3680,6.0220,6.2180,824778,
2026-01-30,FRE.DE,XETRA,46.4200,47.4700,46.3000,47.2100,886266,
2026-01-30,HAG.DE,XETRA,83.1000,84.8000,82.1500,83.6500,377452,
2026-01-30,HFG.DE,XETRA,5.6260,5.6800,5.5020,5.5580,826864,
2026-01-30,HNR1.DE,XETRA,239.0000,240.8000,237.8000,238.8000,152662,
2026-01-30,IFX.DE,XETRA,41.9900,42.3850,41.4900,41.6100,4181321,
2026-01-30,JEN.DE,XETRA,24.8400,26.7600,24.8400,26.6600,642203,
2026-01-30,KGX.DE,XETRA,59.0000,60.4500,58.6000,59.7000,355151,
2026-01-30,LHA.DE,XETRA,8.6980,8.8000,8.6440,8.7000,3297451,
2026-01-30,MBG.DE,XETRA,57.6300,57.8700,57.0400,57.7900,2511343,
2026-01-30,MRK.DE,XETRA,124.7000,127.2000,124.1000,125.5500,239267,
2026-01-30,MTX.DE,XETRA,370.8000,376.8000,370.4000,374.5000,111120,
2026-01-30,MUV2.DE,XETRA,513.6000,517.4000,510.4000,512.4000,297276,
2026-01-30,NDX1.DE,XETRA,32.5000,34.4400,32.4000,33.8000,1274344,
2026-01-30,NEM.DE,XETRA,73.7500,74.6500,72.8000,73.9500,379376,
2026-01-30,P911.DE,XETRA,41.0000,41.5800,40.8700,41.2100,540447,
2026-01-30,PUM.DE,XETRA,22.0000,22.6000,21.2600,21.6400,1202228,
2026-01-30,QIA.DE,XETRA,44.4800,45.1050,44.1000,44.6200,501482,
2026-01-30,R3NK.DE,XETRA,54.5200,55.1900,53.4000,54.0500,561116,
2026-01-30,RHM.DE,XETRA,1762.5000,1802.0000,1760.0000,1781.5000,189865,
2026-01-30,RWE.DE,XETRA,53.1400,54.2600,53.0600,53.5200,1403429,
2026-01-30,S92.DE,XETRA,37.4600,37.4600,36.0400,36.9000,58921,
2026-01-30,SAP.DE,XETRA,167.7400,172.6000,166.0800,170.5600,5332696,
2026-01-30,SHL.DE,XETRA,41.8900,42.4200,41.7500,42.1700,1015966,
2026-01-30,SIE.DE,XETRA,254.9500,257.7000,253.7500,256.3000,1044904,
2026-01-30,SRT3.DE,XETRA,237.3000,241.5000,235.8000,235.8000,104027,
2026-01-30,SZG.DE,XETRA,45.1400,45.7200,43.8200,45.4000,208491,
2026-01-30,TKA.DE,XETRA,11.1200,11.4550,11.0600,11.2900,2507257,
2026-01-30,TUI1.DE,XETRA,8.9920,9.1940,8.9900,9.0160,2149816,
2026-01-30,VOW3.DE,XETRA,103.8000,103.8000,102.2500,102.6500,834346,
2026-01-30,WAF.DE,XETRA,51.9000,53.4000,51.3000,52.6000,45162,
2026-01-30,ZAL.DE,XETRA,24.0700,24.5600,23.9800,24.3400,890088,
2026-02-02,ADS.DE,XETRA,149.7000,153.5500,149.6000,150.1500,694808,
2026-02-02,AFX.DE,XETRA,27.5200,28.1600,27.3400,27.8400,356124,
2026-02-02,AIR.DE,XETRA,189.9000,194.3400,189.9000,193.8000,173752,
2026-02-02,AIXA.DE,XETRA,18.8000,19.7300,18.5050,19.6150,557653,
2026-02-02,ALV.DE,XETRA,373.0000,379.8000,372.5000,379.2000,492614,
2026-02-02,BAYN.DE,XETRA,44.1650,45.0050,44.0450,45.0050,2452642,
2026-02-02,BC8.DE,XETRA,43.2200,44.3600,43.2000,43.8600,88831,
2026-02-02,BMW.DE,XETRA,86.5600,88.4800,86.5600,88.0000,689412,
2026-02-02,CBK.DE,XETRA,34.4200,35.5800,34.4000,35.5600,3189922,
2026-02-02,CON.DE,XETRA,65.7000,67.8800,65.6800,67.8800,258072,
2026-02-02,DBK.DE,XETRA,32.8200,33.6950,32.0850,33.4350,8957484,
2026-02-02,DHER.DE,XETRA,24.2000,25.7000,23.8300,25.7000,1022106,
2026-02-02,ENR.DE,XETRA,138.4000,149.0500,138.0500,147.9500,2314201,
2026-02-02,EOAN.DE,XETRA,17.9100,18.0800,17.8000,17.8300,3244038,
2026-02-02,EVT.DE,XETRA,6.0900,6.0980,5.8900,5.9000,771668,
2026-02-02,FRE.DE,XETRA,47.4600,48.1900,47.3600,47.9600,568297,
2026-02-02,HAG.DE,XETRA,82.6000,82.7000,79.3500,79.4000,325805,
2026-02-02,HFG.DE,XETRA,5.5580,6.1100,5.4860,6.0720,2001507,
2026-02-02,HNR1.DE,XETRA,241.4000,244.6000,241.0000,244.2000,184363,
2026-02-02,IFX.DE,XETRA,40.7200,42.3600,40.3850,41.8800,4393955,
2026-02-02,JEN.DE,XETRA,25.9800,26.8000,25.6000,26.8000,295130,
2026-02-02,KGX.DE,XETRA,58.8500,60.3500,58.2000,59.7500,365326,
2026-02-02,LHA.DE,XETRA,8.7500,8.9480,8.7480,8.9240,3714392,
2026-02-02,MBG.DE,XETRA,57.6000,58.6700,57.4500,58.4200,2220583,
2026-02-02,MRK.DE,XETRA,125.6500,126.6000,125.1500,126.3000,214467,
2026-02-02,MTX.DE,XETRA,370.9000,379.8000,369.3000,376.7000,88841,
2026-02-02,MUV2.DE,XETRA,517.6000,519.8000,515.2000,517.6000,231603,
2026-02-02,NDX1.DE,XETRA,33.3400,34.6800,33.2800,34.6800,489532,
2026-02-02,NEM.DE,XETRA,76.9000,77.7000,74.6500,76.9000,306172,
2026-02-02,P911.DE,XETRA,41.0100,41.4700,40.7600,40.7900,664612,
2026-02-02,PUM.DE,XETRA,21.6900,23.8400,21.6400,23.4600,2202398,
2026-02-02,QIA.DE,XETRA,44.4800,44.9400,44.0500,44.0650,544966,
2026-02-02,R3NK.DE,XETRA,53.0500,54.0300,52.3200,52.3500,429254,
2026-02-02,RHM.DE,XETRA,1745.0000,1769.0000,1722.0000,1729.0000,158761,
2026-02-02,RWE.DE,XETRA,53.3200,53.9800,53.2000,53.4400,1539894,
2026-02-02,S92.DE,XETRA,36.2200,37.2000,35.3600,35.9400,69949,
2026-02-02,SAP.DE,XETRA,171.3000,175.1800,169.1000,175.1000,2798987,
2026-02-02,SHL.DE,XETRA,42.3500,42.5100,42.0200,42.3400,1095776,
2026-02-02,SIE.DE,XETRA,252.5000,260.5500,252.0500,260.3500,734246,
2026-02-02,SRT3.DE,XETRA,233.3000,235.8000,231.5000,234.8000,107178,
2026-02-02,SZG.DE,XETRA,43.8200,46.2000,43.5200,45.8000,114832,
2026-02-02,TKA.DE,XETRA,10.8850,11.2800,10.8100,11.1700,2109186,
2026-02-02,TUI1.DE,XETRA,9.0560,9.3400,9.0560,9.3400,3325614,
2026-02-02,VOW3.DE,XETRA,101.8000,103.5000,101.5000,102.7500,559583,
2026-02-02,WAF.DE,XETRA,50.5000,53.0000,49.9800,52.0500,87825,
2026-02-02,ZAL.DE,XETRA,24.3100,24.7900,24.0800,24.4300,1009032,
2026-02-03,ADS.DE,XETRA,151.0000,151.7000,147.4500,149.0000,720016,
2026-02-03,AFX.DE,XETRA,28.0600,28.0600,27.4600,27.5600,296471,
2026-02-03,AIR.DE,XETRA,194.9400,195.4800,189.8000,190.1800,196273,
2026-02-03,AIXA.DE,XETRA,19.9050,20.1900,19.2950,19.8200,571789,
2026-02-03,ALV.DE,XETRA,380.0000,382.7000,378.7000,382.4000,457931,
2026-02-03,BAYN.DE,XETRA,45.1000,45.6600,44.7950,45.2700,1886255,
2026-02-03,BC8.DE,XETRA,44.2000,44.3600,42.5200,42.5200,129185,
2026-02-03,BMW.DE,XETRA,88.3800,89.7600,87.3400,87.6400,667304,
2026-02-03,CBK.DE,XETRA,35.6000,36.2700,35.4300,35.8500,2846213,
2026-02-03,CON.DE,XETRA,68.0000,68.3200,67.5200,68.0000,165079,
2026-02-03,DBK.DE,XETRA,33.9000,34.0450,33.5800,33.7800,6013989,
2026-02-03,DHER.DE,XETRA,25.6000,26.5200,24.9900,25.3200,1148420,
2026-02-03,ENR.DE,XETRA,151.8500,156.3000,150.7500,154.9000,2635038,
2026-02-03,EOAN.DE,XETRA,17.7000,17.9750,17.6250,17.9600,3521507,
2026-02-03,EVT.DE,XETRA,6.2600,6.6200,6.2300,6.4600,1674188,
2026-02-03,FRE.DE,XETRA,48.2200,49.0600,48.0800,48.9900,701858,
2026-02-03,HAG.DE,XETRA,81.5000,82.6500,80.0000,80.4500,283387,
2026-02-03,HFG.DE,XETRA,6.1280,6.1400,5.5840,5.5900,1530875,
2026-02-03,HNR1.DE,XETRA,245.0000,245.2000,240.4000,242.8000,131860,
2026-02-03,IFX.DE,XETRA,41.8800,41.8950,40.2200,41.0750,5851743,
2026-02-03,JEN.DE,XETRA,27.0000,27.0400,26.2800,26.7400,201674,
2026-02-03,KGX.DE,XETRA,60.4000,60.5000,59.0000,59.5500,290319,
2026-02-03,LHA.DE,XETRA,8.9940,9.0160,8.9080,8.9920,3025468,
2026-02-03,MBG.DE,XETRA,58.5300,59.6600,58.1400,58.5300,2550300,
2026-02-03,MRK.DE,XETRA,124.7000,125.1000,121.3000,123.0000,633058,
2026-02-03,MTX.DE,XETRA,379.8000,384.1000,376.6000,379.6000,79570,
2026-02-03,MUV2.DE,XETRA,519.2000,519.4000,513.2000,516.0000,211816,
2026-02-03,NDX1.DE,XETRA,34.9000,35.2200,34.6600,34.9200,533162,
2026-02-03,NEM.DE,XETRA,77.0000,77.0000,71.5000,72.1000,491842,
2026-02-03,P911.DE,XETRA,41.0000,41.1900,39.8000,39.8000,1095128,
2026-02-03,PUM.DE,XETRA,23.5300,23.6000,22.0600,22.6900,1003482,
2026-02-03,QIA.DE,XETRA,43.9000,44.3500,43.6200,44.0350,514740,
2026-02-03,R3NK.DE,XETRA,53.6000,54.2300,52.6700,53.3000,498809,
2026-02-03,RHM.DE,XETRA,1754.0000,1784.0000,1736.0000,1760.5000,131265,
2026-02-03,RWE.DE,XETRA,53.0400,54.7000,52.7200,54.4800,2022529,
2026-02-03,S92.DE,XETRA,36.9800,37.0800,35.6000,35.8200,92532,
2026-02-03,SAP.DE,XETRA,177.9000,178.7200,165.7000,167.0000,5539886,
2026-02-03,SHL.DE,XETRA,43.0000,43.1500,42.0100,42.1500,1205531,
2026-02-03,SIE.DE,XETRA,263.6000,266.2500,260.5500,260.7000,1274097,
2026-02-03,SRT3.DE,XETRA,239.9000,255.2000,225.6000,252.9000,291333,
2026-02-03,SZG.DE,XETRA,46.6200,48.2000,46.2600,47.7200,151114,
2026-02-03,TKA.DE,XETRA,11.5500,12.1150,11.4100,11.8350,3899993,
2026-02-03,TUI1.DE,XETRA,9.3800,9.3800,9.0020,9.0540,3424146,
2026-02-03,VOW3.DE,XETRA,102.7500,103.9500,101.7500,102.2500,648876,
2026-02-03,WAF.DE,XETRA,51.5000,52.0500,46.6200,47.8200,204552,
2026-02-03,ZAL.DE,XETRA,24.5000,24.5000,20.8500,21.4800,8486382,
2026-02-04,ADS.DE,XETRA,149.8500,153.3000,149.8500,151.9500,529047,
2026-02-04,AFX.DE,XETRA,27.4600,28.0400,27.3800,27.6800,293214,
2026-02-04,AIR.DE,XETRA,190.2800,192.6000,188.2800,188.2800,249752,
2026-02-04,AIXA.DE,XETRA,20.2600,20.8800,19.7600,20.0500,888408,
2026-02-04,ALV.DE,XETRA,385.0000,388.1000,382.7000,387.4000,639605,
2026-02-04,BAYN.DE,XETRA,44.9300,45.8750,44.7500,45.1500,2594237,
2026-02-04,BC8.DE,XETRA,42.5400,42.9000,41.7600,42.8000,286572,
2026-02-04,BMW.DE,XETRA,88.6000,91.2400,88.4800,91.0400,1075701,
2026-02-04,CBK.DE,XETRA,36.2400,36.2400,35.1000,35.1100,2009442,
2026-02-04,CON.DE,XETRA,68.5000,72.1800,68.0400,71.9000,618867,
2026-02-04,DBK.DE,XETRA,33.8300,34.0050,31.9600,31.9600,10656969,
2026-02-04,DHER.DE,XETRA,25.1900,26.1400,24.3500,25.5200,726127,
2026-02-04,ENR.DE,XETRA,155.5000,156.7000,147.5500,148.4000,2957593,
2026-02-04,EOAN.DE,XETRA,18.0500,18.1500,17.8950,17.9450,3745181,
2026-02-04,EVT.DE,XETRA,6.4500,6.4920,6.2860,6.3460,629417,
2026-02-04,FRE.DE,XETRA,48.9800,49.6800,48.9000,49.2300,837389,
2026-02-04,HAG.DE,XETRA,80.6000,80.8500,76.7000,77.5500,416311,
2026-02-04,HFG.DE,XETRA,5.6120,5.9560,5.5460,5.7960,1585381,
2026-02-04,HNR1.DE,XETRA,243.6000,250.4000,243.6000,247.8000,224334,
2026-02-04,IFX.DE,XETRA,42.3300,42.8000,39.2500,40.3050,7152025,
2026-02-04,JEN.DE,XETRA,26.5200,26.9800,26.2600,26.4400,145242,
2026-02-04,KGX.DE,XETRA,59.6500,60.2500,59.2500,59.6000,266584,
2026-02-04,LHA.DE,XETRA,9.0020,9.0980,8.9720,9.0540,3155119,
2026-02-04,MBG.DE,XETRA,58.9700,61.3000,58.9200,60.9500,3834681,
2026-02-04,MRK.DE,XETRA,122.5000,124.4000,120.1000,123.8500,333453,
2026-02-04,MTX.DE,XETRA,385.0000,392.1000,372.6000,373.7000,168825,
2026-02-04,MUV2.DE,XETRA,518.2000,529.4000,518.2000,526.6000,319172,
2026-02-04,NDX1.DE,XETRA,35.0000,35.0000,33.7000,33.8000,707482,
2026-02-04,NEM.DE,XETRA,71.5500,74.0000,70.9000,72.2500,455774,
2026-02-04,P911.DE,XETRA,40.2700,41.5900,40.1400,41.2100,757296,
2026-02-04,PUM.DE,XETRA,22.5500,23.3000,22.5300,23.0700,1053244,
2026-02-04,QIA.DE,XETRA,43.7250,44.0850,43.5400,43.7300,519673,
2026-02-04,R3NK.DE,XETRA,53.0000,53.7000,50.9500,51.3000,537762,
2026-02-04,RHM.DE,XETRA,1758.5000,1768.0000,1668.0000,1679.5000,193102,
2026-02-04,RWE.DE,XETRA,54.5600,54.7600,53.7200,53.7800,1584666,
2026-02-04,S92.DE,XETRA,36.2200,36.7000,34.2000,34.2000,137491,
2026-02-04,SAP.DE,XETRA,166.0000,167.7600,159.6000,167.2000,6228386,
2026-02-04,SHL.DE,XETRA,41.9500,43.1000,41.9500,42.8000,1252262,
2026-02-04,SIE.DE,XETRA,261.6500,262.3500,241.9500,242.0000,2794753,
2026-02-04,SRT3.DE,XETRA,252.4000,252.4000,238.6000,243.6000,129285,
2026-02-04,SZG.DE,XETRA,48.0400,48.3400,46.2600,47.3600,237814,
2026-02-04,TKA.DE,XETRA,12.0550,12.0650,10.8300,10.8900,4602276,
2026-02-04,TUI1.DE,XETRA,9.0760,9.3380,9.0720,9.2360,3720984,
2026-02-04,VOW3.DE,XETRA,102.8000,106.3000,102.5000,106.0000,1028326,
2026-02-04,WAF.DE,XETRA,48.1800,50.4500,47.4400,48.6600,76318,
2026-02-04,ZAL.DE,XETRA,21.5900,22.1700,21.1400,21.7100,2215991,
2026-02-05,ADS.DE,XETRA,152.8000,153.9000,149.8500,151.8500,567453,
2026-02-05,AFX.DE,XETRA,27.9200,27.9200,27.1600,27.3400,213399,
2026-02-05,AIR.DE,XETRA,187.6400,190.9400,186.9600,189.5600,305776,
2026-02-05,AIXA.DE,XETRA,20.1900,20.9000,19.6950,20.2400,664741,
2026-02-05,ALV.DE,XETRA,388.9000,388.9000,382.1000,384.0000,472638,
2026-02-05,BAYN.DE,XETRA,45.3600,45.3600,43.9600,44.8150,2597134,
2026-02-05,BC8.DE,XETRA,43.5000,43.5000,41.6200,42.0000,255851,
2026-02-05,BMW.DE,XETRA,90.6000,90.9200,87.1400,88.9400,1295036,
2026-02-05,CBK.DE,XETRA,35.2800,35.7600,33.4800,33.7900,3676045,
2026-02-05,CON.DE,XETRA,71.0000,71.4200,69.6800,70.7400,415952,
2026-02-05,DBK.DE,XETRA,32.1100,32.4450,30.4800,30.7000,7256266,
2026-02-05,DHER.DE,XETRA,25.3000,25.3900,22.3900,23.1000,1507957,
2026-02-05,ENR.DE,XETRA,150.2000,150.6500,142.2000,145.8500,2813829,
2026-02-05,EOAN.DE,XETRA,17.7500,17.7850,17.2100,17.4950,6117323,
2026-02-05,EVT.DE,XETRA,6.3700,6.3880,6.0800,6.1000,525734,
2026-02-05,FRE.DE,XETRA,49.0900,49.2400,48.2700,49.2400,709986,
2026-02-05,HAG.DE,XETRA,74.9000,77.9500,74.2500,76.3500,427199,
2026-02-05,HFG.DE,XETRA,5.8760,6.0000,5.7600,5.9660,885277,
2026-02-05,HNR1.DE,XETRA,246.0000,249.4000,241.2000,248.2000,154448,
2026-02-05,IFX.DE,XETRA,40.7450,41.7500,40.2750,41.4050,5423902,
2026-02-05,JEN.DE,XETRA,26.5000,26.6200,25.8600,26.3600,245543,
2026-02-05,KGX.DE,XETRA,59.6500,61.4500,59.3000,61.4500,279930,
2026-02-05,LHA.DE,XETRA,9.0700,9.1360,8.8680,8.9840,2752994,
2026-02-05,MBG.DE,XETRA,60.4600,60.9800,58.5400,58.9900,3044391,
2026-02-05,MRK.DE,XETRA,124.3500,124.5000,120.4000,122.0500,381356,
2026-02-05,MTX.DE,XETRA,372.0000,380.8000,370.5000,376.8000,72165,
2026-02-05,MUV2.DE,XETRA,526.6000,529.6000,523.2000,528.0000,285533,
2026-02-05,NDX1.DE,XETRA,33.5600,34.2000,32.2600,32.9200,717561,
2026-02-05,NEM.DE,XETRA,72.7000,73.7000,71.3500,71.9000,381374,
2026-02-05,P911.DE,XETRA,41.1700,41.2000,39.9900,40.7100,992644,
2026-02-05,PUM.DE,XETRA,23.0100,23.4800,22.7900,23.0700,697147,
2026-02-05,QIA.DE,XETRA,43.6650,45.1850,41.7950,43.4750,1173211,
2026-02-05,R3NK.DE,XETRA,50.3800,52.3000,49.1100,51.6200,995813,
2026-02-05,RHM.DE,XETRA,1595.0000,1618.5000,1520.5000,1571.0000,521791,
2026-02-05,RWE.DE,XETRA,53.1600,53.4400,51.4800,52.4800,2496472,
2026-02-05,S92.DE,XETRA,33.6600,34.3000,32.9000,33.6800,91804,
2026-02-05,SAP.DE,XETRA,170.0200,173.7400,168.0200,170.4800,5467507,
2026-02-05,SHL.DE,XETRA,42.8300,43.2700,41.1100,42.6000,3324694,
2026-02-05,SIE.DE,XETRA,243.0000,247.4500,239.2500,244.5000,1600201,
2026-02-05,SRT3.DE,XETRA,242.9000,243.1000,236.8000,241.8000,114635,
2026-02-05,SZG.DE,XETRA,47.0200,50.6000,47.0200,49.9400,249597,
2026-02-05,TKA.DE,XETRA,10.8450,11.5000,10.8450,11.1750,2868794,
2026-02-05,TUI1.DE,XETRA,9.2120,9.3400,9.0680,9.1940,2295934,
2026-02-05,VOW3.DE,XETRA,104.7500,105.0000,101.1500,102.1000,1148888,
2026-02-05,WAF.DE,XETRA,48.8800,52.0500,48.8800,50.6500,62959,
2026-02-05,ZAL.DE,XETRA,21.9100,22.1800,21.4300,21.7800,1339341,
2026-02-06,ADS.DE,XETRA,150.8000,153.0500,148.7000,152.8500,489680,
2026-02-06,AFX.DE,XETRA,27.1200,27.5200,26.9400,27.5200,478903,
2026-02-06,AIR.DE,XETRA,189.8400,191.6000,188.7400,191.3800,167270,
2026-02-06,AIXA.DE,XETRA,20.1000,20.6000,19.9400,20.3200,470003,
2026-02-06,ALV.DE,XETRA,386.2000,387.9000,383.0000,387.2000,343675,
2026-02-06,BAYN.DE,XETRA,45.9000,46.2450,44.6350,45.8000,4242720,
2026-02-06,BC8.DE,XETRA,39.0400,39.9200,37.8000,38.0000,743624,
2026-02-06,BMW.DE,XETRA,88.2600,88.5800,86.7000,88.4400,907034,
2026-02-06,CBK.DE,XETRA,33.7900,34.2200,33.4400,34.0100,2502991,
2026-02-06,CON.DE,XETRA,70.6800,70.9400,69.8000,70.7800,222598,
2026-02-06,DBK.DE,XETRA,30.8150,31.4350,30.5150,31.2500,4701994,
2026-02-06,DHER.DE,XETRA,22.8300,23.9000,22.5700,23.9000,904977,
2026-02-06,ENR.DE,XETRA,147.0500,152.2000,145.9000,152.0000,1758747,
2026-02-06,EOAN.DE,XETRA,17.6300,17.9000,17.5850,17.6900,3542667,
2026-02-06,EVT.DE,XETRA,6.0400,6.1500,5.9300,6.1480,674451,
2026-02-06,FRE.DE,XETRA,49.4800,49.7600,49.1000,49.7600,670331,
2026-02-06,HAG.DE,XETRA,76.0000,79.0500,75.4000,77.7500,404126,
2026-02-06,HFG.DE,XETRA,5.9080,6.0600,5.8240,6.0600,1030467,
2026-02-06,HNR1.DE,XETRA,249.6000,249.8000,246.8000,248.4000,82427,
2026-02-06,IFX.DE,XETRA,42.0000,42.6950,41.1200,42.0350,4653700,
2026-02-06,JEN.DE,XETRA,26.0800,26.5400,25.7600,26.2200,179709,
2026-02-06,KGX.DE,XETRA,61.4000,61.8000,60.6500,61.0500,186169,
2026-02-06,LHA.DE,XETRA,9.0500,9.2120,8.9640,9.2120,5137416,
2026-02-06,MBG.DE,XETRA,58.6700,59.1300,57.8100,58.7800,2153755,
2026-02-06,MRK.DE,XETRA,121.8000,122.4000,119.8500,121.4500,289318,
2026-02-06,MTX.DE,XETRA,378.8000,382.0000,374.1000,380.5000,74351,
2026-02-06,MUV2.DE,XETRA,530.4000,533.4000,527.0000,532.0000,170388,
2026-02-06,NDX1.DE,XETRA,33.0200,33.4400,32.4800,32.7400,344551,
2026-02-06,NEM.DE,XETRA,71.4000,71.6000,69.1000,70.9500,399176,
2026-02-06,P911.DE,XETRA,40.4800,40.5100,39.1500,39.6800,1378508,
2026-02-06,PUM.DE,XETRA,22.6500,22.8700,21.8400,22.7000,826035,
2026-02-06,QIA.DE,XETRA,43.3000,43.8800,42.9850,43.1700,490425,
2026-02-06,R3NK.DE,XETRA,52.6900,56.9800,52.6400,54.3900,1067929,
2026-02-06,RHM.DE,XETRA,1576.0000,1639.5000,1561.5000,1604.5000,358729,
2026-02-06,RWE.DE,XETRA,52.8600,53.3200,52.4800,52.8000,3240588,
2026-02-06,S92.DE,XETRA,33.5000,33.9200,32.5400,33.1600,104354,
2026-02-06,SAP.DE,XETRA,168.0000,171.4400,166.7200,171.2200,3765742,
2026-02-06,SHL.DE,XETRA,41.3000,41.4800,40.6600,41.4000,2027852,
2026-02-06,SIE.DE,XETRA,245.7000,251.4000,243.9500,250.5000,1044693,
2026-02-06,SRT3.DE,XETRA,240.2000,242.2000,234.6000,239.6000,94594,
2026-02-06,SZG.DE,XETRA,49.5400,52.3500,49.5400,50.8500,224356,
2026-02-06,TKA.DE,XETRA,11.2400,11.8600,11.2100,11.6550,3294384,
2026-02-06,TUI1.DE,XETRA,9.1580,9.3640,9.0860,9.3200,2407391,
2026-02-06,VOW3.DE,XETRA,100.7000,101.2000,99.0400,100.7500,1103960,
2026-02-06,WAF.DE,XETRA,49.9800,52.4000,49.4600,52.1500,41219,
2026-02-06,ZAL.DE,XETRA,21.7000,21.7100,21.0300,21.2900,1581059,
2026-02-09,ADS.DE,XETRA,153.0000,154.1500,152.8500,153.6000,405707,
2026-02-09,AFX.DE,XETRA,27.9000,28.3600,27.6800,27.9000,326590,
2026-02-09,AIR.DE,XETRA,192.5000,193.5200,189.6600,193.0600,246919,
2026-02-09,AIXA.DE,XETRA,20.7900,21.3800,20.5200,21.1200,564395,
2026-02-09,ALV.DE,XETRA,386.5000,388.7000,383.5000,387.4000,357871,
2026-02-09,BAYN.DE,XETRA,45.7150,46.5100,45.2900,46.2800,3548190,
2026-02-09,BC8.DE,XETRA,37.8400,37.8600,36.1000,36.1600,674012,
2026-02-09,BMW.DE,XETRA,88.4600,88.7200,87.7800,88.2400,633336,
2026-02-09,CBK.DE,XETRA,34.3500,35.4500,34.3500,35.4500,2088231,
2026-02-09,CON.DE,XETRA,70.5400,71.6200,70.4400,71.6000,231179,
2026-02-09,DBK.DE,XETRA,31.3500,31.8550,31.1250,31.7650,5747804,
2026-02-09,DHER.DE,XETRA,23.9000,24.1800,22.0100,22.1300,1427174,
2026-02-09,ENR.DE,XETRA,153.0000,158.0000,152.9500,157.9000,1826278,
2026-02-09,EOAN.DE,XETRA,17.7000,17.9850,17.6450,17.9850,2716366,
2026-02-09,EVT.DE,XETRA,6.1680,6.2340,6.0880,6.2340,241558,
2026-02-09,FRE.DE,XETRA,49.8200,50.0200,49.2800,50.0200,466313,
2026-02-09,HAG.DE,XETRA,79.5000,81.3500,78.7500,81.3500,342309,
2026-02-09,HFG.DE,XETRA,6.0700,6.1820,6.0340,6.0340,656163,
2026-02-09,HNR1.DE,XETRA,247.2000,249.0000,245.0000,245.0000,116768,
2026-02-09,IFX.DE,XETRA,42.6800,43.0900,41.0900,41.9900,3650822,
2026-02-09,JEN.DE,XETRA,26.5000,26.9000,26.2000,26.4000,198632,
2026-02-09,KGX.DE,XETRA,61.5500,62.8000,60.9000,62.5000,211649,
2026-02-09,LHA.DE,XETRA,9.3040,9.5000,9.2320,9.5000,5736229,
2026-02-09,MBG.DE,XETRA,58.7100,59.4900,58.2300,58.3100,2162150,
2026-02-09,MRK.DE,XETRA,122.1000,124.0500,121.5500,123.3000,257556,
2026-02-09,MTX.DE,XETRA,381.3000,386.2000,377.1000,386.2000,75526,
2026-02-09,MUV2.DE,XETRA,531.0000,534.8000,529.2000,530.0000,222991,
2026-02-09,NDX1.DE,XETRA,33.0600,33.7400,32.4000,33.7400,445656,
2026-02-09,NEM.DE,XETRA,71.0000,71.9500,70.4500,71.1500,180846,
2026-02-09,P911.DE,XETRA,39.7100,40.0300,39.4500,39.5300,668604,
2026-02-09,PUM.DE,XETRA,22.8300,23.7500,22.6600,23.1500,677623,
2026-02-09,QIA.DE,XETRA,43.0400,43.0400,42.2400,42.8850,634644,
2026-02-09,R3NK.DE,XETRA,56.6100,57.8400,55.8600,57.4800,745667,
2026-02-09,RHM.DE,XETRA,1630.0000,1656.0000,1622.5000,1649.0000,155510,
2026-02-09,RWE.DE,XETRA,53.2400,53.6600,52.8800,53.5600,1079629,
2026-02-09,S92.DE,XETRA,33.4200,33.4600,30.9800,32.4200,154038,
2026-02-09,SAP.DE,XETRA,171.6000,175.3800,171.6000,174.9200,3621850,
2026-02-09,SHL.DE,XETRA,41.3800,41.3800,40.5900,40.8000,1909082,
2026-02-09,SIE.DE,XETRA,252.8000,256.5000,250.8000,255.9500,762572,
2026-02-09,SRT3.DE,XETRA,242.0000,242.1000,232.4000,232.7000,89285,
2026-02-09,SZG.DE,XETRA,50.6000,51.9500,50.0500,51.1500,168865,
2026-02-09,TKA.DE,XETRA,11.7500,11.9800,11.6200,11.8900,2189973,
2026-02-09,TUI1.DE,XETRA,9.4000,9.5580,9.3440,9.3460,3342550,
2026-02-09,VOW3.DE,XETRA,100.8500,101.7000,100.8000,100.9000,517776,
2026-02-09,WAF.DE,XETRA,52.4500,54.7000,51.5500,53.5500,79272,
2026-02-09,ZAL.DE,XETRA,21.3400,21.6900,21.0600,21.4100,1053744,
2026-02-10,ADS.DE,XETRA,155.2000,157.2000,154.6000,155.9000,493574,
2026-02-10,AFX.DE,XETRA,28.4000,28.5800,27.8400,28.2000,269031,
2026-02-10,AIR.DE,XETRA,193.1400,193.7400,191.0400,191.6800,206753,
2026-02-10,AIXA.DE,XETRA,22.2200,23.1500,21.7400,22.4200,1609597,
2026-02-10,ALV.DE,XETRA,382.0000,382.0000,375.8000,377.4000,793199,
2026-02-10,BAYN.DE,XETRA,46.0700,46.3650,45.6450,46.1700,0,
2026-02-10,BC8.DE,XETRA,36.4000,36.6800,35.9800,36.2400,389797,
2026-02-10,BMW.DE,XETRA,88.9600,89.8800,88.3400,89.2800,787965,
2026-02-10,CBK.DE,XETRA,35.1000,36.2700,34.7700,35.2600,3644083,
2026-02-10,CON.DE,XETRA,71.2600,72.0200,70.1600,71.6600,404752,
2026-02-10,DBK.DE,XETRA,31.8200,32.0900,31.4300,31.5350,5827199,
2026-02-10,DHER.DE,XETRA,22.1100,22.7300,21.9300,22.5400,685951,
2026-02-10,ENR.DE,XETRA,155.0000,157.1000,150.3500,150.6000,2651686,
2026-02-10,EOAN.DE,XETRA,17.7650,17.8900,17.6700,17.8650,3218642,
2026-02-10,EVT.DE,XETRA,6.2500,6.2800,6.0880,6.1720,383260,
2026-02-10,FRE.DE,XETRA,50.1600,50.6200,49.5200,49.9800,526296,
2026-02-10,HAG.DE,XETRA,81.0000,81.3500,79.3500,80.7500,230136,
2026-02-10,HFG.DE,XETRA,6.0060,6.0500,5.8700,5.9600,549098,
2026-02-10,HNR1.DE,XETRA,243.0000,244.8000,242.0000,242.2000,146570,
2026-02-10,IFX.DE,XETRA,41.3800,42.9450,41.1700,42.8650,3375535,
2026-02-10,JEN.DE,XETRA,26.3600,27.4000,26.2800,27.4000,201241,
2026-02-10,KGX.DE,XETRA,62.7500,64.3500,62.6000,64.3500,262012,
2026-02-10,LHA.DE,XETRA,9.5380,9.5900,9.2380,9.2420,3583552,
2026-02-10,MBG.DE,XETRA,58.7100,59.5000,58.1000,58.3600,2717061,
2026-02-10,MRK.DE,XETRA,124.0500,126.7000,123.8500,125.5500,314367,
2026-02-10,MTX.DE,XETRA,388.1000,388.1000,380.2000,383.8000,82437,
2026-02-10,MUV2.DE,XETRA,525.4000,530.6000,525.0000,527.0000,353371,
2026-02-10,NDX1.DE,XETRA,32.5000,32.7200,31.9000,32.3000,522063,
2026-02-10,NEM.DE,XETRA,71.8500,72.3500,70.7000,71.5500,268101,
2026-02-10,P911.DE,XETRA,39.7700,41.1100,39.7700,40.7700,1051507,
2026-02-10,PUM.DE,XETRA,23.5900,23.8400,23.1700,23.5500,653211,
2026-02-10,QIA.DE,XETRA,42.5000,43.3050,42.2100,43.1850,497684,
2026-02-10,R3NK.DE,XETRA,57.4800,59.2600,56.8200,59.0700,607219,
2026-02-10,RHM.DE,XETRA,1650.0000,1653.5000,1622.0000,1629.0000,105754,
2026-02-10,RWE.DE,XETRA,53.3000,53.5400,52.8200,53.5000,1254433,
2026-02-10,S92.DE,XETRA,32.2400,34.9000,31.7200,34.1000,167829,
2026-02-10,SAP.DE,XETRA,176.3000,178.9400,174.2000,178.2800,3975433,
2026-02-10,SHL.DE,XETRA,41.2700,41.5200,40.8600,40.8600,2167465,
2026-02-10,SIE.DE,XETRA,256.4500,258.7500,255.2000,258.1000,1020012,
2026-02-10,SRT3.DE,XETRA,234.7000,237.0000,232.5000,232.5000,121293,
2026-02-10,SZG.DE,XETRA,50.7500,54.7000,46.6200,54.0000,477654,
2026-02-10,TKA.DE,XETRA,11.8800,11.9200,11.4900,11.7600,2038694,
2026-02-10,TUI1.DE,XETRA,9.3300,9.3840,8.6340,8.8900,8703693,
2026-02-10,VOW3.DE,XETRA,101.2000,104.5500,101.2000,104.5500,1002420,
2026-02-10,WAF.DE,XETRA,53.6500,56.7500,53.3000,56.4500,88802,
2026-02-10,ZAL.DE,XETRA,21.5000,22.6400,21.4100,22.4000,1812903,
2026-02-11,ADS.DE,XETRA,155.1500,157.8000,153.8000,153.8000,612664,
2026-02-11,AFX.DE,XETRA,28.3200,28.3400,27.1200,27.1200,289806,
2026-02-11,AIR.DE,XETRA,190.8200,191.0600,187.0600,187.2000,260622,
2026-02-11,AIXA.DE,XETRA,22.4200,22.5200,21.8000,22.1100,523962,
2026-02-11,ALV.DE,XETRA,376.0000,377.4000,366.8000,366.8000,877380,
2026-02-11,BAYN.DE,XETRA,45.8400,46.3000,45.4600,46.1250,2577972,
2026-02-11,BC8.DE,XETRA,36.0000,36.1000,34.7000,34.7000,359003,
2026-02-11,BMW.DE,XETRA,89.1600,89.9400,88.0800,89.4600,754306,
2026-02-11,CBK.DE,XETRA,34.8000,35.3000,32.8600,34.5500,8862907,
2026-02-11,CON.DE,XETRA,71.7000,71.7000,70.2600,71.0000,352787,
2026-02-11,DBK.DE,XETRA,31.4200,31.8000,30.7400,31.2900,5913039,
2026-02-11,DHER.DE,XETRA,22.5400,22.5700,21.5400,21.8800,788277,
2026-02-11,ENR.DE,XETRA,159.0000,163.4000,156.2500,163.2500,3317520,
2026-02-11,EOAN.DE,XETRA,17.9050,18.2000,17.8600,18.2000,3342774,
2026-02-11,EVT.DE,XETRA,6.1480,6.1520,5.9500,5.9920,684092,
2026-02-11,FRE.DE,XETRA,50.0600,50.1800,49.5600,50.1600,565540,
2026-02-11,HAG.DE,XETRA,80.6500,80.8000,77.4500,79.3500,268474,
2026-02-11,HFG.DE,XETRA,5.9200,5.9200,5.4780,5.4780,1394365,
2026-02-11,HNR1.DE,XETRA,242.6000,245.8000,241.6000,243.8000,127596,
2026-02-11,IFX.DE,XETRA,42.6450,43.8850,42.0300,43.5100,2859282,
2026-02-11,JEN.DE,XETRA,27.0400,27.7000,26.8600,27.3800,162963,
2026-02-11,KGX.DE,XETRA,64.0500,64.7000,62.6000,63.5500,300322,
2026-02-11,LHA.DE,XETRA,8.9980,9.0000,8.7860,8.8700,6204994,
2026-02-11,MBG.DE,XETRA,58.3700,58.8300,57.7000,57.9500,2892756,
2026-02-11,MRK.DE,XETRA,125.0500,125.5000,123.8500,125.3500,231428,
2026-02-11,MTX.DE,XETRA,382.2000,384.8000,377.9000,380.7000,86417,
2026-02-11,MUV2.DE,XETRA,525.4000,536.4000,524.4000,533.4000,313000,
2026-02-11,NDX1.DE,XETRA,32.6200,32.8200,31.6000,32.6400,612795,
2026-02-11,NEM.DE,XETRA,70.1000,70.5000,67.7500,67.7500,333481,
2026-02-11,P911.DE,XETRA,40.8100,41.5000,40.4800,41.1800,489560,
2026-02-11,PUM.DE,XETRA,23.2000,23.4200,22.7200,22.9100,474064,
2026-02-11,QIA.DE,XETRA,43.4000,43.4000,42.7600,43.0000,663414,
2026-02-11,R3NK.DE,XETRA,57.6900,59.0000,56.5000,57.4000,451822,
2026-02-11,RHM.DE,XETRA,1600.5000,1616.0000,1567.5000,1592.0000,136919,
2026-02-11,RWE.DE,XETRA,53.8600,54.6800,53.4800,54.2400,2282477,
2026-02-11,S92.DE,XETRA,34.2000,35.2200,33.3600,34.8600,84830,
2026-02-11,SAP.DE,XETRA,174.7200,176.4200,169.0000,169.0000,4581824,
2026-02-11,SHL.DE,XETRA,40.6700,40.7800,39.9300,40.1000,1553044,
2026-02-11,SIE.DE,XETRA,256.0000,261.0500,254.1000,256.2500,1540919,
2026-02-11,SRT3.DE,XETRA,232.6000,232.7000,222.2000,222.2000,109619,
2026-02-11,SZG.DE,XETRA,54.5500,58.4500,54.0500,55.9500,421250,
2026-02-11,TKA.DE,XETRA,11.9150,12.4750,11.8700,12.2750,4986866,
2026-02-11,TUI1.DE,XETRA,8.7760,8.7960,8.2000,8.2820,7902692,
2026-02-11,VOW3.DE,XETRA,104.0000,104.8500,103.1500,103.5500,519322,
2026-02-11,WAF.DE,XETRA,55.9500,58.9000,55.6000,57.9000,93606,
2026-02-11,ZAL.DE,XETRA,22.2600,22.2600,20.9000,20.9000,2562963,
2026-02-12,ADS.DE,XETRA,153.0000,155.8000,153.0000,153.5500,547296,
2026-02-12,AFX.DE,XETRA,28.2000,28.2200,25.2000,25.5000,883292,
2026-02-12,AIR.DE,XETRA,189.7400,193.4800,189.4200,190.3800,223525,
2026-02-12,AIXA.DE,XETRA,22.3900,22.8100,21.3700,21.3900,552717,
2026-02-12,ALV.DE,XETRA,369.0000,371.6000,365.7000,367.0000,605904,
2026-02-12,BAYN.DE,XETRA,46.4800,46.8900,45.6900,45.6900,3822719,
2026-02-12,BC8.DE,XETRA,34.8400,34.9000,32.6000,32.7600,474600,
2026-02-12,BMW.DE,XETRA,88.1200,88.9800,86.9400,87.7200,1220037,
2026-02-12,CBK.DE,XETRA,34.8800,36.2800,33.9400,34.0900,7176116,
2026-02-12,CON.DE,XETRA,72.0000,73.7000,72.0000,73.0600,500924,
2026-02-12,DBK.DE,XETRA,31.3400,31.8650,30.7200,30.8250,6456056,
2026-02-12,DHER.DE,XETRA,21.5600,22.8000,21.1100,21.1100,964765,
2026-02-12,ENR.DE,XETRA,163.3500,165.7000,160.3000,161.4000,2618829,
2026-02-12,EOAN.DE,XETRA,18.1300,18.3250,17.9250,18.3250,5191199,
2026-02-12,EVT.DE,XETRA,5.9800,6.0520,5.8060,5.8260,713659,
2026-02-12,FRE.DE,XETRA,50.3800,50.6800,49.9300,50.3800,548122,
2026-02-12,HAG.DE,XETRA,79.2000,81.1500,78.7500,79.0500,240488,
2026-02-12,HFG.DE,XETRA,5.1320,5.2200,4.7850,5.0760,4795694,
2026-02-12,HNR1.DE,XETRA,244.2000,250.8000,244.2000,250.2000,212770,
2026-02-12,IFX.DE,XETRA,44.0000,44.2000,42.4250,42.7500,3423451,
2026-02-12,JEN.DE,XETRA,27.7000,27.9000,26.9000,27.0200,242049,
2026-02-12,KGX.DE,XETRA,64.1500,68.0500,64.1500,64.7000,351694,
2026-02-12,LHA.DE,XETRA,8.9760,9.1160,8.9180,9.0040,3315892,
2026-02-12,MBG.DE,XETRA,55.1500,57.8200,54.6500,57.1100,5847985,
2026-02-12,MRK.DE,XETRA,127.4500,127.6000,125.1000,125.4000,257378,
2026-02-12,MTX.DE,XETRA,380.6000,383.5000,377.1000,377.1000,127709,
2026-02-12,MUV2.DE,XETRA,534.8000,542.0000,534.2000,541.8000,227885,
2026-02-12,NDX1.DE,XETRA,32.7800,33.2200,31.6600,31.8800,608324,
2026-02-12,NEM.DE,XETRA,68.1500,68.5500,66.0500,66.5000,391702,
2026-02-12,P911.DE,XETRA,41.0000,41.5000,40.7500,41.1600,544727,
2026-02-12,PUM.DE,XETRA,22.9500,23.2800,22.6900,22.8800,366880,
2026-02-12,QIA.DE,XETRA,42.6800,43.4250,42.5400,42.8500,597751,
2026-02-12,R3NK.DE,XETRA,57.0200,58.2800,56.9100,56.9100,341883,
2026-02-12,RHM.DE,XETRA,1590.0000,1609.5000,1573.0000,1579.5000,125987,
2026-02-12,RWE.DE,XETRA,54.3000,54.3600,51.7000,52.1000,3167606,
2026-02-12,S92.DE,XETRA,35.0400,35.8800,32.6600,32.8400,50276,
2026-02-12,SAP.DE,XETRA,170.1200,172.7200,168.6600,169.7000,3882942,
2026-02-12,SHL.DE,XETRA,40.3100,40.8800,40.2100,40.3600,1104894,
2026-02-12,SIE.DE,XETRA,271.6000,275.7500,257.0000,257.0000,2511532,
2026-02-12,SRT3.DE,XETRA,225.6000,227.0000,221.8000,222.0000,108526,
2026-02-12,SZG.DE,XETRA,58.0000,58.0000,52.6500,52.7500,222244,
2026-02-12,TKA.DE,XETRA,12.1950,12.4000,10.7500,10.7750,7493491,
2026-02-12,TUI1.DE,XETRA,8.3680,8.6100,8.3140,8.3880,5114989,
2026-02-12,VOW3.DE,XETRA,101.8500,104.2000,101.2500,102.3000,823824,
2026-02-12,WAF.DE,XETRA,56.5000,56.9500,50.4500,51.4000,233222,
2026-02-12,ZAL.DE,XETRA,21.2000,21.3300,20.6200,20.6800,2040569,
2026-02-13,ADS.DE,XETRA,153.0500,155.8000,152.9500,154.9500,592744,
2026-02-13,AFX.DE,XETRA,25.7600,27.6000,25.5400,26.8200,548893,
2026-02-13,AIR.DE,XETRA,190.1800,194.5200,189.8800,192.4000,339138,
2026-02-13,AIXA.DE,XETRA,21.3400,22.8500,21.3300,22.7700,710270,
2026-02-13,ALV.DE,XETRA,368.3000,371.2000,365.9000,366.9000,572096,
2026-02-13,BAYN.DE,XETRA,45.3000,46.0450,45.1150,45.9850,2383994,
2026-02-13,BC8.DE,XETRA,33.1000,33.5000,32.4200,32.8400,471167,
2026-02-13,BMW.DE,XETRA,87.9600,89.5200,87.5800,88.9000,866384,
2026-02-13,CBK.DE,XETRA,34.1400,34.5100,32.1600,32.1600,6972380,
2026-02-13,CON.DE,XETRA,73.0800,74.3200,72.3000,73.8400,428224,
2026-02-13,DBK.DE,XETRA,30.8000,30.8200,29.4050,29.6000,10025694,
2026-02-13,DHER.DE,XETRA,20.0000,20.5600,19.0900,20.2600,1822751,
2026-02-13,ENR.DE,XETRA,161.6000,162.8500,156.5000,162.1000,2514702,
2026-02-13,EOAN.DE,XETRA,18.4200,18.6400,18.2000,18.5700,5990599,
2026-02-13,EVT.DE,XETRA,5.8120,6.2240,5.7840,6.1860,1049805,
2026-02-13,FRE.DE,XETRA,50.5400,50.6800,50.0000,50.6600,611590,
2026-02-13,HAG.DE,XETRA,79.5000,82.0000,79.1500,80.8000,257166,
2026-02-13,HFG.DE,XETRA,5.1020,5.3080,4.9600,5.2200,1258971,
2026-02-13,HNR1.DE,XETRA,250.0000,251.4000,246.0000,246.6000,110982,
2026-02-13,IFX.DE,XETRA,43.5500,43.7500,42.5600,43.5100,4961364,
2026-02-13,JEN.DE,XETRA,24.6000,27.8200,24.0800,27.6600,409870,
2026-02-13,KGX.DE,XETRA,65.0000,65.0000,61.8000,64.3500,334372,
2026-02-13,LHA.DE,XETRA,9.0000,9.2400,8.9940,9.1040,3156259,
2026-02-13,MBG.DE,XETRA,57.0000,58.2000,56.4200,57.6200,2501721,
2026-02-13,MRK.DE,XETRA,126.0000,128.7500,125.2500,127.8000,358386,
2026-02-13,MTX.DE,XETRA,377.8000,400.0000,376.9000,394.4000,198952,
2026-02-13,MUV2.DE,XETRA,541.4000,544.2000,530.6000,530.6000,329749,
2026-02-13,NDX1.DE,XETRA,31.7600,32.3800,31.2800,32.3800,627531,
2026-02-13,NEM.DE,XETRA,66.4500,68.0500,65.5000,67.0000,433244,
2026-02-13,P911.DE,XETRA,41.1000,42.1500,40.8900,41.8000,524009,
2026-02-13,PUM.DE,XETRA,22.7700,23.7200,22.6600,23.4500,738587,
2026-02-13,QIA.DE,XETRA,42.7700,43.9850,42.7000,43.2800,505307,
2026-02-13,R3NK.DE,XETRA,57.2200,58.8600,56.9300,57.5400,465331,
2026-02-13,RHM.DE,XETRA,1563.0000,1635.0000,1555.0000,1609.0000,186600,
2026-02-13,RWE.DE,XETRA,50.9200,51.5800,49.2500,49.9500,6697617,
2026-02-13,S92.DE,XETRA,32.5200,33.8400,31.8600,33.6200,91525,
2026-02-13,SAP.DE,XETRA,170.8000,174.3400,169.4000,171.7200,3903966,
2026-02-13,SHL.DE,XETRA,40.3400,40.9600,39.9100,40.6800,1290620,
2026-02-13,SIE.DE,XETRA,252.0000,252.1000,245.9500,251.0500,1890442,
2026-02-13,SRT3.DE,XETRA,222.5000,231.3000,222.2000,231.0000,122727,
2026-02-13,SZG.DE,XETRA,51.4000,52.9500,50.1000,52.1500,249460,
2026-02-13,TKA.DE,XETRA,10.6550,11.1300,10.2050,10.5550,5164948,
2026-02-13,TUI1.DE,XETRA,8.4300,8.5440,8.3220,8.4020,2944606,
2026-02-13,VOW3.DE,XETRA,102.3500,103.2500,101.4000,103.1000,681371,
2026-02-13,WAF.DE,XETRA,51.4000,51.5500,47.6000,51.0500,203891,
2026-02-13,ZAL.DE,XETRA,20.7400,21.0000,20.3500,20.5100,1648550,
2026-02-16,ADS.DE,XETRA,155.0500,155.6500,154.0500,154.0500,358746,
2026-02-16,AFX.DE,XETRA,27.0000,27.0000,25.7400,25.8400,297317,
2026-02-16,AIR.DE,XETRA,193.7000,198.1600,192.8800,197.1200,192431,
2026-02-16,AIXA.DE,XETRA,22.7000,23.1700,22.2400,23.1700,536290,
2026-02-16,ALV.DE,XETRA,369.5000,372.8000,368.5000,369.2000,292498,
2026-02-16,BAYN.DE,XETRA,45.5800,45.9400,45.5000,45.9400,1369649,
2026-02-16,BC8.DE,XETRA,33.2200,33.2200,32.2000,32.4200,451569,
2026-02-16,BMW.DE,XETRA,88.9000,90.1400,88.6000,89.4800,493722,
2026-02-16,CBK.DE,XETRA,32.3000,33.0000,32.2300,32.7400,3378399,
2026-02-16,CON.DE,XETRA,73.1400,73.9000,73.1400,73.8000,180917,
2026-02-16,DBK.DE,XETRA,29.8000,30.3300,29.7750,29.7750,5354941,
2026-02-16,DHER.DE,XETRA,20.1200,20.6900,19.5300,19.7650,866492,
2026-02-16,ENR.DE,XETRA,163.0500,165.7000,162.5000,163.4000,1062631,
2026-02-16,EOAN.DE,XETRA,18.5150,18.6700,18.3850,18.6700,2637758,
2026-02-16,EVT.DE,XETRA,6.1700,6.1800,5.9680,6.0260,449193,
2026-02-16,FRE.DE,XETRA,50.6400,51.2200,50.2800,51.1200,397493,
2026-02-16,HAG.DE,XETRA,81.3000,81.7000,79.4000,81.2000,244866,
2026-02-16,HFG.DE,XETRA,5.0200,5.2580,5.0200,5.1020,743919,
2026-02-16,HNR1.DE,XETRA,248.2000,248.4000,245.8000,245.8000,86141,
2026-02-16,IFX.DE,XETRA,43.5100,43.7250,42.8850,43.2150,1502991,
2026-02-16,JEN.DE,XETRA,27.8000,27.8000,26.9800,27.0200,155892,
2026-02-16,KGX.DE,XETRA,64.7500,65.5000,64.4000,65.4000,266351,
2026-02-16,LHA.DE,XETRA,9.1480,9.2620,9.0840,9.2440,1835795,
2026-02-16,MBG.DE,XETRA,57.4000,58.6200,57.1900,57.6500,1475201,
2026-02-16,MRK.DE,XETRA,127.9000,127.9000,125.4500,126.2000,142446,
2026-02-16,MTX.DE,XETRA,393.0000,396.0000,386.5000,395.6000,100649,
2026-02-16,MUV2.DE,XETRA,532.8000,535.2000,530.4000,530.8000,126315,
2026-02-16,NDX1.DE,XETRA,32.6400,33.9200,32.5600,33.8800,538947,
2026-02-16,NEM.DE,XETRA,68.0500,68.0500,63.7000,64.2000,269457,
2026-02-16,P911.DE,XETRA,41.7400,41.9100,41.3400,41.6700,260783,
2026-02-16,PUM.DE,XETRA,23.4500,24.0200,23.1800,23.2000,479962,
2026-02-16,QIA.DE,XETRA,42.8150,43.2100,42.7300,42.9050,274310,
2026-02-16,R3NK.DE,XETRA,58.0600,59.0400,56.9100,59.0400,491693,
2026-02-16,RHM.DE,XETRA,1620.0000,1630.0000,1606.5000,1620.0000,76805,
2026-02-16,RWE.DE,XETRA,49.8600,50.5600,49.1700,50.5000,2590723,
2026-02-16,S92.DE,XETRA,33.6800,34.0000,32.7800,34.0000,38222,
2026-02-16,SAP.DE,XETRA,174.8000,174.8000,168.3400,168.3600,2679506,
2026-02-16,SHL.DE,XETRA,40.8000,41.0200,40.5900,40.9300,1331878,
2026-02-16,SIE.DE,XETRA,253.0000,253.0500,233.6000,234.9500,2157528,
2026-02-16,SRT3.DE,XETRA,229.4000,230.9000,223.4000,226.0000,63346,
2026-02-16,SZG.DE,XETRA,52.2000,52.7000,51.1500,52.2500,124918,
2026-02-16,TKA.DE,XETRA,10.6200,10.9900,10.6200,10.9100,3405242,
2026-02-16,TUI1.DE,XETRA,8.4420,8.6220,8.4000,8.4520,2953369,
2026-02-16,VOW3.DE,XETRA,103.0000,103.7000,102.3000,102.3000,489727,
2026-02-16,WAF.DE,XETRA,51.4000,51.5500,49.9800,51.5500,36120,
2026-02-16,ZAL.DE,XETRA,20.7500,21.3600,20.6400,21.1400,1422534,
2026-02-17,ADS.DE,XETRA,153.2500,156.7000,153.2500,156.4500,420952,
2026-02-17,AFX.DE,XETRA,26.0000,27.3400,26.0000,27.0000,288712,
2026-02-17,AIR.DE,XETRA,196.6800,197.2800,193.8600,196.4200,221844,
2026-02-17,AIXA.DE,XETRA,23.1300,23.5200,22.6200,23.4200,565116,
2026-02-17,ALV.DE,XETRA,368.8000,374.0000,368.7000,372.4000,378303,
2026-02-17,BAYN.DE,XETRA,45.9000,49.7800,45.9000,49.3150,6195647,
2026-02-17,BC8.DE,XETRA,32.1000,32.8800,31.8600,32.6400,345803,
2026-02-17,BMW.DE,XETRA,89.6400,90.9200,89.4000,90.5600,542196,
2026-02-17,CBK.DE,XETRA,32.4000,33.5200,32.2600,33.3200,3027300,
2026-02-17,CON.DE,XETRA,73.9000,73.9000,72.9200,73.1200,263324,
2026-02-17,DBK.DE,XETRA,29.5000,30.4250,29.5000,30.3150,7920215,
2026-02-17,DHER.DE,XETRA,19.6500,20.9100,19.4100,20.6000,944451,
2026-02-17,ENR.DE,XETRA,163.3000,163.4000,157.0500,161.0500,1618224,
2026-02-17,EOAN.DE,XETRA,18.7300,18.8800,18.6400,18.6400,3931853,
2026-02-17,EVT.DE,XETRA,6.0640,6.0980,6.0000,6.0680,415404,
2026-02-17,FRE.DE,XETRA,51.2400,52.1800,51.1600,52.1200,637475,
2026-02-17,HAG.DE,XETRA,79.3500,80.2000,76.6000,79.9000,408666,
2026-02-17,HFG.DE,XETRA,5.1000,5.1320,4.9990,4.9990,652892,
2026-02-17,HNR1.DE,XETRA,245.8000,250.0000,245.6000,247.8000,161310,
2026-02-17,IFX.DE,XETRA,42.8500,44.7750,42.5600,44.5800,4202483,
2026-02-17,JEN.DE,XETRA,26.9800,27.0400,26.4600,26.8600,137406,
2026-02-17,KGX.DE,XETRA,65.2500,65.4500,63.7000,64.6000,194347,
2026-02-17,LHA.DE,XETRA,9.2240,9.2680,9.0780,9.2680,2472983,
2026-02-17,MBG.DE,XETRA,57.7300,59.1100,57.7300,58.8600,2032377,
2026-02-17,MRK.DE,XETRA,126.0500,128.9000,126.0500,127.0000,266691,
2026-02-17,MTX.DE,XETRA,395.1000,401.4000,392.4000,400.0000,104578,
2026-02-17,MUV2.DE,XETRA,531.0000,539.8000,530.6000,536.6000,202584,
2026-02-17,NDX1.DE,XETRA,33.4800,34.0200,33.3200,33.7200,500523,
2026-02-17,NEM.DE,XETRA,63.7000,65.7000,62.8000,65.7000,205110,
2026-02-17,P911.DE,XETRA,41.6800,42.1300,41.4200,41.6100,249271,
2026-02-17,PUM.DE,XETRA,23.2000,23.6800,22.6100,23.5400,620331,
2026-02-17,QIA.DE,XETRA,42.1400,42.3200,40.5150,41.3500,766096,
2026-02-17,R3NK.DE,XETRA,58.5000,59.2500,56.9600,58.2200,460804,
2026-02-17,RHM.DE,XETRA,1623.0000,1626.0000,1571.0000,1611.5000,109060,
2026-02-17,RWE.DE,XETRA,50.6800,51.7000,50.2400,51.7000,1859315,
2026-02-17,S92.DE,XETRA,33.9200,33.9400,32.0600,32.8400,60551,
2026-02-17,SAP.DE,XETRA,167.5000,172.1400,166.3000,169.6400,3611161,
2026-02-17,SHL.DE,XETRA,41.0000,41.2400,40.8200,40.8300,851860,
2026-02-17,SIE.DE,XETRA,232.6000,236.8500,231.6500,235.7500,1623195,
2026-02-17,SRT3.DE,XETRA,226.2000,232.6000,225.0000,225.6000,127445,
2026-02-17,SZG.DE,XETRA,52.1500,52.1500,49.2400,51.1000,123018,
2026-02-17,TKA.DE,XETRA,10.9300,10.9450,10.4800,10.7300,2761657,
2026-02-17,TUI1.DE,XETRA,8.4500,8.5980,8.3380,8.5340,2981260,
2026-02-17,VOW3.DE,XETRA,102.4500,103.9500,102.4500,103.9500,690201,
2026-02-17,WAF.DE,XETRA,51.1500,53.4500,50.6000,52.5500,59100,
2026-02-17,ZAL.DE,XETRA,21.0400,21.7300,21.0400,21.5600,1692363,
2026-02-18,ADS.DE,XETRA,156.4500,157.4500,154.8000,157.0500,490260,
2026-02-18,AFX.DE,XETRA,27.3000,27.3600,26.8000,27.1800,159278,
2026-02-18,AIR.DE,XETRA,196.6200,201.2000,196.4400,200.5500,177020,
2026-02-18,AIXA.DE,XETRA,23.3000,23.7600,23.0100,23.7300,508653,
2026-02-18,ALV.DE,XETRA,372.6000,375.7000,371.4000,372.5000,414723,
2026-02-18,BAYN.DE,XETRA,48.6100,48.7850,43.3000,45.8100,12902807,
2026-02-18,BC8.DE,XETRA,32.9000,33.4200,32.4400,33.2600,296597,
2026-02-18,BMW.DE,XETRA,90.3200,91.8000,89.9800,91.8000,749983,
2026-02-18,CBK.DE,XETRA,33.3500,34.4700,33.3500,34.2000,3599761,
2026-02-18,CON.DE,XETRA,73.1200,73.8800,72.8400,73.6800,157817,
2026-02-18,DBK.DE,XETRA,30.4700,31.1100,30.3600,31.0000,4102106,
2026-02-18,DHER.DE,XETRA,20.3700,21.9300,20.1800,21.5700,660588,
2026-02-18,ENR.DE,XETRA,166.5500,167.9000,163.4000,166.6500,2145847,
2026-02-18,EOAN.DE,XETRA,18.6750,18.8250,18.4900,18.5850,3264720,
2026-02-18,EVT.DE,XETRA,6.0080,6.3060,6.0040,6.1980,688698,
2026-02-18,FRE.DE,XETRA,52.0400,52.7200,51.6400,51.8200,794854,
2026-02-18,HAG.DE,XETRA,79.4000,83.2500,79.4000,82.4000,347722,
2026-02-18,HFG.DE,XETRA,5.0000,5.2220,4.8890,5.0840,1270127,
2026-02-18,HNR1.DE,XETRA,248.8000,249.0000,243.8000,245.2000,147757,
2026-02-18,IFX.DE,XETRA,44.8350,46.4000,44.6650,46.0900,4932313,
2026-02-18,JEN.DE,XETRA,27.0600,28.0000,27.0600,28.0000,171410,
2026-02-18,KGX.DE,XETRA,64.7500,66.3000,64.5000,65.3500,209060,
2026-02-18,LHA.DE,XETRA,9.2900,9.3200,8.9680,9.1900,3564521,
2026-02-18,MBG.DE,XETRA,58.7300,59.5600,58.7200,59.4000,1784592,
2026-02-18,MRK.DE,XETRA,126.6000,128.5500,125.6500,128.5500,173525,
2026-02-18,MTX.DE,XETRA,398.4000,404.8000,392.6000,399.9000,127975,
2026-02-18,MUV2.DE,XETRA,536.2000,539.0000,529.0000,531.8000,252121,
2026-02-18,NDX1.DE,XETRA,33.9600,34.6400,33.6400,34.6400,436196,
2026-02-18,NEM.DE,XETRA,65.7500,66.5000,64.5500,65.8000,252225,
2026-02-18,P911.DE,XETRA,41.8000,42.3400,41.5300,42.2900,317628,
2026-02-18,PUM.DE,XETRA,23.6100,23.7200,22.6300,23.6100,849142,
2026-02-18,QIA.DE,XETRA,41.1000,41.8250,40.8100,41.5500,693181,
2026-02-18,R3NK.DE,XETRA,58.6000,61.6600,58.4800,61.0300,607774,
2026-02-18,RHM.DE,XETRA,1619.0000,1699.0000,1618.5000,1694.0000,225262,
2026-02-18,RWE.DE,XETRA,51.6800,52.9200,51.4000,52.7400,1917502,
2026-02-18,S92.DE,XETRA,32.8000,34.4000,32.6800,34.3600,82603,
2026-02-18,SAP.DE,XETRA,169.9000,174.0400,169.9000,173.3800,1941388,
2026-02-18,SHL.DE,XETRA,40.7400,41.6500,40.6800,41.5000,678703,
2026-02-18,SIE.DE,XETRA,238.5000,247.4000,238.2000,244.8000,1454344,
2026-02-18,SRT3.DE,XETRA,225.4000,233.7000,224.5000,233.0000,134089,
2026-02-18,SZG.DE,XETRA,52.0000,53.7500,51.5500,53.4500,131012,
2026-02-18,TKA.DE,XETRA,10.8000,11.1950,10.6150,11.1150,3390000,
2026-02-18,TUI1.DE,XETRA,8.5580,8.5720,8.2480,8.3860,3985855,
2026-02-18,VOW3.DE,XETRA,103.7500,105.0000,103.0500,104.1000,625085,
2026-02-18,WAF.DE,XETRA,53.5500,54.4000,52.2000,53.1500,81829,
2026-02-18,ZAL.DE,XETRA,21.6500,21.6500,20.7800,21.1600,2004686,
2026-02-19,ADS.DE,XETRA,156.5000,158.2000,155.2500,155.2500,506507,
2026-02-19,AFX.DE,XETRA,27.2000,27.3600,26.6200,27.0000,153681,
2026-02-19,AIR.DE,XETRA,191.6000,192.1800,184.5800,187.0600,852736,
2026-02-19,AIXA.DE,XETRA,23.7500,23.7500,23.0100,23.4300,486784,
2026-02-19,ALV.DE,XETRA,372.1000,375.0000,371.4000,373.4000,487592,
2026-02-19,BAYN.DE,XETRA,45.8000,46.3300,45.1050,45.5750,3963565,
2026-02-19,BC8.DE,XETRA,33.2600,33.3400,32.5200,32.8200,215569,
2026-02-19,BMW.DE,XETRA,91.2200,91.8000,89.1400,90.0800,736113,
2026-02-19,CBK.DE,XETRA,34.1000,34.5200,33.7900,34.1100,2579452,
2026-02-19,CON.DE,XETRA,73.5400,74.1600,72.8000,73.0800,209533,
2026-02-19,DBK.DE,XETRA,30.8550,31.0250,30.3400,30.4100,5821731,
2026-02-19,DHER.DE,XETRA,21.5400,21.7100,20.3600,20.5300,868125,
2026-02-19,ENR.DE,XETRA,167.0000,167.4500,162.2000,164.2000,1482826,
2026-02-19,EOAN.DE,XETRA,18.3100,18.6100,18.2400,18.6000,6220459,
2026-02-19,EVT.DE,XETRA,6.2860,6.3040,6.0820,6.1120,456065,
2026-02-19,FRE.DE,XETRA,51.7200,52.9600,51.7200,52.0800,591547,
2026-02-19,HAG.DE,XETRA,82.9000,83.8000,81.0000,83.6000,220554,
2026-02-19,HFG.DE,XETRA,5.0780,5.1900,4.9860,5.0680,733489,
2026-02-19,HNR1.DE,XETRA,245.0000,249.0000,244.6000,249.0000,111663,
2026-02-19,IFX.DE,XETRA,46.0000,46.5400,45.2650,45.8350,4481229,
2026-02-19,JEN.DE,XETRA,27.9800,28.1000,27.4400,27.5600,105181,
2026-02-19,KGX.DE,XETRA,65.1000,65.7500,64.4000,65.0000,180574,
2026-02-19,LHA.DE,XETRA,9.3000,9.4760,9.0380,9.1020,4752752,
2026-02-19,MBG.DE,XETRA,59.0600,59.3400,57.9300,58.7500,2098591,
2026-02-19,MRK.DE,XETRA,128.0000,129.3000,127.5000,127.9000,167077,
2026-02-19,MTX.DE,XETRA,397.0000,398.6000,389.2000,398.6000,111302,
2026-02-19,MUV2.DE,XETRA,532.0000,538.2000,531.8000,535.8000,252173,
2026-02-19,NDX1.DE,XETRA,34.4600,34.4800,33.4400,33.9200,386101,
2026-02-19,NEM.DE,XETRA,65.8500,67.1500,65.4000,65.9000,232990,
2026-02-19,P911.DE,XETRA,42.0000,42.4000,41.1300,41.7000,402139,
2026-02-19,PUM.DE,XETRA,23.5000,23.9000,22.7700,22.9200,590690,
2026-02-19,QIA.DE,XETRA,41.9000,41.9350,41.0600,41.3250,479900,
2026-02-19,R3NK.DE,XETRA,60.9200,61.3500,59.8000,60.9400,359225,
2026-02-19,RHM.DE,XETRA,1710.0000,1748.5000,1694.5000,1743.5000,182098,
2026-02-19,RWE.DE,XETRA,51.9400,52.2400,50.7600,51.4600,1765920,
2026-02-19,S92.DE,XETRA,34.1200,34.1200,32.5400,33.0600,48198,
2026-02-19,SAP.DE,XETRA,173.7000,174.5400,170.0800,170.7400,1995824,
2026-02-19,SHL.DE,XETRA,41.3900,41.7600,41.3900,41.4500,1010901,
2026-02-19,SIE.DE,XETRA,243.0000,244.8000,239.0500,240.5500,1102046,
2026-02-19,SRT3.DE,XETRA,233.9000,236.8000,229.7000,231.5000,107094,
2026-02-19,SZG.DE,XETRA,52.8500,55.2500,52.5000,55.0000,150382,
2026-02-19,TKA.DE,XETRA,10.9550,11.0950,10.7250,10.7650,3061659,
2026-02-19,TUI1.DE,XETRA,8.3700,8.4840,8.1720,8.1720,3326945,
2026-02-19,VOW3.DE,XETRA,103.0500,104.2000,101.0000,102.6000,1073408,
2026-02-19,WAF.DE,XETRA,53.1500,54.5000,52.2000,54.4000,47831,
2026-02-19,ZAL.DE,XETRA,21.1000,21.5200,21.0300,21.0300,1035814,
2026-02-20,ADS.DE,XETRA,155.7500,161.0000,155.3000,158.7000,779519,
2026-02-20,AFX.DE,XETRA,27.1000,27.4600,26.6000,26.9000,383913,
2026-02-20,AIR.DE,XETRA,187.5400,191.6200,187.5400,189.7000,436601,
2026-02-20,AIXA.DE,XETRA,23.2600,23.5700,22.6400,23.0200,730847,
2026-02-20,ALV.DE,XETRA,375.3000,379.3000,373.9000,379.2000,653381,
2026-02-20,BAYN.DE,XETRA,45.1800,45.2850,43.2700,43.6800,5902348,
2026-02-20,BC8.DE,XETRA,32.8000,33.3800,32.5200,33.0000,215539,
2026-02-20,BMW.DE,XETRA,89.5600,91.9200,89.3200,90.3200,1200054,
2026-02-20,CBK.DE,XETRA,34.0700,34.8700,34.0400,34.4900,3027215,
2026-02-20,CON.DE,XETRA,72.6800,73.4400,72.1600,73.4200,274639,
2026-02-20,DBK.DE,XETRA,30.5000,31.1800,30.3950,31.0500,6363419,
2026-02-20,DHER.DE,XETRA,20.6200,20.8200,20.2600,20.4200,567651,
2026-02-20,ENR.DE,XETRA,163.5500,165.9500,161.8000,165.2500,1903642,
2026-02-20,EOAN.DE,XETRA,18.5800,18.6850,18.4600,18.6300,4091011,
2026-02-20,EVT.DE,XETRA,6.1440,6.1900,6.0500,6.1040,245041,
2026-02-20,FRE.DE,XETRA,52.1800,52.4600,51.8000,52.0600,719791,
2026-02-20,HAG.DE,XETRA,84.2000,84.7500,83.0000,84.1500,294727,
2026-02-20,HFG.DE,XETRA,5.0400,5.0900,4.9400,4.9400,661762,
2026-02-20,HNR1.DE,XETRA,249.0000,251.4000,248.4000,251.2000,123532,
2026-02-20,IFX.DE,XETRA,45.4550,45.6000,44.6400,45.2000,3318652,
2026-02-20,JEN.DE,XETRA,27.4000,27.9000,27.2600,27.7000,134445,
2026-02-20,KGX.DE,XETRA,64.8000,66.6000,64.7000,65.5500,215659,
2026-02-20,LHA.DE,XETRA,9.1120,9.2100,9.0200,9.0880,2778706,
2026-02-20,MBG.DE,XETRA,58.3900,60.0300,58.2900,59.2400,2979441,
2026-02-20,MRK.DE,XETRA,129.2000,129.2000,127.5000,128.1500,203168,
2026-02-20,MTX.DE,XETRA,399.0000,402.6000,394.5000,402.0000,118228,
2026-02-20,MUV2.DE,XETRA,537.0000,542.0000,535.2000,542.0000,293528,
2026-02-20,NDX1.DE,XETRA,33.7400,34.3000,33.3000,33.9800,489953,
2026-02-20,NEM.DE,XETRA,66.1000,67.9500,65.4500,67.6000,204208,
2026-02-20,P911.DE,XETRA,41.4000,43.0500,41.4000,42.3400,893498,
2026-02-20,PUM.DE,XETRA,23.0400,23.3600,22.5100,23.2500,859031,
2026-02-20,QIA.DE,XETRA,41.2800,41.5450,40.6750,40.9850,527515,
2026-02-20,R3NK.DE,XETRA,61.0000,61.3400,59.9400,60.7900,358728,
2026-02-20,RHM.DE,XETRA,1750.0000,1764.5000,1724.0000,1740.0000,187149,
2026-02-20,RWE.DE,XETRA,51.3000,52.2000,51.2000,51.8400,2425016,
2026-02-20,S92.DE,XETRA,33.0400,33.2400,32.1400,32.3000,120719,
2026-02-20,SAP.DE,XETRA,171.5000,174.0800,169.8000,173.8000,2424609,
2026-02-20,SHL.DE,XETRA,41.6000,42.5300,41.4700,42.3500,1502259,
2026-02-20,SIE.DE,XETRA,241.1500,245.6500,239.5000,245.1500,1163644,
2026-02-20,SRT3.DE,XETRA,232.8000,239.6000,232.8000,239.0000,126914,
2026-02-20,SZG.DE,XETRA,54.4000,55.0500,54.0500,54.5000,187797,
2026-02-20,TKA.DE,XETRA,11.1700,11.5100,10.9800,11.3200,4889651,
2026-02-20,TUI1.DE,XETRA,8.2000,8.2220,8.0760,8.1280,3014493,
2026-02-20,VOW3.DE,XETRA,101.8000,103.9500,101.8000,102.5000,883691,
2026-02-20,WAF.DE,XETRA,54.1000,54.8000,53.2500,54.0000,59127,
2026-02-20,ZAL.DE,XETRA,21.0000,21.1000,20.6500,20.6900,1575483,
2026-02-23,ADS.DE,XETRA,158.0500,160.9000,157.6000,158.6000,711587,
2026-02-23,AFX.DE,XETRA,27.0000,27.1400,26.3000,26.5200,186450,
2026-02-23,AIR.DE,XETRA,185.4600,188.0000,183.2000,183.2000,316507,
2026-02-23,AIXA.DE,XETRA,22.8200,23.4100,22.4000,22.9600,603086,
2026-02-23,ALV.DE,XETRA,378.2000,382.1000,377.7000,378.8000,386318,
2026-02-23,BAYN.DE,XETRA,43.4800,43.9200,42.6450,42.8000,3668331,
2026-02-23,BC8.DE,XETRA,32.7000,33.5200,32.2400,32.5200,332760,
2026-02-23,BMW.DE,XETRA,90.1000,90.1200,87.7000,87.7000,1019558,
2026-02-23,CBK.DE,XETRA,34.8200,35.4800,34.3100,34.4100,3387333,
2026-02-23,CON.DE,XETRA,73.6400,73.6600,72.0800,72.1600,492529,
2026-02-23,DBK.DE,XETRA,31.0200,31.3800,30.3900,30.6750,4661405,
2026-02-23,DHER.DE,XETRA,20.2200,20.7300,19.4750,19.5300,913013,
2026-02-23,ENR.DE,XETRA,163.9000,167.7500,162.9000,165.7000,1453415,
2026-02-23,EOAN.DE,XETRA,18.6350,18.7300,18.3950,18.4750,5057507,
2026-02-23,EVT.DE,XETRA,6.0000,6.1700,5.7800,5.8000,1101774,
2026-02-23,FRE.DE,XETRA,52.0000,52.3200,51.7200,51.7200,778711,
2026-02-23,HAG.DE,XETRA,83.8000,83.8000,79.9000,80.9000,315790,
2026-02-23,HFG.DE,XETRA,4.9680,5.0440,4.7850,4.8040,937091,
2026-02-23,HNR1.DE,XETRA,251.4000,253.4000,249.2000,249.2000,110721,
2026-02-23,IFX.DE,XETRA,45.1000,46.2300,44.5600,45.8900,3465178,
2026-02-23,JEN.DE,XETRA,27.5000,27.7600,27.1600,27.5600,113330,
2026-02-23,KGX.DE,XETRA,65.4000,65.7500,64.2500,64.7000,248477,
2026-02-23,LHA.DE,XETRA,9.1120,9.4960,9.1120,9.1800,4297005,
2026-02-23,MBG.DE,XETRA,59.2700,59.5100,58.3000,58.3000,1960011,
2026-02-23,MRK.DE,XETRA,128.0000,128.0000,125.9000,125.9000,186294,
2026-02-23,MTX.DE,XETRA,396.1000,400.5000,393.2000,397.5000,104646,
2026-02-23,MUV2.DE,XETRA,542.0000,548.0000,541.0000,542.8000,199057,
2026-02-23,NDX1.DE,XETRA,33.8600,34.2600,33.4800,33.6800,347958,
2026-02-23,NEM.DE,XETRA,66.9500,67.0000,65.5500,66.0000,240551,
2026-02-23,P911.DE,XETRA,42.1700,42.3600,40.9600,41.1700,761838,
2026-02-23,PUM.DE,XETRA,22.9000,23.8000,22.4400,22.5800,696379,
2026-02-23,QIA.DE,XETRA,40.9000,41.0100,40.1500,40.4000,457001,
2026-02-23,R3NK.DE,XETRA,60.0600,60.1300,58.6200,58.8300,404807,
2026-02-23,RHM.DE,XETRA,1725.0000,1726.0000,1683.5000,1701.5000,145344,
2026-02-23,RWE.DE,XETRA,52.0000,52.2600,51.4000,51.6800,1109453,
2026-02-23,S92.DE,XETRA,32.1000,32.4600,31.1000,31.6000,92418,
2026-02-23,SAP.DE,XETRA,170.6000,171.4400,166.2800,167.8600,2863777,
2026-02-23,SHL.DE,XETRA,42.0700,42.5100,41.5000,41.5500,1199885,
2026-02-23,SIE.DE,XETRA,242.8000,244.4500,239.7000,240.6500,964528,
2026-02-23,SRT3.DE,XETRA,238.0000,238.3000,226.7000,228.3000,130369,
2026-02-23,SZG.DE,XETRA,54.3000,55.8500,54.1000,55.8500,131349,
2026-02-23,TKA.DE,XETRA,11.3150,11.5050,11.0700,11.1050,3268542,
2026-02-23,TUI1.DE,XETRA,8.1500,8.2140,7.8900,7.9400,3443259,
2026-02-23,VOW3.DE,XETRA,102.8500,102.8500,99.8400,99.9000,916336,
2026-02-23,WAF.DE,XETRA,53.4000,54.7000,52.5500,53.9000,31214,
2026-02-23,ZAL.DE,XETRA,20.5800,20.6800,20.0200,20.1700,1487370,
2026-02-24,ADS.DE,XETRA,158.1000,162.5000,158.1000,160.2000,671930,
2026-02-24,AFX.DE,XETRA,26.4800,27.0600,26.4000,26.5400,155608,
2026-02-24,AIR.DE,XETRA,182.2000,184.3400,180.2200,182.9200,253227,
2026-02-24,AIXA.DE,XETRA,23.3500,24.4500,23.1800,24.1600,874872,
2026-02-24,ALV.DE,XETRA,378.7000,378.9000,374.7000,378.5000,386456,
2026-02-24,BAYN.DE,XETRA,42.6950,42.8900,42.0900,42.3400,3159845,
2026-02-24,BC8.DE,XETRA,32.4200,32.7400,32.1400,32.2600,346318,
2026-02-24,BMW.DE,XETRA,88.1000,89.3800,87.9800,88.4800,569816,
2026-02-24,CBK.DE,XETRA,34.2200,34.6800,33.6000,34.2500,3106694,
2026-02-24,CON.DE,XETRA,72.8400,75.1600,72.7800,74.7200,443089,
2026-02-24,DBK.DE,XETRA,30.4700,30.5200,29.9000,30.1400,5096065,
2026-02-24,DHER.DE,XETRA,19.4000,20.0800,19.2500,19.5600,599714,
2026-02-24,ENR.DE,XETRA,167.7000,167.7500,162.0500,166.0000,1650052,
2026-02-24,EOAN.DE,XETRA,18.7600,19.0300,18.5800,18.7400,4978722,
2026-02-24,EVT.DE,XETRA,5.8040,5.8880,5.7300,5.7440,462859,
2026-02-24,FRE.DE,XETRA,51.4200,51.5000,50.2200,50.3600,1134258,
2026-02-24,HAG.DE,XETRA,80.7500,82.1500,78.2500,79.5000,446051,
2026-02-24,HFG.DE,XETRA,4.7620,4.8360,4.7000,4.7440,888225,
2026-02-24,HNR1.DE,XETRA,249.2000,255.0000,248.0000,252.6000,134188,
2026-02-24,IFX.DE,XETRA,45.9450,46.9000,45.9150,46.6800,4026759,
2026-02-24,JEN.DE,XETRA,27.7000,28.5600,27.6600,28.0200,262514,
2026-02-24,KGX.DE,XETRA,65.1500,65.1500,63.7000,63.7500,359057,
2026-02-24,LHA.DE,XETRA,9.2020,9.2400,9.0540,9.1380,2959921,
2026-02-24,MBG.DE,XETRA,58.4500,59.3600,58.3500,58.9300,1982969,
2026-02-24,MRK.DE,XETRA,125.0500,127.1000,124.4500,125.5000,262385,
2026-02-24,MTX.DE,XETRA,395.0000,397.5000,365.5000,371.1000,536525,
2026-02-24,MUV2.DE,XETRA,542.2000,553.2000,540.2000,548.8000,238289,
2026-02-24,NDX1.DE,XETRA,33.6800,35.6000,33.6000,35.0400,851256,
2026-02-24,NEM.DE,XETRA,65.3000,66.0500,64.2500,64.5500,233519,
2026-02-24,P911.DE,XETRA,41.2000,42.2300,41.1800,41.5500,712492,
2026-02-24,PUM.DE,XETRA,22.6000,23.4200,22.6000,23.2200,538144,
2026-02-24,QIA.DE,XETRA,40.5700,41.1950,40.1600,41.1200,473691,
2026-02-24,R3NK.DE,XETRA,58.8200,59.4500,58.1500,59.4500,394847,
2026-02-24,RHM.DE,XETRA,1711.5000,1730.5000,1701.5000,1724.5000,136216,
2026-02-24,RWE.DE,XETRA,52.0000,52.7800,51.6600,52.6800,1703742,
2026-02-24,S92.DE,XETRA,31.5000,32.0000,30.9200,31.6200,69570,
2026-02-24,SAP.DE,XETRA,165.8400,168.8400,163.8000,165.8400,4602328,
2026-02-24,SHL.DE,XETRA,41.5000,42.3400,41.5000,42.0000,1015808,
2026-02-24,SIE.DE,XETRA,241.0000,241.8000,236.0500,239.5000,1215909,
2026-02-24,SRT3.DE,XETRA,225.9000,234.6000,224.0000,233.3000,84023,
2026-02-24,SZG.DE,XETRA,56.1500,56.2000,53.8500,53.8500,109529,
2026-02-24,TKA.DE,XETRA,11.0000,11.1050,10.3900,10.3900,3532983,
2026-02-24,TUI1.DE,XETRA,7.9740,8.0200,7.8420,7.9380,2396706,
2026-02-24,VOW3.DE,XETRA,100.4000,102.1500,100.4000,101.6000,500743,
2026-02-24,WAF.DE,XETRA,54.0500,56.1000,54.0500,54.6000,58898,
2026-02-24,ZAL.DE,XETRA,20.1600,20.6900,20.0500,20.3800,1210846,
2026-02-25,ADS.DE,XETRA,161.3000,161.8500,157.9000,158.5000,564134,
2026-02-25,AFX.DE,XETRA,26.5200,26.8200,26.1600,26.4600,225853,
2026-02-25,AIR.DE,XETRA,183.9000,184.9000,181.6600,184.5200,196109,
2026-02-25,AIXA.DE,XETRA,24.1500,24.5500,23.7500,24.2500,791465,
2026-02-25,ALV.DE,XETRA,380.3000,381.8000,378.0000,381.5000,455837,
2026-02-25,BAYN.DE,XETRA,42.1050,42.8850,41.5650,42.5850,2682802,
2026-02-25,BC8.DE,XETRA,32.2200,32.8200,32.0200,32.4000,225948,
2026-02-25,BMW.DE,XETRA,88.2400,89.0400,87.6800,88.1200,661032,
2026-02-25,CBK.DE,XETRA,34.9000,35.9000,34.7500,35.9000,3308013,
2026-02-25,CON.DE,XETRA,75.0000,75.3600,73.7400,74.7400,370557,
2026-02-25,DBK.DE,XETRA,30.4550,30.6800,30.2850,30.6000,3371591,
2026-02-25,DHER.DE,XETRA,19.5800,19.8200,19.2500,19.5050,647874,
2026-02-25,ENR.DE,XETRA,168.9000,171.6500,167.8500,169.4000,1965323,
2026-02-25,EOAN.DE,XETRA,18.4600,19.4200,18.3200,19.3950,7439917,
2026-02-25,EVT.DE,XETRA,5.7500,5.9520,5.6920,5.8440,550835,
2026-02-25,FRE.DE,XETRA,49.4900,51.4600,48.1700,51.1000,1631273,
2026-02-25,HAG.DE,XETRA,80.0000,80.8000,78.3000,80.1000,355896,
2026-02-25,HFG.DE,XETRA,4.7700,4.8400,4.7180,4.7300,535020,
2026-02-25,HNR1.DE,XETRA,254.0000,255.0000,252.8000,253.0000,88096,
2026-02-25,IFX.DE,XETRA,46.5500,47.0750,46.1000,47.0750,3735084,
2026-02-25,JEN.DE,XETRA,28.0400,28.4400,27.9000,28.2200,90960,
2026-02-25,KGX.DE,XETRA,63.7000,63.7000,62.2500,63.2000,368097,
2026-02-25,LHA.DE,XETRA,9.1160,9.1860,9.0640,9.1840,2259588,
2026-02-25,MBG.DE,XETRA,58.7900,59.0000,58.2100,58.9900,1548145,
2026-02-25,MRK.DE,XETRA,125.6500,126.3500,124.1000,125.8000,279413,
2026-02-25,MTX.DE,XETRA,373.8000,382.2000,372.4000,381.4000,0,
2026-02-25,MUV2.DE,XETRA,551.6000,559.8000,548.6000,552.6000,0,
2026-02-25,NDX1.DE,XETRA,38.5400,42.6800,38.5000,41.1200,3099861,
2026-02-25,NEM.DE,XETRA,64.8000,65.8500,64.2500,64.2500,225076,
2026-02-25,P911.DE,XETRA,41.4900,41.8500,41.0300,41.3200,411145,
2026-02-25,PUM.DE,XETRA,23.2400,23.2900,22.4600,22.6100,843777,
2026-02-25,QIA.DE,XETRA,41.9400,41.9400,40.9500,41.1800,438364,
2026-02-25,R3NK.DE,XETRA,59.7300,59.7300,57.3600,58.2100,301341,
2026-02-25,RHM.DE,XETRA,1730.0000,1731.5000,1655.0000,1682.0000,189437,
2026-02-25,RWE.DE,XETRA,52.4600,54.3600,52.2800,54.3600,2480762,
2026-02-25,S92.DE,XETRA,31.4000,33.1000,31.1800,32.7800,122946,
2026-02-25,SAP.DE,XETRA,165.6400,168.0600,164.4600,166.7800,2555619,
2026-02-25,SHL.DE,XETRA,42.0200,42.1000,41.6000,41.7400,789182,
2026-02-25,SIE.DE,XETRA,241.4000,246.7500,240.7500,244.1000,990407,
2026-02-25,SRT3.DE,XETRA,234.9000,239.3000,233.3000,238.6000,108596,
2026-02-25,SZG.DE,XETRA,54.1000,55.4000,53.1000,55.1000,0,
2026-02-25,TKA.DE,XETRA,10.4800,10.7400,10.4100,10.7400,3931687,
2026-02-25,TUI1.DE,XETRA,7.9060,7.9300,7.8000,7.8980,1891730,
2026-02-25,VOW3.DE,XETRA,101.7000,101.9000,99.8400,99.9400,597278,
2026-02-25,WAF.DE,XETRA,55.3000,55.3000,53.9000,55.0000,35624,
2026-02-25,ZAL.DE,XETRA,20.3800,20.5900,20.2000,20.4900,1295802,
2026-02-26,ADS.DE,XETRA,158.8500,163.6500,158.7500,162.5000,602345,
2026-02-26,AFX.DE,XETRA,26.4200,27.5000,26.1400,27.2800,237912,
2026-02-26,AIR.DE,XETRA,185.5800,188.2000,184.6800,186.7400,248911,
2026-02-26,AIXA.DE,XETRA,22.4500,26.2200,21.7000,25.5800,2647272,
2026-02-26,ALV.DE,XETRA,377.6000,384.9000,372.3000,384.7000,634391,
2026-02-26,BAYN.DE,XETRA,42.4000,42.5150,41.4600,41.8450,2256333,
2026-02-26,BC8.DE,XETRA,32.6000,33.5000,32.2200,33.5000,310237,
2026-02-26,BMW.DE,XETRA,88.2200,89.3400,88.0200,88.8400,579291,
2026-02-26,CBK.DE,XETRA,35.7900,36.0700,35.5200,35.9800,3138741,
2026-02-26,CON.DE,XETRA,74.9000,75.0600,73.8600,74.2600,315990,
2026-02-26,DBK.DE,XETRA,30.7500,31.1200,30.5700,31.0400,3399319,
2026-02-26,DHER.DE,XETRA,19.5500,21.0600,19.4050,20.5500,1120019,
2026-02-26,ENR.DE,XETRA,170.0000,170.5000,161.9000,164.8500,1868026,
2026-02-26,EOAN.DE,XETRA,19.1600,19.7800,19.1150,19.7700,5164608,
2026-02-26,EVT.DE,XETRA,5.7840,5.8580,5.6980,5.8580,386552,
2026-02-26,FRE.DE,XETRA,51.5600,52.0600,50.9200,51.3200,826154,
2026-02-26,HAG.DE,XETRA,78.2000,78.8000,72.4000,76.6500,1104788,
2026-02-26,HFG.DE,XETRA,4.7600,4.9300,4.6880,4.9120,1061121,
2026-02-26,HNR1.DE,XETRA,253.2000,254.8000,249.2000,254.4000,123520,
2026-02-26,IFX.DE,XETRA,47.0750,48.2300,45.9050,46.7700,5079067,
2026-02-26,JEN.DE,XETRA,28.1600,28.7000,27.7600,28.2600,0,
2026-02-26,KGX.DE,XETRA,60.9000,61.4000,55.7500,56.4500,1133378,
2026-02-26,LHA.DE,XETRA,9.2280,9.4260,9.1300,9.4260,5037665,
2026-02-26,MBG.DE,XETRA,59.1900,59.5100,58.8100,59.0000,1471648,
2026-02-26,MRK.DE,XETRA,125.8500,126.6500,124.2000,125.6500,189791,
2026-02-26,MTX.DE,XETRA,378.6000,378.6000,369.5000,369.5000,274547,
2026-02-26,MUV2.DE,XETRA,536.0000,548.8000,530.2000,548.6000,505662,
2026-02-26,NDX1.DE,XETRA,41.3400,42.8000,40.2000,41.8400,1090093,
2026-02-26,NEM.DE,XETRA,64.7500,67.9000,63.7000,67.7500,343379,
2026-02-26,P911.DE,XETRA,41.1000,41.8900,41.0000,41.3800,462612,
2026-02-26,PUM.DE,XETRA,22.6100,24.9200,22.6000,24.8300,3803719,
2026-02-26,QIA.DE,XETRA,40.9650,41.8300,40.9550,41.3900,419501,
2026-02-26,R3NK.DE,XETRA,58.2100,59.0900,56.7500,58.1300,442580,
2026-02-26,RHM.DE,XETRA,1684.0000,1694.0000,1644.5000,1674.0000,121020,
2026-02-26,RWE.DE,XETRA,54.1400,54.9000,53.2800,53.8800,1824410,
2026-02-26,S92.DE,XETRA,32.5000,33.3200,32.1200,32.8000,62375,
2026-02-26,SAP.DE,XETRA,166.9200,174.4600,165.8600,172.2200,2727344,
2026-02-26,SHL.DE,XETRA,41.6000,42.5700,41.6000,42.3900,950967,
2026-02-26,SIE.DE,XETRA,243.8500,250.0000,243.7000,248.6500,1079343,
2026-02-26,SRT3.DE,XETRA,236.4000,240.3000,233.4000,237.9000,85655,
2026-02-26,SZG.DE,XETRA,55.0000,55.3000,53.2500,54.4000,120976,
2026-02-26,TKA.DE,XETRA,10.7700,10.8000,10.3400,10.5450,2964869,
2026-02-26,TUI1.DE,XETRA,7.9200,8.1800,7.8620,8.1160,3389321,
2026-02-26,VOW3.DE,XETRA,99.9400,102.0000,99.8200,101.5500,561327,
2026-02-26,WAF.DE,XETRA,55.0000,58.7000,54.5500,57.5000,157379,
2026-02-26,ZAL.DE,XETRA,20.6900,21.0200,20.4300,20.6400,1678951,
2026-02-27,ADS.DE,XETRA,162.4000,163.3500,157.6500,158.2000,1259366,
2026-02-27,AFX.DE,XETRA,27.2800,27.3400,26.6600,27.1200,210253,
2026-02-27,AIR.DE,XETRA,186.5600,186.8200,183.8000,184.2800,214257,
2026-02-27,AIXA.DE,XETRA,25.9400,27.8900,25.8600,27.6000,1952594,
2026-02-27,ALV.DE,XETRA,384.5000,387.0000,382.2000,382.2000,1282600,
2026-02-27,BAYN.DE,XETRA,41.7750,42.2050,41.2450,42.0100,3274022,
2026-02-27,BC8.DE,XETRA,33.4000,34.2000,33.1400,34.2000,489770,
2026-02-27,BMW.DE,XETRA,89.2800,89.4800,88.1800,89.4600,1063829,
2026-02-27,CBK.DE,XETRA,35.9200,36.0800,34.6300,34.6500,3968098,
2026-02-27,CON.DE,XETRA,74.2400,74.3000,72.8000,73.1200,535595,
2026-02-27,DBK.DE,XETRA,30.9500,31.4400,30.1000,30.2950,9227739,
2026-02-27,DHER.DE,XETRA,20.2700,20.5700,18.8650,19.6550,3000093,
2026-02-27,ENR.DE,XETRA,165.5000,168.9500,165.3500,166.4500,2312164,
2026-02-27,EOAN.DE,XETRA,19.8100,19.8450,19.5250,19.6800,5035265,
2026-02-27,EVT.DE,XETRA,5.8200,6.0560,5.8200,5.8800,679587,
2026-02-27,FRE.DE,XETRA,51.1800,51.3400,50.2200,50.9000,1057637,
2026-02-27,HAG.DE,XETRA,76.9000,77.3000,73.9000,74.4000,900763,
2026-02-27,HFG.DE,XETRA,4.9200,4.9200,4.7100,4.8290,1201968,
2026-02-27,HNR1.DE,XETRA,255.0000,258.2000,254.6000,257.8000,168778,
2026-02-27,IFX.DE,XETRA,46.7600,46.7600,44.9750,45.8250,5775937,
2026-02-27,JEN.DE,XETRA,28.2600,28.3400,27.7200,28.1400,138899,
2026-02-27,KGX.DE,XETRA,56.9500,58.6500,56.7500,58.0000,555817,
2026-02-27,LHA.DE,XETRA,9.3320,9.3780,8.9800,9.0880,7154006,
2026-02-27,MBG.DE,XETRA,59.3500,59.4500,58.3100,59.0000,4004431,
2026-02-27,MRK.DE,XETRA,126.3000,128.7500,126.3000,128.3000,356667,
2026-02-27,MTX.DE,XETRA,369.2000,370.3000,358.8000,365.4000,734093,
2026-02-27,MUV2.DE,XETRA,550.0000,559.6000,549.0000,555.6000,484914,
2026-02-27,NDX1.DE,XETRA,42.5000,45.0400,41.9000,43.1200,1430858,
2026-02-27,NEM.DE,XETRA,68.0000,68.7500,67.2000,67.8000,373641,
2026-02-27,P911.DE,XETRA,41.3200,41.5600,41.0000,41.3900,650852,
2026-02-27,PUM.DE,XETRA,24.6800,24.7000,22.8500,23.7600,1491888,
2026-02-27,QIA.DE,XETRA,41.6000,42.0850,41.5050,41.9600,766093,
2026-02-27,R3NK.DE,XETRA,58.8800,58.8800,56.3500,56.9300,560611,
2026-02-27,RHM.DE,XETRA,1690.0000,1694.0000,1657.5000,1663.5000,267841,
2026-02-27,RWE.DE,XETRA,54.2600,54.9400,53.6400,54.5400,2499764,
2026-02-27,S92.DE,XETRA,32.6400,34.3600,31.6200,32.3400,143502,
2026-02-27,SAP.DE,XETRA,172.0000,173.3400,168.2800,170.9600,2673448,
2026-02-27,SHL.DE,XETRA,42.3200,42.4100,42.0000,42.1400,1264776,
2026-02-27,SIE.DE,XETRA,248.7000,249.7500,244.4000,247.4000,1113192,
2026-02-27,SRT3.DE,XETRA,238.0000,240.3000,235.6000,240.3000,92693,
2026-02-27,SZG.DE,XETRA,54.9500,55.6000,54.1500,54.5500,149501,
2026-02-27,TKA.DE,XETRA,10.6000,10.8000,10.4600,10.5450,3837307,
2026-02-27,TUI1.DE,XETRA,8.1300,8.1360,7.9120,8.0800,5205336,
2026-02-27,VOW3.DE,XETRA,101.7000,102.5500,100.5000,101.2000,1067143,
2026-02-27,WAF.DE,XETRA,57.5000,58.2500,56.3500,57.4000,58598,
2026-02-27,ZAL.DE,XETRA,20.4600,20.8700,20.3000,20.7500,1654352,
2026-03-02,ADS.DE,XETRA,151.6000,155.1000,150.3500,151.3500,954135,
2026-03-02,AFX.DE,XETRA,26.4000,26.6600,25.8000,25.8000,260689,
2026-03-02,AIR.DE,XETRA,178.5000,182.1200,178.4400,180.3200,389800,
2026-03-02,AIXA.DE,XETRA,27.2300,29.4900,26.5200,29.4000,1590846,
2026-03-02,ALV.DE,XETRA,373.0000,374.5000,368.5000,370.4000,917911,
2026-03-02,BAYN.DE,XETRA,40.6750,41.3900,40.3600,40.6100,3604283,
2026-03-02,BC8.DE,XETRA,33.0200,34.0000,32.9200,33.0600,281911,
2026-03-02,BMW.DE,XETRA,86.2400,87.1200,84.8000,85.0000,1569515,
2026-03-02,CBK.DE,XETRA,33.4700,33.9800,33.0700,33.2900,3940637,
2026-03-02,CON.DE,XETRA,70.6000,70.9600,69.6800,70.6000,422447,
2026-03-02,DBK.DE,XETRA,29.0000,29.4650,28.7450,29.2500,8788127,
2026-03-02,DHER.DE,XETRA,18.5750,19.1350,18.0000,18.1000,2286021,
2026-03-02,ENR.DE,XETRA,162.5000,164.7500,158.3000,162.3500,2222738,
2026-03-02,EOAN.DE,XETRA,19.8200,19.8500,19.1550,19.4400,5525107,
2026-03-02,EVT.DE,XETRA,5.6700,5.7920,5.6360,5.6860,558324,
2026-03-02,FRE.DE,XETRA,49.4700,50.6600,49.4700,50.2800,934821,
2026-03-02,HAG.DE,XETRA,79.0500,81.0000,76.1000,78.0500,671761,
2026-03-02,HFG.DE,XETRA,4.5520,4.8060,4.5520,4.7390,829008,
2026-03-02,HNR1.DE,XETRA,251.8000,256.6000,249.4000,256.2000,167387,
2026-03-02,IFX.DE,XETRA,44.0000,44.9900,43.3400,44.4150,4251856,
2026-03-02,JEN.DE,XETRA,27.2200,27.9200,26.8000,27.7600,198050,
2026-03-02,KGX.DE,XETRA,57.2000,57.7500,55.6500,57.0500,391048,
2026-03-02,LHA.DE,XETRA,8.2140,8.7140,8.0600,8.6140,12467306,
2026-03-02,MBG.DE,XETRA,57.0000,57.9000,56.3900,56.6300,3150830,
2026-03-02,MRK.DE,XETRA,124.4000,126.5000,123.9000,126.2500,251148,
2026-03-02,MTX.DE,XETRA,351.1000,358.9000,345.7000,355.8000,183711,
2026-03-02,MUV2.DE,XETRA,545.4000,557.6000,542.2000,551.8000,354963,
2026-03-02,NDX1.DE,XETRA,42.5600,44.0000,42.1400,43.1600,877942,
2026-03-02,NEM.DE,XETRA,67.3000,68.8500,65.7000,67.4500,302483,
2026-03-02,P911.DE,XETRA,40.2700,40.4100,39.7300,40.2700,755275,
2026-03-02,PUM.DE,XETRA,22.8200,23.1000,22.1100,22.2800,1414003,
2026-03-02,QIA.DE,XETRA,40.9000,41.8100,40.9000,41.2950,434187,
2026-03-02,R3NK.DE,XETRA,60.0000,61.9400,57.9800,58.9700,622892,
2026-03-02,RHM.DE,XETRA,1746.0000,1763.0000,1623.0000,1627.5000,348276,
2026-03-02,RWE.DE,XETRA,55.2000,55.6200,54.0200,54.9000,2465475,
2026-03-02,S92.DE,XETRA,30.8000,31.6000,29.2600,29.8600,204819,
2026-03-02,SAP.DE,XETRA,166.6200,169.1000,164.8600,167.1000,2776438,
2026-03-02,SHL.DE,XETRA,40.5000,41.6200,40.3300,41.3700,1542143,
2026-03-02,SIE.DE,XETRA,238.5000,240.6500,236.0500,238.2000,1426889,
2026-03-02,SRT3.DE,XETRA,233.7000,236.8000,229.4000,233.0000,95090,
2026-03-02,SZG.DE,XETRA,53.7500,54.5500,51.4500,52.7000,154657,
2026-03-02,TKA.DE,XETRA,10.3900,10.4250,9.9100,10.0650,3038471,
2026-03-02,TUI1.DE,XETRA,7.4800,7.6340,7.2520,7.2800,12647686,
2026-03-02,VOW3.DE,XETRA,98.5000,98.5600,95.6800,96.7400,1648944,
2026-03-02,WAF.DE,XETRA,55.5000,56.6000,54.0500,55.2000,48345,
2026-03-02,ZAL.DE,XETRA,20.0000,20.2300,19.5550,19.8300,2183947,
2026-03-03,ADS.DE,XETRA,149.6000,150.7500,145.5000,147.1000,1285406,
2026-03-03,AFX.DE,XETRA,25.8000,25.8400,25.2400,25.3600,258668,
2026-03-03,AIR.DE,XETRA,180.9000,180.9000,173.4600,175.3200,523212,
2026-03-03,AIXA.DE,XETRA,29.3700,29.5700,28.0400,28.8700,1466225,
2026-03-03,ALV.DE,XETRA,366.0000,366.0000,350.9000,355.4000,1303489,
2026-03-03,BAYN.DE,XETRA,39.7700,39.7700,37.8100,38.3100,7245401,
2026-03-03,BC8.DE,XETRA,32.8000,33.2600,32.6000,32.8400,248490,
2026-03-03,BMW.DE,XETRA,85.2800,85.2800,81.9200,82.5200,1550495,
2026-03-03,CBK.DE,XETRA,32.9000,32.9000,31.3400,31.6600,5547444,
2026-03-03,CON.DE,XETRA,70.6200,70.6200,66.0400,67.2600,644599,
2026-03-03,DBK.DE,XETRA,28.6400,28.6650,27.3450,27.9900,11929543,
2026-03-03,DHER.DE,XETRA,17.9000,18.3000,16.7150,17.2550,1653132,
2026-03-03,ENR.DE,XETRA,156.0000,158.2000,150.3000,155.4000,3871118,
2026-03-03,EOAN.DE,XETRA,18.8650,19.0550,18.5850,18.6750,6900626,
2026-03-03,EVT.DE,XETRA,5.6160,5.6420,5.2280,5.3040,1386983,
2026-03-03,FRE.DE,XETRA,49.6200,49.9000,47.6700,48.2100,1149375,
2026-03-03,HAG.DE,XETRA,78.9500,80.0500,74.8000,76.6500,387621,
2026-03-03,HFG.DE,XETRA,4.6710,4.8300,4.6160,4.7840,1078270,
2026-03-03,HNR1.DE,XETRA,252.0000,252.4000,246.2000,247.2000,191999,
2026-03-03,IFX.DE,XETRA,43.2250,43.5200,41.4350,41.6800,6868809,
2026-03-03,JEN.DE,XETRA,27.2800,27.3400,26.2200,26.3800,191095,
2026-03-03,KGX.DE,XETRA,55.0000,55.2500,51.4000,52.1000,547401,
2026-03-03,LHA.DE,XETRA,8.6300,8.6340,8.1160,8.2640,8927233,
2026-03-03,MBG.DE,XETRA,57.0100,57.0100,54.8200,55.7400,3303930,
2026-03-03,MRK.DE,XETRA,125.1000,125.7000,120.8500,121.3500,351520,
2026-03-03,MTX.DE,XETRA,355.7000,357.9000,341.7000,347.4000,246888,
2026-03-03,MUV2.DE,XETRA,547.0000,549.4000,523.6000,524.6000,465642,
2026-03-03,NDX1.DE,XETRA,42.9400,43.1800,40.5000,40.8400,812583,
2026-03-03,NEM.DE,XETRA,67.4500,67.7000,65.3500,67.7000,266130,
2026-03-03,P911.DE,XETRA,39.8000,39.9300,38.4300,38.7800,989394,
2026-03-03,PUM.DE,XETRA,22.0000,22.0400,21.2600,21.8300,1308826,
2026-03-03,QIA.DE,XETRA,42.0250,42.0250,40.4500,40.7000,778722,
2026-03-03,R3NK.DE,XETRA,58.9700,59.0100,55.6800,57.0600,616402,
2026-03-03,RHM.DE,XETRA,1620.0000,1639.0000,1575.0000,1580.0000,250898,
2026-03-03,RWE.DE,XETRA,53.2000,53.6000,51.9000,53.2000,3947893,
2026-03-03,S92.DE,XETRA,30.4000,33.2200,28.6800,29.1600,333558,
2026-03-03,SAP.DE,XETRA,165.6000,166.1600,161.2800,165.4800,3971985,
2026-03-03,SHL.DE,XETRA,41.1900,41.4600,40.0700,40.0700,1499270,
2026-03-03,SIE.DE,XETRA,229.4000,232.2500,224.1000,226.4500,2435867,
2026-03-03,SRT3.DE,XETRA,229.0000,230.3000,222.5000,224.5000,110583,
2026-03-03,SZG.DE,XETRA,51.8000,51.8500,49.1000,50.0000,368866,
2026-03-03,TKA.DE,XETRA,9.9000,9.9520,9.2300,9.4360,4370353,
2026-03-03,TUI1.DE,XETRA,7.2000,7.2000,6.9140,7.1600,9502672,
2026-03-03,VOW3.DE,XETRA,96.3800,96.3800,92.5800,93.5800,1346234,
2026-03-03,WAF.DE,XETRA,54.0000,54.0000,51.0000,53.1000,67504,
2026-03-03,ZAL.DE,XETRA,19.5400,19.8850,18.7900,19.1600,2508610,
2026-03-04,ADS.DE,XETRA,146.0500,146.8000,134.8500,141.8000,2953474,
2026-03-04,AFX.DE,XETRA,25.5000,25.9000,25.2000,25.8800,196190,
2026-03-04,AIR.DE,XETRA,175.4200,178.3600,174.4600,177.2400,426809,
2026-03-04,AIXA.DE,XETRA,29.8000,31.2000,29.3000,30.4100,1524673,
2026-03-04,ALV.DE,XETRA,358.5000,364.0000,356.2000,359.0000,833759,
2026-03-04,BAYN.DE,XETRA,37.8200,38.2700,35.3800,37.4000,9113048,
2026-03-04,BC8.DE,XETRA,33.1400,33.4200,32.7800,33.4200,133150,
2026-03-04,BMW.DE,XETRA,83.0200,83.7200,82.0000,82.6400,1071342,
2026-03-04,CBK.DE,XETRA,31.7700,32.4600,31.2800,32.1000,3705353,
2026-03-04,CON.DE,XETRA,66.0000,68.5000,65.1400,66.9600,729029,
2026-03-04,DBK.DE,XETRA,27.9050,28.7800,27.8650,28.6100,7281691,
2026-03-04,DHER.DE,XETRA,17.5450,18.2350,17.0550,17.7750,1035162,
2026-03-04,ENR.DE,XETRA,153.0000,163.1000,152.0500,162.7500,2196884,
2026-03-04,EOAN.DE,XETRA,18.7500,19.0700,18.6400,18.8750,4663162,
2026-03-04,EVT.DE,XETRA,5.3700,5.6520,5.3360,5.6520,547461,
2026-03-04,FRE.DE,XETRA,48.3600,48.9700,48.1500,48.1800,1124608,
2026-03-04,HAG.DE,XETRA,75.8500,79.5500,75.8500,78.6500,378015,
2026-03-04,HFG.DE,XETRA,4.7600,4.8840,4.5940,4.6810,1136415,
2026-03-04,HNR1.DE,XETRA,249.2000,252.0000,249.2000,251.4000,121544,
2026-03-04,IFX.DE,XETRA,42.1900,44.0050,41.8200,43.9450,5288455,
2026-03-04,JEN.DE,XETRA,26.8000,27.6200,26.3600,27.6200,150995,
2026-03-04,KGX.DE,XETRA,53.0500,54.9000,52.4000,54.4000,397119,
2026-03-04,LHA.DE,XETRA,8.3000,8.5640,8.1480,8.3880,6855935,
2026-03-04,MBG.DE,XETRA,55.8700,57.0400,55.4900,56.5200,2163310,
2026-03-04,MRK.DE,XETRA,122.2500,124.4500,121.8000,123.0500,383159,
2026-03-04,MTX.DE,XETRA,346.2000,357.2000,345.8000,355.9000,162545,
2026-03-04,MUV2.DE,XETRA,528.6000,538.6000,528.6000,534.6000,280687,
2026-03-04,NDX1.DE,XETRA,40.6200,43.2000,40.6000,42.9600,765739,
2026-03-04,NEM.DE,XETRA,68.9000,69.2500,67.5000,68.7000,270917,
2026-03-04,P911.DE,XETRA,38.9500,39.5900,38.5500,39.3100,604093,
2026-03-04,PUM.DE,XETRA,21.8400,22.0900,21.4100,21.6500,921905,
2026-03-04,QIA.DE,XETRA,40.7300,41.2650,40.7300,40.8750,481760,
2026-03-04,R3NK.DE,XETRA,56.3500,59.6800,56.3200,58.7000,664574,
2026-03-04,RHM.DE,XETRA,1568.5000,1649.5000,1560.0000,1638.5000,217832,
2026-03-04,RWE.DE,XETRA,52.9200,53.8600,52.8000,53.3400,1603403,
2026-03-04,S92.DE,XETRA,28.6800,32.0000,28.2800,32.0000,163969,
2026-03-04,SAP.DE,XETRA,169.2200,169.2200,165.9400,167.3800,2444753,
2026-03-04,SHL.DE,XETRA,40.5300,41.6500,40.4400,41.4100,1046323,
2026-03-04,SIE.DE,XETRA,227.0500,234.1000,225.0500,232.9000,1531277,
2026-03-04,SRT3.DE,XETRA,225.0000,232.6000,223.7000,231.9000,62600,
2026-03-04,SZG.DE,XETRA,49.3600,51.8500,48.7200,51.5000,157519,
2026-03-04,TKA.DE,XETRA,9.3200,9.8080,9.2260,9.8080,4024342,
2026-03-04,TUI1.DE,XETRA,7.2800,7.5560,7.1760,7.5220,5633945,
2026-03-04,VOW3.DE,XETRA,94.0200,95.4600,93.3000,94.4400,856515,
2026-03-04,WAF.DE,XETRA,53.3000,55.2500,51.9500,53.7000,38376,
2026-03-04,ZAL.DE,XETRA,19.4550,19.6900,19.1400,19.6650,1483051,
2026-03-05,ADS.DE,XETRA,140.2000,149.1000,139.7500,145.1000,1499845,
2026-03-05,AFX.DE,XETRA,25.6600,25.8800,25.2600,25.3800,213281,
2026-03-05,AIR.DE,XETRA,178.2800,181.8400,175.7200,175.9800,407093,
2026-03-05,AIXA.DE,XETRA,30.4200,31.2500,29.0000,29.0900,1524118,
2026-03-05,ALV.DE,XETRA,356.1000,360.0000,351.8000,353.2000,1131579,
2026-03-05,BAYN.DE,XETRA,37.4550,38.4400,36.2950,37.7750,5149847,
2026-03-05,BC8.DE,XETRA,33.5000,33.5200,32.9000,33.2200,209044,
2026-03-05,BMW.DE,XETRA,82.4000,83.7400,81.2200,81.4200,1184960,
2026-03-05,CBK.DE,XETRA,31.9300,32.4500,31.2400,31.2400,3537249,
2026-03-05,CON.DE,XETRA,66.1600,66.5800,64.6200,65.6600,513098,
2026-03-05,DBK.DE,XETRA,28.5000,29.0550,27.7450,27.9150,7529214,
2026-03-05,DHER.DE,XETRA,17.8000,18.9150,17.7200,17.9850,1908509,
2026-03-05,ENR.DE,XETRA,164.0000,164.0000,152.5000,153.1000,2380067,
2026-03-05,EOAN.DE,XETRA,18.8000,19.1850,18.7850,18.9200,3957187,
2026-03-05,EVT.DE,XETRA,5.6320,5.6940,5.4260,5.4640,317511,
2026-03-05,FRE.DE,XETRA,47.8600,47.9400,46.1300,46.4000,1937747,
2026-03-05,HAG.DE,XETRA,79.5000,79.6000,71.7000,71.8500,480408,
2026-03-05,HFG.DE,XETRA,4.6600,4.9810,4.5990,4.8950,1244909,
2026-03-05,HNR1.DE,XETRA,250.6000,252.8000,249.6000,252.0000,124843,
2026-03-05,IFX.DE,XETRA,44.0000,44.7950,42.1000,42.3000,4437982,
2026-03-05,JEN.DE,XETRA,28.5000,29.8400,28.0000,28.0800,532815,
2026-03-05,KGX.DE,XETRA,54.0500,54.3500,52.0000,52.2500,354879,
2026-03-05,LHA.DE,XETRA,8.3200,8.4480,8.0640,8.1200,9775849,
2026-03-05,MBG.DE,XETRA,56.1800,57.0400,55.4700,55.6500,2170711,
2026-03-05,MRK.DE,XETRA,126.3000,126.4500,113.2000,113.2000,980626,
2026-03-05,MTX.DE,XETRA,358.0000,364.9000,348.2000,348.3000,192173,
2026-03-05,MUV2.DE,XETRA,531.0000,535.4000,528.2000,532.0000,393002,
2026-03-05,NDX1.DE,XETRA,42.9600,43.8400,41.9800,42.0800,552633,
2026-03-05,NEM.DE,XETRA,68.3000,68.9500,66.4500,67.9000,256110,
2026-03-05,P911.DE,XETRA,39.2200,39.7100,38.5400,38.6400,644033,
2026-03-05,PUM.DE,XETRA,21.4000,23.4600,21.3500,22.6200,1290533,
2026-03-05,QIA.DE,XETRA,39.7700,40.5500,39.3700,40.5500,619480,
2026-03-05,R3NK.DE,XETRA,58.5000,58.5600,52.0000,52.0000,2166954,
2026-03-05,RHM.DE,XETRA,1650.0000,1657.5000,1546.5000,1547.0000,275080,
2026-03-05,RWE.DE,XETRA,53.2000,53.8800,52.5400,52.6000,1567693,
2026-03-05,S92.DE,XETRA,31.4400,33.6800,29.7000,29.9800,186534,
2026-03-05,SAP.DE,XETRA,167.5000,172.8000,166.4800,170.9800,2961032,
2026-03-05,SHL.DE,XETRA,41.1000,41.2900,40.2600,40.5000,1413737,
2026-03-05,SIE.DE,XETRA,232.9500,234.0000,222.9000,224.8000,1827649,
2026-03-05,SRT3.DE,XETRA,232.0000,235.0000,225.3000,225.3000,124711,
2026-03-05,SZG.DE,XETRA,51.5000,52.5500,49.1400,49.1400,207745,
2026-03-05,TKA.DE,XETRA,9.8800,10.0850,9.4540,9.5220,3430542,
2026-03-05,TUI1.DE,XETRA,7.4560,7.5880,7.3120,7.3300,3895256,
2026-03-05,VOW3.DE,XETRA,93.6200,95.3800,92.8000,92.8000,1090141,
2026-03-05,WAF.DE,XETRA,54.9000,55.3500,51.1500,51.4500,62614,
2026-03-05,ZAL.DE,XETRA,19.6500,20.6500,19.4000,20.3800,2487935,
2026-03-06,ADS.DE,XETRA,145.5000,148.8000,141.8500,142.7000,1014497,
2026-03-06,AFX.DE,XETRA,25.6600,25.8400,25.0400,25.0400,186111,
2026-03-06,AIR.DE,XETRA,176.5600,178.2400,172.6000,175.4600,576576,
2026-03-06,AIXA.DE,XETRA,29.5000,30.4100,28.1700,28.8200,1094552,
2026-03-06,ALV.DE,XETRA,353.3000,354.4000,341.3000,347.6000,1109252,
2026-03-06,BAYN.DE,XETRA,37.7000,37.8700,36.1450,36.3900,4829982,
2026-03-06,BC8.DE,XETRA,33.7400,33.8600,33.1600,33.5200,244963,
2026-03-06,BMW.DE,XETRA,82.0000,82.0400,79.2000,79.8000,1374787,
2026-03-06,CBK.DE,XETRA,31.3100,31.4600,30.0700,30.5700,4118452,
2026-03-06,CON.DE,XETRA,66.1000,66.4000,63.1400,63.5200,531606,
2026-03-06,DBK.DE,XETRA,28.0600,28.1650,26.6000,26.9250,10658379,
2026-03-06,DHER.DE,XETRA,18.3500,18.7550,17.8000,18.5750,1470705,
2026-03-06,ENR.DE,XETRA,155.6000,156.2000,146.2500,149.7500,3663243,
2026-03-06,EOAN.DE,XETRA,18.8800,19.0050,18.4550,18.6600,4546526,
2026-03-06,EVT.DE,XETRA,5.5240,5.5320,5.3140,5.4020,432513,
2026-03-06,FRE.DE,XETRA,46.2100,47.2400,46.0600,46.7300,1289714,
2026-03-06,HAG.DE,XETRA,73.0000,74.9500,73.0000,73.7000,388355,
2026-03-06,HFG.DE,XETRA,4.9930,5.0500,4.8320,4.9890,756021,
2026-03-06,HNR1.DE,XETRA,252.0000,253.4000,246.4000,248.8000,161782,
2026-03-06,IFX.DE,XETRA,41.6700,41.7750,39.2250,39.4200,7380553,
2026-03-06,JEN.DE,XETRA,28.3600,28.6200,27.2000,27.8600,294459,
2026-03-06,KGX.DE,XETRA,52.4500,52.9000,50.4000,50.4000,480442,
2026-03-06,LHA.DE,XETRA,8.1620,8.4440,7.9020,8.1200,10903800,
2026-03-06,MBG.DE,XETRA,55.7700,55.9300,54.2300,54.7800,2682889,
2026-03-06,MRK.DE,XETRA,113.8000,114.5500,109.7000,110.1500,737071,
2026-03-06,MTX.DE,XETRA,350.1000,352.8000,344.8000,351.0000,118989,
2026-03-06,MUV2.DE,XETRA,531.0000,533.8000,520.4000,525.2000,380380,
2026-03-06,NDX1.DE,XETRA,42.0200,42.2000,40.7400,41.2800,576489,
2026-03-06,NEM.DE,XETRA,68.5000,69.7000,67.9500,69.2000,347458,
2026-03-06,P911.DE,XETRA,39.0400,39.0900,37.6400,37.8500,825887,
2026-03-06,PUM.DE,XETRA,23.0000,23.0900,22.2500,22.4000,707637,
2026-03-06,QIA.DE,XETRA,39.7400,40.3200,38.9750,39.0950,610719,
2026-03-06,R3NK.DE,XETRA,54.2000,56.3800,54.2000,55.7100,1275575,
2026-03-06,RHM.DE,XETRA,1552.0000,1604.0000,1548.0000,1592.5000,206499,
2026-03-06,RWE.DE,XETRA,52.5600,53.0200,51.8600,52.8200,1891595,
2026-03-06,S92.DE,XETRA,30.6000,31.0200,29.3000,30.0200,119586,
2026-03-06,SAP.DE,XETRA,173.6600,175.1000,170.2400,172.7400,3348087,
2026-03-06,SHL.DE,XETRA,40.6700,41.1300,40.3400,40.4100,1270027,
2026-03-06,SIE.DE,XETRA,228.0000,229.2500,221.1500,224.8000,1897067,
2026-03-06,SRT3.DE,XETRA,227.0000,228.5000,217.2000,217.2000,115324,
2026-03-06,SZG.DE,XETRA,49.5800,50.0000,46.9600,48.0800,243486,
2026-03-06,TKA.DE,XETRA,9.7520,9.8060,9.1100,9.1600,3850599,
2026-03-06,TUI1.DE,XETRA,7.4000,7.4600,7.2020,7.2200,2998702,
2026-03-06,VOW3.DE,XETRA,93.0000,93.2400,89.5400,89.9800,1506371,
2026-03-06,WAF.DE,XETRA,52.0000,52.0000,49.1000,50.8000,79681,
2026-03-06,ZAL.DE,XETRA,20.4300,20.7500,20.2300,20.3200,1839863,
2026-03-09,ADS.DE,XETRA,140.9500,140.9500,136.2000,139.7000,891300,
2026-03-09,AFX.DE,XETRA,25.0000,25.0400,24.3600,24.3800,215693,
2026-03-09,AIR.DE,XETRA,169.5000,175.9800,166.5800,175.3400,364753,
2026-03-09,AIXA.DE,XETRA,27.3000,29.4500,26.9100,28.6000,1040453,
2026-03-09,ALV.DE,XETRA,344.9000,346.6000,338.8000,344.2000,788894,
2026-03-09,BAYN.DE,XETRA,35.6850,37.7500,35.2000,37.5900,3700197,
2026-03-09,BC8.DE,XETRA,33.0000,33.3200,32.6200,32.8400,247923,
2026-03-09,BMW.DE,XETRA,79.5400,79.5800,77.7600,78.7600,1214484,
2026-03-09,CBK.DE,XETRA,29.7500,30.4200,29.3700,30.3600,4127280,
2026-03-09,CON.DE,XETRA,61.5200,61.7600,59.5800,60.8400,614816,
2026-03-09,DBK.DE,XETRA,26.3000,26.5500,25.8600,26.5500,9713620,
2026-03-09,DHER.DE,XETRA,18.0000,18.6050,17.7450,18.0700,936052,
2026-03-09,ENR.DE,XETRA,136.6500,149.0000,135.7000,148.7500,3278215,
2026-03-09,EOAN.DE,XETRA,18.4500,18.4700,18.1050,18.4350,4127907,
2026-03-09,EVT.DE,XETRA,5.2500,5.3380,5.1600,5.2700,737490,
2026-03-09,FRE.DE,XETRA,46.0200,47.2200,45.6200,47.1400,1011929,
2026-03-09,HAG.DE,XETRA,74.6500,78.3000,73.4500,77.1500,591781,
2026-03-09,HFG.DE,XETRA,4.9440,5.0420,4.7970,4.9200,617093,
2026-03-09,HNR1.DE,XETRA,248.8000,250.8000,245.6000,246.4000,113590,
2026-03-09,IFX.DE,XETRA,37.5200,39.1750,37.3000,38.9500,5618933,
2026-03-09,JEN.DE,XETRA,26.8000,27.2000,26.2800,26.8800,202652,
2026-03-09,KGX.DE,XETRA,49.0000,49.2400,47.8400,48.7000,465514,
2026-03-09,LHA.DE,XETRA,7.8000,7.9140,7.5020,7.6020,13953285,
2026-03-09,MBG.DE,XETRA,54.5000,54.8600,53.5400,54.2500,2395578,
2026-03-09,MRK.DE,XETRA,108.0000,109.3500,106.6500,107.6500,496902,
2026-03-09,MTX.DE,XETRA,345.1000,346.1000,331.9000,340.9000,154654,
2026-03-09,MUV2.DE,XETRA,529.0000,532.6000,519.2000,523.4000,237059,
2026-03-09,NDX1.DE,XETRA,39.4200,41.5000,39.1200,41.0600,676202,
2026-03-09,NEM.DE,XETRA,67.2000,69.4500,66.8000,69.0500,219167,
2026-03-09,P911.DE,XETRA,37.6000,37.6000,36.4500,36.4500,861116,
2026-03-09,PUM.DE,XETRA,21.7500,21.9600,21.1800,21.8400,988957,
2026-03-09,QIA.DE,XETRA,38.9650,39.0000,36.8950,37.1650,683663,
2026-03-09,R3NK.DE,XETRA,54.2600,56.1500,52.9100,55.4500,795072,
2026-03-09,RHM.DE,XETRA,1581.5000,1641.5000,1553.0000,1625.0000,211238,
2026-03-09,RWE.DE,XETRA,52.1000,53.3200,51.4000,53.3000,1521913,
2026-03-09,S92.DE,XETRA,28.9200,29.8600,28.7600,29.6800,64970,
2026-03-09,SAP.DE,XETRA,173.7200,173.8600,168.5200,171.8800,1990823,
2026-03-09,SHL.DE,XETRA,40.5600,40.7000,39.4300,40.0000,1275199,
2026-03-09,SIE.DE,XETRA,216.9500,221.8000,214.6500,221.1000,1531292,
2026-03-09,SRT3.DE,XETRA,211.0000,214.6000,207.9000,214.6000,93334,
2026-03-09,SZG.DE,XETRA,44.9200,46.2800,44.1000,45.0600,268839,
2026-03-09,TKA.DE,XETRA,8.7900,8.8600,8.4660,8.8000,4088751,
2026-03-09,TUI1.DE,XETRA,6.9260,7.0940,6.8560,6.9000,6483508,
2026-03-09,VOW3.DE,XETRA,90.0000,90.1000,87.6000,87.8200,1444869,
2026-03-09,WAF.DE,XETRA,49.0000,50.9500,48.4200,50.2000,78194,
2026-03-09,ZAL.DE,XETRA,20.2700,20.3700,19.8250,19.8400,1264140,
2026-03-10,ADS.DE,XETRA,142.2500,142.7500,137.5000,141.8500,984891,
2026-03-10,AFX.DE,XETRA,24.9000,25.3400,24.6000,24.8000,316014,
2026-03-10,AIR.DE,XETRA,178.8000,179.7600,176.1400,177.8600,287560,
2026-03-10,AIXA.DE,XETRA,29.5000,31.6300,29.4500,31.6300,1149429,
2026-03-10,ALV.DE,XETRA,351.3000,355.7000,350.4000,354.4000,845912,
2026-03-10,BAYN.DE,XETRA,38.4400,40.0400,38.3250,39.6250,4578784,
2026-03-10,BC8.DE,XETRA,33.3200,33.4000,32.5400,32.5400,315709,
2026-03-10,BMW.DE,XETRA,80.2800,81.3800,79.8200,80.4000,1477427,
2026-03-10,CBK.DE,XETRA,31.5100,32.0100,31.2000,31.7200,4497022,
2026-03-10,CON.DE,XETRA,64.0600,64.5200,63.2600,64.1000,671446,
2026-03-10,DBK.DE,XETRA,27.6150,27.8850,27.2750,27.4600,10606684,
2026-03-10,DHER.DE,XETRA,18.5800,19.1800,18.2700,18.3900,1276288,
2026-03-10,ENR.DE,XETRA,158.0000,159.4000,154.5500,157.7000,2818124,
2026-03-10,EOAN.DE,XETRA,19.0300,19.2600,18.7200,19.1200,4840794,
2026-03-10,EVT.DE,XETRA,5.1920,5.3260,4.3800,4.7090,6308279,
2026-03-10,FRE.DE,XETRA,48.1900,48.5900,47.9000,48.3000,1376256,
2026-03-10,HAG.DE,XETRA,77.0500,78.8500,75.9000,77.5500,290627,
2026-03-10,HFG.DE,XETRA,4.9990,4.9990,4.7320,4.8000,1056229,
2026-03-10,HNR1.DE,XETRA,250.0000,251.4000,248.4000,248.4000,134777,
2026-03-10,IFX.DE,XETRA,41.0000,41.6900,40.5550,41.3150,5065952,
2026-03-10,JEN.DE,XETRA,27.7000,28.1600,27.4600,27.6400,224093,
2026-03-10,KGX.DE,XETRA,50.3500,51.8000,50.2000,50.7500,647213,
2026-03-10,LHA.DE,XETRA,8.1000,8.2520,7.9840,8.2020,10261048,
2026-03-10,MBG.DE,XETRA,55.3800,55.8400,54.9000,55.0500,2853448,
2026-03-10,MRK.DE,XETRA,110.8000,112.2000,109.4000,111.0000,436198,
2026-03-10,MTX.DE,XETRA,350.0000,353.8000,346.6000,352.4000,148820,
2026-03-10,MUV2.DE,XETRA,531.2000,534.2000,529.0000,529.8000,265250,
2026-03-10,NDX1.DE,XETRA,42.5200,43.6800,42.2200,43.0200,603584,
2026-03-10,NEM.DE,XETRA,70.6500,71.0500,67.9000,68.0000,256189,
2026-03-10,P911.DE,XETRA,37.6700,37.9100,36.9500,37.9100,998332,
2026-03-10,PUM.DE,XETRA,22.2300,22.5200,21.4400,21.9900,651341,
2026-03-10,QIA.DE,XETRA,37.3200,37.8200,36.5150,37.0450,646823,
2026-03-10,R3NK.DE,XETRA,56.5000,56.7200,55.0500,55.3000,819123,
2026-03-10,RHM.DE,XETRA,1616.5000,1665.5000,1596.0000,1653.0000,199281,
2026-03-10,RWE.DE,XETRA,54.0400,54.9800,53.8200,54.2200,1851282,
2026-03-10,S92.DE,XETRA,31.2800,32.4000,31.0000,31.4800,119884,
2026-03-10,SAP.DE,XETRA,171.6000,172.8800,166.4600,169.6000,3187246,
2026-03-10,SHL.DE,XETRA,40.4600,40.7300,39.5600,39.9800,1169461,
2026-03-10,SIE.DE,XETRA,230.1500,233.5000,228.0000,232.1500,1410765,
2026-03-10,SRT3.DE,XETRA,221.0000,224.7000,216.9000,221.1000,102023,
2026-03-10,SZG.DE,XETRA,47.3000,48.1200,46.7600,47.8200,137357,
2026-03-10,TKA.DE,XETRA,9.2000,9.3080,9.0840,9.1880,2838813,
2026-03-10,TUI1.DE,XETRA,7.2000,7.2640,7.0600,7.1260,4047389,
2026-03-10,VOW3.DE,XETRA,89.9800,91.6000,89.0800,90.3000,1507449,
2026-03-10,WAF.DE,XETRA,51.7500,53.5500,50.7000,51.0000,51447,
2026-03-10,ZAL.DE,XETRA,20.2300,20.6100,20.0900,20.4100,1198127,
2026-03-11,ADS.DE,XETRA,140.0000,142.0000,139.0000,140.0500,619021,
2026-03-11,AFX.DE,XETRA,24.3400,24.5000,23.6600,24.0000,349331,
2026-03-11,AIR.DE,XETRA,175.6800,177.3200,174.0600,176.8000,256557,
2026-03-11,AIXA.DE,XETRA,31.7500,33.9000,31.1500,33.0400,1506986,
2026-03-11,ALV.DE,XETRA,350.6000,353.2000,349.8000,351.9000,659729,
2026-03-11,BAYN.DE,XETRA,39.0150,40.2450,38.9400,40.0150,3189709,
2026-03-11,BC8.DE,XETRA,32.2400,33.0200,32.0400,32.6800,189013,
2026-03-11,BMW.DE,XETRA,79.9600,81.8000,79.8400,80.8200,1012069,
2026-03-11,CBK.DE,XETRA,31.3100,31.8200,31.2400,31.5200,1953206,
2026-03-11,CON.DE,XETRA,63.5400,64.4600,63.1600,64.0600,307278,
2026-03-11,DBK.DE,XETRA,27.0400,27.5600,26.8950,27.1350,5562361,
2026-03-11,DHER.DE,XETRA,17.5800,18.3000,16.8200,17.4900,3412688,
2026-03-11,ENR.DE,XETRA,156.7500,157.0500,153.0500,154.6000,1774617,
2026-03-11,EOAN.DE,XETRA,19.1300,19.2400,18.9250,19.1450,3764860,
2026-03-11,EVT.DE,XETRA,4.5800,4.6140,4.3300,4.3520,2206914,
2026-03-11,FRE.DE,XETRA,47.8400,48.0700,47.1700,47.2000,998014,
2026-03-11,HAG.DE,XETRA,77.1000,77.6500,74.4000,76.2000,370778,
2026-03-11,HFG.DE,XETRA,4.7420,4.7900,4.6100,4.6220,710208,
2026-03-11,HNR1.DE,XETRA,247.6000,249.0000,246.2000,247.4000,145640,
2026-03-11,IFX.DE,XETRA,40.9200,41.8250,40.6050,41.5500,3215106,
2026-03-11,JEN.DE,XETRA,27.3400,27.6200,26.8600,27.0400,94684,
2026-03-11,KGX.DE,XETRA,50.0500,50.1000,48.7200,49.2800,404319,
2026-03-11,LHA.DE,XETRA,8.1000,8.1080,7.9460,8.0700,6590561,
2026-03-11,MBG.DE,XETRA,54.8400,55.5600,54.6300,54.8900,1757638,
2026-03-11,MRK.DE,XETRA,110.8000,111.7000,109.9500,111.0000,408708,
2026-03-11,MTX.DE,XETRA,350.6000,352.8000,345.2000,350.4000,131524,
2026-03-11,MUV2.DE,XETRA,524.2000,530.6000,523.8000,526.4000,205072,
2026-03-11,NDX1.DE,XETRA,42.9600,43.9600,42.9200,43.6000,591773,
2026-03-11,NEM.DE,XETRA,67.8000,68.6000,66.6500,67.2000,198882,
2026-03-11,P911.DE,XETRA,38.2000,38.6900,37.2000,37.4700,950021,
2026-03-11,PUM.DE,XETRA,21.8200,22.1500,21.3800,21.5600,507554,
2026-03-11,QIA.DE,XETRA,36.7250,37.0550,35.9050,36.1400,667498,
2026-03-11,R3NK.DE,XETRA,55.2800,55.4600,53.2300,54.3300,805997,
2026-03-11,RHM.DE,XETRA,1620.0000,1622.5000,1509.0000,1520.5000,851766,
2026-03-11,RWE.DE,XETRA,53.6000,54.2400,52.7600,53.5400,1901458,
2026-03-11,S92.DE,XETRA,31.4200,34.4800,31.1800,33.4800,175866,
2026-03-11,SAP.DE,XETRA,167.1000,168.9600,163.0200,165.4400,2953782,
2026-03-11,SHL.DE,XETRA,39.5500,39.7600,39.0100,39.3100,1137558,
2026-03-11,SIE.DE,XETRA,229.9000,230.5000,225.8000,228.2000,969954,
2026-03-11,SRT3.DE,XETRA,218.0000,222.6000,216.2000,222.6000,113688,
2026-03-11,SZG.DE,XETRA,47.3800,48.2800,46.7200,47.0000,80889,
2026-03-11,TKA.DE,XETRA,9.0180,9.1880,8.9000,9.0240,2725041,
2026-03-11,TUI1.DE,XETRA,7.1000,7.1960,7.0320,7.0680,2852273,
2026-03-11,VOW3.DE,XETRA,90.0600,92.1000,89.9600,91.7200,973247,
2026-03-11,WAF.DE,XETRA,50.0000,53.7000,49.7000,52.0000,74405,
2026-03-11,ZAL.DE,XETRA,20.2100,20.5800,20.0200,20.1100,1274669,
2026-03-12,ADS.DE,XETRA,139.0000,141.4500,137.8000,141.2000,879119,
2026-03-12,AFX.DE,XETRA,23.7600,24.1600,23.4600,23.6000,182571,
2026-03-12,AIR.DE,XETRA,176.6800,177.7200,169.6000,171.9200,375759,
2026-03-12,AIXA.DE,XETRA,33.6700,35.0700,31.6600,32.2800,2198829,
2026-03-12,ALV.DE,XETRA,349.6000,351.6000,346.4000,350.5000,608453,
2026-03-12,BAYN.DE,XETRA,39.4450,39.8150,38.7300,39.1300,2858385,
2026-03-12,BC8.DE,XETRA,32.4000,33.0000,32.1000,32.5000,186893,
2026-03-12,BMW.DE,XETRA,79.0000,81.9600,77.9000,81.6800,1596631,
2026-03-12,CBK.DE,XETRA,31.2400,31.3000,29.9000,30.2300,3494079,
2026-03-12,CON.DE,XETRA,63.4600,63.4800,61.2400,61.7800,574281,
2026-03-12,DBK.DE,XETRA,26.8900,27.0000,25.1350,25.7050,12903109,
2026-03-12,DHER.DE,XETRA,17.4450,17.9500,16.9100,17.0750,1391573,
2026-03-12,ENR.DE,XETRA,152.9500,155.8500,147.7000,152.6500,1979482,
2026-03-12,EOAN.DE,XETRA,19.1700,19.4950,19.1100,19.3950,4931802,
2026-03-12,EVT.DE,XETRA,4.2080,4.4020,4.2000,4.3050,1276676,
2026-03-12,FRE.DE,XETRA,46.8800,47.1200,46.4300,46.6100,998105,
2026-03-12,HAG.DE,XETRA,77.9000,81.1500,77.9000,78.6000,634108,
2026-03-12,HFG.DE,XETRA,4.6300,4.8550,4.5760,4.8460,770551,
2026-03-12,HNR1.DE,XETRA,250.2000,259.6000,247.8000,258.4000,222955,
2026-03-12,IFX.DE,XETRA,40.9800,41.3950,39.4650,40.2700,3133122,
2026-03-12,JEN.DE,XETRA,26.9000,27.4200,26.7000,26.9600,159396,
2026-03-12,KGX.DE,XETRA,48.9200,49.2200,47.3200,48.0200,460076,
2026-03-12,LHA.DE,XETRA,7.9960,8.0460,7.7480,7.7840,7802202,
2026-03-12,MBG.DE,XETRA,54.6800,55.3200,54.2100,55.2500,2211335,
2026-03-12,MRK.DE,XETRA,110.5000,111.0500,108.9000,109.4500,314389,
2026-03-12,MTX.DE,XETRA,351.9000,355.3000,338.6000,341.7000,196934,
2026-03-12,MUV2.DE,XETRA,524.4000,534.6000,523.6000,533.4000,268103,
2026-03-12,NDX1.DE,XETRA,43.8200,43.9200,42.8800,43.8200,462896,
2026-03-12,NEM.DE,XETRA,66.6000,70.2000,66.5500,68.7500,216627,
2026-03-12,P911.DE,XETRA,37.2300,38.2300,36.4800,37.9300,871536,
2026-03-12,PUM.DE,XETRA,21.4100,22.1900,21.3000,21.7500,767684,
2026-03-12,QIA.DE,XETRA,35.9750,36.0500,34.9900,35.3850,726255,
2026-03-12,R3NK.DE,XETRA,55.4500,57.3500,54.6200,54.6200,946710,
2026-03-12,RHM.DE,XETRA,1536.0000,1588.0000,1535.0000,1550.5000,317211,
2026-03-12,RWE.DE,XETRA,52.7400,56.1200,52.7000,55.6000,4134457,
2026-03-12,S92.DE,XETRA,33.1000,33.4600,32.4800,32.9800,70833,
2026-03-12,SAP.DE,XETRA,163.0000,168.9800,162.8000,167.0200,2614254,
2026-03-12,SHL.DE,XETRA,39.1700,39.7100,38.8600,39.0300,897205,
2026-03-12,SIE.DE,XETRA,226.8500,227.0000,219.6500,224.7000,1409301,
2026-03-12,SRT3.DE,XETRA,224.7000,227.3000,214.8000,215.0000,135898,
2026-03-12,SZG.DE,XETRA,46.6800,46.7400,44.1000,44.5400,78618,
2026-03-12,TKA.DE,XETRA,8.9460,8.9780,8.0520,8.3020,7863402,
2026-03-12,TUI1.DE,XETRA,7.0140,7.0160,6.6000,6.7160,8639808,
2026-03-12,VOW3.DE,XETRA,91.0000,92.4800,90.3800,92.3800,813222,
2026-03-12,WAF.DE,XETRA,50.9500,54.2500,50.6000,54.0000,75072,
2026-03-12,ZAL.DE,XETRA,21.0000,22.9000,20.5200,22.0200,4832000,
2026-03-13,ADS.DE,XETRA,139.2000,140.7500,137.4500,138.9000,704459,
2026-03-13,AFX.DE,XETRA,23.4400,24.1600,23.2200,23.6200,219640,
2026-03-13,AIR.DE,XETRA,172.3400,172.3400,168.1200,168.2600,318938,
2026-03-13,AIXA.DE,XETRA,32.1000,32.6900,31.3700,32.6000,1220776,
2026-03-13,ALV.DE,XETRA,349.6000,357.8000,348.3000,354.1000,688587,
2026-03-13,BAYN.DE,XETRA,38.7000,39.5200,38.3650,38.6350,2027393,
2026-03-13,BC8.DE,XETRA,32.1400,32.3000,31.3600,31.7000,275930,
2026-03-13,BMW.DE,XETRA,80.0600,81.8400,79.4800,81.3000,1181090,
2026-03-13,CBK.DE,XETRA,29.6300,30.4100,29.3500,29.5900,2661002,
2026-03-13,CON.DE,XETRA,61.3600,63.6800,61.0600,62.1600,499964,
2026-03-13,DBK.DE,XETRA,25.1950,25.9800,25.1100,25.4900,6617357,
2026-03-13,DHER.DE,XETRA,16.9000,17.3800,16.6500,16.9150,953870,
2026-03-13,ENR.DE,XETRA,150.9500,151.1000,142.4500,143.9500,3003936,
2026-03-13,EOAN.DE,XETRA,19.4050,20.1100,19.2700,19.9000,6423552,
2026-03-13,EVT.DE,XETRA,4.2350,4.2550,3.9950,4.1750,2020777,
2026-03-13,FRE.DE,XETRA,46.2000,47.2800,46.1600,46.8200,748018,
2026-03-13,HAG.DE,XETRA,78.6500,79.7000,77.2500,78.1000,300198,
2026-03-13,HFG.DE,XETRA,4.8080,4.8650,4.6800,4.8210,628185,
2026-03-13,HNR1.DE,XETRA,259.0000,263.4000,258.2000,261.2000,198356,
2026-03-13,IFX.DE,XETRA,39.7550,40.5000,39.6000,39.8350,2799093,
2026-03-13,JEN.DE,XETRA,26.7400,27.1200,26.3400,26.3400,121753,
2026-03-13,KGX.DE,XETRA,47.2200,47.2600,45.3800,45.8400,487211,
2026-03-13,LHA.DE,XETRA,7.5880,7.7580,7.5100,7.6060,7696987,
2026-03-13,MBG.DE,XETRA,54.4000,55.3200,53.8500,54.8500,1900477,
2026-03-13,MRK.DE,XETRA,108.0000,109.3500,107.5500,107.8000,296486,
2026-03-13,MTX.DE,XETRA,340.0000,340.7000,333.0000,333.6000,172216,
2026-03-13,MUV2.DE,XETRA,533.6000,540.2000,530.0000,537.6000,174833,
2026-03-13,NDX1.DE,XETRA,44.0000,44.8600,43.0800,43.2800,386049,
2026-03-13,NEM.DE,XETRA,68.3000,70.5000,68.2500,69.5500,185247,
2026-03-13,P911.DE,XETRA,37.2000,37.4900,36.2200,37.3000,763795,
2026-03-13,PUM.DE,XETRA,21.7000,22.0000,20.9100,21.6100,701963,
2026-03-13,QIA.DE,XETRA,36.1300,36.6650,35.4800,36.0350,552701,
2026-03-13,R3NK.DE,XETRA,54.6200,55.5400,53.9700,54.3100,453723,
2026-03-13,RHM.DE,XETRA,1551.0000,1620.5000,1551.0000,1592.5000,212609,
2026-03-13,RWE.DE,XETRA,55.5400,57.4800,55.1400,57.0200,2262444,
2026-03-13,S92.DE,XETRA,32.2000,34.6200,32.1800,33.9600,111934,
2026-03-13,SAP.DE,XETRA,165.4000,168.3600,165.1400,166.4400,1798070,
2026-03-13,SHL.DE,XETRA,38.5900,39.0400,38.3700,38.7800,806455,
2026-03-13,SIE.DE,XETRA,220.9000,223.6000,218.7500,220.3500,1015432,
2026-03-13,SRT3.DE,XETRA,215.0000,215.0000,209.6000,209.7000,89253,
2026-03-13,SZG.DE,XETRA,43.7200,43.8200,40.5200,40.8000,257402,
2026-03-13,TKA.DE,XETRA,8.0580,8.1040,7.7320,7.8020,5949929,
2026-03-13,TUI1.DE,XETRA,6.6360,6.6760,6.5560,6.6040,4202300,
2026-03-13,VOW3.DE,XETRA,91.5000,91.7000,89.2200,89.5000,975004,
2026-03-13,WAF.DE,XETRA,53.0500,60.5000,51.8000,58.3500,202617,
2026-03-13,ZAL.DE,XETRA,21.7500,24.2000,21.6500,23.5400,3939916,
2026-03-16,ADS.DE,XETRA,139.2000,141.0500,136.2000,141.0500,644458,
2026-03-16,AFX.DE,XETRA,23.8200,23.8200,23.2400,23.6000,139841,
2026-03-16,AIR.DE,XETRA,169.1800,170.8400,167.5600,170.0000,326972,
2026-03-16,AIXA.DE,XETRA,33.3000,34.1000,32.7400,33.4300,827229,
2026-03-16,ALV.DE,XETRA,354.1000,361.7000,353.1000,359.5000,701192,
2026-03-16,BAYN.DE,XETRA,39.1500,40.5250,39.1500,40.0900,3361669,
2026-03-16,BC8.DE,XETRA,31.8400,32.0200,30.6200,31.0000,252906,
2026-03-16,BMW.DE,XETRA,80.9800,81.0400,79.0400,79.0800,1249993,
2026-03-16,CBK.DE,XETRA,30.5500,32.4100,30.5000,32.1400,7214841,
2026-03-16,CON.DE,XETRA,61.9200,62.1400,61.0400,62.0200,326408,
2026-03-16,DBK.DE,XETRA,25.4500,26.2050,25.3800,25.9000,5260813,
2026-03-16,DHER.DE,XETRA,17.0000,17.1050,16.3250,16.7700,1056278,
2026-03-16,ENR.DE,XETRA,143.2000,150.1000,142.4000,146.8500,2047640,
2026-03-16,EOAN.DE,XETRA,19.7100,19.9100,19.6700,19.6700,4481193,
2026-03-16,EVT.DE,XETRA,4.1650,4.2640,4.0600,4.2640,680177,
2026-03-16,FRE.DE,XETRA,46.8600,47.2000,46.5900,46.9200,843122,
2026-03-16,HAG.DE,XETRA,80.7500,83.1500,80.4500,82.3000,401628,
2026-03-16,HFG.DE,XETRA,4.8900,4.9600,4.7210,4.7210,558490,
2026-03-16,HNR1.DE,XETRA,260.6000,265.0000,259.4000,263.2000,176046,
2026-03-16,IFX.DE,XETRA,40.1000,40.1600,39.0850,39.4350,3749950,
2026-03-16,JEN.DE,XETRA,26.4200,26.7000,26.1400,26.3600,141317,
2026-03-16,KGX.DE,XETRA,46.0000,46.3200,44.5800,45.9000,369620,
2026-03-16,LHA.DE,XETRA,7.6460,7.8080,7.5400,7.7200,5310734,
2026-03-16,MBG.DE,XETRA,54.7500,54.8100,53.7500,53.7500,2068811,
2026-03-16,MRK.DE,XETRA,107.2000,108.2000,106.0500,108.2000,426170,
2026-03-16,MTX.DE,XETRA,333.0000,337.3000,329.4000,335.5000,129342,
2026-03-16,MUV2.DE,XETRA,534.4000,543.4000,534.2000,540.0000,170114,
2026-03-16,NDX1.DE,XETRA,42.9400,44.0000,42.5000,43.3400,450725,
2026-03-16,NEM.DE,XETRA,69.8000,69.8000,68.1500,69.6000,122029,
2026-03-16,P911.DE,XETRA,37.2000,37.2600,36.5500,36.6400,603904,
2026-03-16,PUM.DE,XETRA,21.6800,22.1100,21.3800,21.9800,516696,
2026-03-16,QIA.DE,XETRA,35.6650,36.0600,35.4050,35.7500,687340,
2026-03-16,R3NK.DE,XETRA,55.4900,56.7200,55.0400,56.3100,699457,
2026-03-16,RHM.DE,XETRA,1620.0000,1653.0000,1604.0000,1624.5000,181425,
2026-03-16,RWE.DE,XETRA,56.8800,57.4600,56.6400,57.2600,1529247,
2026-03-16,S92.DE,XETRA,33.7400,34.5000,33.2600,34.0000,91575,
2026-03-16,SAP.DE,XETRA,167.7400,167.7400,165.0200,165.4600,1676463,
2026-03-16,SHL.DE,XETRA,38.8300,38.8600,38.1900,38.3500,854646,
2026-03-16,SIE.DE,XETRA,219.8000,222.6500,216.7000,220.3000,878383,
2026-03-16,SRT3.DE,XETRA,209.8000,210.4000,204.2000,209.0000,137640,
2026-03-16,SZG.DE,XETRA,40.5000,41.5600,39.1000,39.3600,137704,
2026-03-16,TKA.DE,XETRA,7.8340,7.9140,7.6700,7.6700,2958196,
2026-03-16,TUI1.DE,XETRA,6.6540,6.8280,6.5700,6.7640,4952480,
2026-03-16,VOW3.DE,XETRA,89.5000,89.8200,88.0400,88.0800,961085,
2026-03-16,WAF.DE,XETRA,60.0500,60.5000,56.5000,56.5000,74878,
2026-03-16,ZAL.DE,XETRA,23.6000,23.8200,22.6600,23.8200,2891808,
2026-03-17,ADS.DE,XETRA,140.4500,142.6500,138.9000,140.6000,843742,
2026-03-17,AFX.DE,XETRA,23.6200,23.8200,23.3200,23.6800,132673,
2026-03-17,AIR.DE,XETRA,169.0200,172.5200,168.2000,170.3400,439439,
2026-03-17,AIXA.DE,XETRA,32.6900,34.0000,32.1800,33.9500,778032,
2026-03-17,ALV.DE,XETRA,358.1000,363.0000,357.7000,362.1000,622596,
2026-03-17,BAYN.DE,XETRA,40.0100,40.5200,39.8250,40.2100,2571936,
2026-03-17,BC8.DE,XETRA,30.6800,31.0400,30.3000,30.5200,282051,
2026-03-17,BMW.DE,XETRA,79.0800,80.2400,78.9400,79.3600,790477,
2026-03-17,CBK.DE,XETRA,32.2200,32.8600,31.8600,32.4000,4339272,
2026-03-17,CON.DE,XETRA,61.7800,63.0600,61.5800,62.7200,409399,
2026-03-17,DBK.DE,XETRA,25.7300,26.3100,25.4300,25.8650,8588942,
2026-03-17,DHER.DE,XETRA,16.6000,16.6550,16.0200,16.3500,1518014,
2026-03-17,ENR.DE,XETRA,145.5000,151.1500,145.1500,149.8500,1793445,
2026-03-17,EOAN.DE,XETRA,19.7100,20.3900,19.7100,20.3000,4654809,
2026-03-17,EVT.DE,XETRA,4.3240,4.3880,4.1880,4.3880,677244,
2026-03-17,FRE.DE,XETRA,46.8800,46.8800,46.0400,46.4400,1043751,
2026-03-17,HAG.DE,XETRA,82.3500,82.5500,79.1000,82.1500,317312,
2026-03-17,HFG.DE,XETRA,4.7100,4.7390,4.5530,4.5580,1414243,
2026-03-17,HNR1.DE,XETRA,262.8000,273.8000,261.8000,273.8000,339852,
2026-03-17,IFX.DE,XETRA,39.3200,39.9450,38.6850,39.6350,3256156,
2026-03-17,JEN.DE,XETRA,26.5000,26.5000,25.2400,26.1800,189106,
2026-03-17,KGX.DE,XETRA,45.6200,46.9600,45.3000,46.5200,292401,
2026-03-17,LHA.DE,XETRA,7.7300,7.9640,7.6440,7.8860,7587094,
2026-03-17,MBG.DE,XETRA,53.8000,54.3700,53.4500,53.7100,2284348,
2026-03-17,MRK.DE,XETRA,108.3500,111.3000,108.0500,110.9000,414696,
2026-03-17,MTX.DE,XETRA,335.4000,337.8000,330.7000,332.6000,147633,
2026-03-17,MUV2.DE,XETRA,539.4000,553.4000,538.8000,553.4000,280362,
2026-03-17,NDX1.DE,XETRA,43.3200,46.0800,43.3200,46.0800,745233,
2026-03-17,NEM.DE,XETRA,69.6000,69.9000,68.3500,69.5000,157271,
2026-03-17,P911.DE,XETRA,36.7100,37.7100,36.7000,37.1500,602230,
2026-03-17,PUM.DE,XETRA,21.9700,22.4000,21.8100,22.1200,577247,
2026-03-17,QIA.DE,XETRA,35.5700,35.7850,35.2650,35.6900,660178,
2026-03-17,R3NK.DE,XETRA,56.8000,56.9100,54.8800,56.7900,611007,
2026-03-17,RHM.DE,XETRA,1624.5000,1637.5000,1581.5000,1635.0000,226243,
2026-03-17,RWE.DE,XETRA,57.5000,58.6400,57.5000,58.6400,1795602,
2026-03-17,S92.DE,XETRA,33.7200,36.2400,33.4000,36.2000,135707,
2026-03-17,SAP.DE,XETRA,165.6400,167.2600,163.8000,166.2400,2458959,
2026-03-17,SHL.DE,XETRA,38.3600,38.8000,37.9400,38.4600,1152339,
2026-03-17,SIE.DE,XETRA,219.0500,222.8500,218.0000,219.1500,1212119,
2026-03-17,SRT3.DE,XETRA,216.4000,226.1000,214.4000,225.6000,161575,
2026-03-17,SZG.DE,XETRA,39.5000,39.8000,38.3600,39.1800,172903,
2026-03-17,TKA.DE,XETRA,7.7200,8.2700,7.7080,8.0920,5688053,
2026-03-17,TUI1.DE,XETRA,6.7700,6.8940,6.6880,6.8380,4529249,
2026-03-17,VOW3.DE,XETRA,88.3000,89.8000,88.0600,88.6400,699642,
2026-03-17,WAF.DE,XETRA,56.6000,58.9500,54.9000,58.6000,94440,
2026-03-17,ZAL.DE,XETRA,23.6900,24.2600,23.5100,23.8700,2029277,
2026-03-18,ADS.DE,XETRA,140.7000,141.8000,136.9500,138.0500,785210,
2026-03-18,AFX.DE,XETRA,23.8000,23.9400,23.3000,23.5600,168809,
2026-03-18,AIR.DE,XETRA,171.9600,174.0600,170.1400,170.2000,295544,
2026-03-18,AIXA.DE,XETRA,34.4500,34.9400,33.8500,34.3400,902285,
2026-03-18,ALV.DE,XETRA,363.0000,365.5000,357.9000,358.6000,857768,
2026-03-18,BAYN.DE,XETRA,40.2600,40.3250,38.8600,39.5300,3126009,
2026-03-18,BC8.DE,XETRA,30.8800,31.2000,30.2400,30.4400,384999,
2026-03-18,BMW.DE,XETRA,79.4600,79.9600,78.8800,79.0200,1240530,
2026-03-18,CBK.DE,XETRA,32.7500,34.5800,32.6800,32.8800,5853443,
2026-03-18,CON.DE,XETRA,63.1800,63.2000,61.4400,61.8000,439840,
2026-03-18,DBK.DE,XETRA,26.3400,26.5300,25.6750,25.7850,7745447,
2026-03-18,DHER.DE,XETRA,16.5000,17.0500,16.1200,16.2350,1137946,
2026-03-18,ENR.DE,XETRA,152.6500,158.8500,150.7000,152.1000,3887905,
2026-03-18,EOAN.DE,XETRA,20.2900,20.3700,19.6900,19.7800,5999137,
2026-03-18,EVT.DE,XETRA,4.3980,4.4290,4.2910,4.3550,553771,
2026-03-18,FRE.DE,XETRA,46.6500,46.8500,45.6000,46.0500,1060587,
2026-03-18,HAG.DE,XETRA,82.3500,85.3500,81.5000,84.0000,454959,
2026-03-18,HFG.DE,XETRA,4.2790,4.3260,3.7890,3.8790,6508781,
2026-03-18,HNR1.DE,XETRA,273.8000,273.8000,266.8000,267.4000,178948,
2026-03-18,IFX.DE,XETRA,40.3000,40.4050,38.9350,39.9700,5378414,
2026-03-18,JEN.DE,XETRA,26.4800,26.9400,25.8200,26.0600,156778,
2026-03-18,KGX.DE,XETRA,47.2200,48.1200,46.5000,46.9400,356018,
2026-03-18,LHA.DE,XETRA,8.0500,8.0960,7.8240,7.8900,5803153,
2026-03-18,MBG.DE,XETRA,53.7500,54.2400,53.4300,53.4700,2416300,
2026-03-18,MRK.DE,XETRA,111.4500,111.4500,108.2000,109.3500,295280,
2026-03-18,MTX.DE,XETRA,335.0000,339.3000,333.5000,334.5000,172267,
2026-03-18,MUV2.DE,XETRA,553.0000,553.6000,538.6000,538.6000,350229,
2026-03-18,NDX1.DE,XETRA,46.7800,46.9000,45.2800,45.9400,558523,
2026-03-18,NEM.DE,XETRA,70.1500,70.7000,67.9500,67.9500,218064,
2026-03-18,P911.DE,XETRA,37.0900,37.5200,36.7200,37.1800,1028992,
2026-03-18,PUM.DE,XETRA,22.2000,22.5200,21.3900,21.5100,781374,
2026-03-18,QIA.DE,XETRA,35.9000,36.0950,35.3000,35.5950,446962,
2026-03-18,R3NK.DE,XETRA,56.7900,58.4900,56.2300,57.2700,634129,
2026-03-18,RHM.DE,XETRA,1636.0000,1656.0000,1602.5000,1605.5000,226675,
2026-03-18,RWE.DE,XETRA,58.9000,58.9000,57.3200,57.9600,1999285,
2026-03-18,S92.DE,XETRA,37.0000,37.1400,35.7200,36.1600,94856,
2026-03-18,SAP.DE,XETRA,165.2000,166.7000,161.2400,161.4400,3129716,
2026-03-18,SHL.DE,XETRA,38.4600,38.6900,37.7600,37.9100,1681853,
2026-03-18,SIE.DE,XETRA,221.5000,223.4500,217.2500,218.1000,1576226,
2026-03-18,SRT3.DE,XETRA,229.0000,229.0000,218.8000,220.3000,98118,
2026-03-18,SZG.DE,XETRA,40.0000,40.8800,39.3000,40.5400,208569,
2026-03-18,TKA.DE,XETRA,8.2120,8.4500,8.1600,8.3700,3490019,
2026-03-18,TUI1.DE,XETRA,6.9320,6.9840,6.7920,6.8100,3983928,
2026-03-18,VOW3.DE,XETRA,89.4000,89.7000,88.2600,88.4200,814173,
2026-03-18,WAF.DE,XETRA,59.4500,60.1500,57.7000,58.2500,65404,
2026-03-18,ZAL.DE,XETRA,23.8200,24.1500,23.3400,23.5400,1733126,
2026-03-19,ADS.DE,XETRA,135.8000,136.4500,131.4000,133.2500,1228813,
2026-03-19,AFX.DE,XETRA,23.2400,23.6000,22.7400,23.5800,263465,
2026-03-19,AIR.DE,XETRA,167.8200,167.9000,161.8600,164.0200,512696,
2026-03-19,AIXA.DE,XETRA,33.3800,33.6600,31.8500,33.0500,1036376,
2026-03-19,ALV.DE,XETRA,355.3000,357.8000,350.4000,353.2000,993813,
2026-03-19,BAYN.DE,XETRA,38.8000,39.1400,38.1250,38.4650,3137358,
2026-03-19,BC8.DE,XETRA,30.4000,30.4200,29.6400,30.0400,531066,
2026-03-19,BMW.DE,XETRA,78.0000,78.0000,76.2200,76.3400,1600301,
2026-03-19,CBK.DE,XETRA,32.3000,32.3200,30.7700,31.1600,4611120,
2026-03-19,CON.DE,XETRA,60.7400,60.7400,57.4200,57.4200,640397,
2026-03-19,DBK.DE,XETRA,25.3400,25.3950,24.7800,25.1500,10614415,
2026-03-19,DHER.DE,XETRA,16.0000,16.0500,15.2650,15.2750,1520572,
2026-03-19,ENR.DE,XETRA,147.1000,147.5500,140.8000,145.7000,3745086,
2026-03-19,EOAN.DE,XETRA,19.6000,19.7950,19.2950,19.2950,6767374,
2026-03-19,EVT.DE,XETRA,4.3260,4.3400,4.1810,4.3100,605563,
2026-03-19,FRE.DE,XETRA,45.5300,45.5500,44.3000,44.5000,1185101,
2026-03-19,HAG.DE,XETRA,84.1500,84.8500,79.0000,79.1500,405904,
2026-03-19,HFG.DE,XETRA,3.8550,3.9560,3.7000,3.9410,2507564,
2026-03-19,HNR1.DE,XETRA,267.0000,269.4000,262.8000,264.6000,180474,
2026-03-19,IFX.DE,XETRA,38.9100,38.9750,36.7000,37.0950,6292970,
2026-03-19,JEN.DE,XETRA,25.7200,25.7600,24.6400,25.4400,191522,
2026-03-19,KGX.DE,XETRA,46.0000,46.0200,44.0400,44.5800,432223,
2026-03-19,LHA.DE,XETRA,7.6900,7.7260,7.3860,7.4300,9503080,
2026-03-19,MBG.DE,XETRA,52.7400,52.9200,51.6000,51.6400,3413562,
2026-03-19,MRK.DE,XETRA,107.6500,108.0500,106.0000,107.3500,422780,
2026-03-19,MTX.DE,XETRA,331.0000,331.3000,316.5000,317.1000,238727,
2026-03-19,MUV2.DE,XETRA,535.0000,539.4000,527.6000,529.6000,348142,
2026-03-19,NDX1.DE,XETRA,45.6200,45.7800,44.3600,45.4200,486640,
2026-03-19,NEM.DE,XETRA,68.4500,71.1000,67.6500,70.4500,276155,
2026-03-19,P911.DE,XETRA,36.8000,36.8900,36.2400,36.4600,804815,
2026-03-19,PUM.DE,XETRA,21.2500,21.2600,20.0600,20.6500,1196111,
2026-03-19,QIA.DE,XETRA,34.8300,35.4100,34.8250,35.2550,623217,
2026-03-19,R3NK.DE,XETRA,57.1400,57.2000,53.6000,54.5100,848200,
2026-03-19,RHM.DE,XETRA,1607.5000,1640.0000,1548.5000,1550.0000,239046,
2026-03-19,RWE.DE,XETRA,57.4600,58.3800,57.1600,57.7600,2044236,
2026-03-19,S92.DE,XETRA,35.5400,36.8600,34.0600,36.7200,136776,
2026-03-19,SAP.DE,XETRA,159.0000,162.5200,157.6800,160.0000,3819500,
2026-03-19,SHL.DE,XETRA,37.3400,37.5100,36.9400,36.9900,2261808,
2026-03-19,SIE.DE,XETRA,213.7500,214.0500,207.6500,210.3000,2407185,
2026-03-19,SRT3.DE,XETRA,216.5000,216.5000,207.8000,210.5000,125979,
2026-03-19,SZG.DE,XETRA,39.4000,39.4800,35.4000,35.4400,356262,
2026-03-19,TKA.DE,XETRA,8.1500,8.1500,7.7820,7.9280,4059523,
2026-03-19,TUI1.DE,XETRA,6.7060,6.7380,6.5660,6.6060,3522544,
2026-03-19,VOW3.DE,XETRA,87.4000,87.5000,85.6800,85.6800,1350210,
2026-03-19,WAF.DE,XETRA,57.1500,57.7000,54.6000,55.7000,86390,
2026-03-19,ZAL.DE,XETRA,23.0300,23.1800,22.3800,22.6900,2798972,
2026-03-20,ADS.DE,XETRA,134.4500,136.2000,131.8000,133.5000,2153204,
2026-03-20,AFX.DE,XETRA,23.7400,23.7400,23.1600,23.5400,1408962,
2026-03-20,AIR.DE,XETRA,165.2400,165.9600,159.7400,160.9200,702320,
2026-03-20,AIXA.DE,XETRA,33.4300,34.4700,32.6500,33.0900,2182007,
2026-03-20,ALV.DE,XETRA,356.4000,357.4000,347.1000,347.6000,2235062,
2026-03-20,BAYN.DE,XETRA,39.4600,40.1400,38.1500,38.3850,8026674,
2026-03-20,BC8.DE,XETRA,30.7000,31.2200,24.8000,25.7600,2223723,
2026-03-20,BMW.DE,XETRA,77.0000,77.3000,75.4200,75.7600,4082149,
2026-03-20,CBK.DE,XETRA,31.8800,32.5700,30.3300,30.3300,8558167,
2026-03-20,CON.DE,XETRA,58.1600,58.9400,57.4600,57.8000,706425,
2026-03-20,DBK.DE,XETRA,25.6950,25.8850,24.6000,24.7600,15667618,
2026-03-20,DHER.DE,XETRA,15.5750,15.7650,14.8000,15.2900,1786403,
2026-03-20,ENR.DE,XETRA,148.3000,150.2500,140.7500,140.7500,6534351,
2026-03-20,EOAN.DE,XETRA,19.3900,19.5950,18.4800,18.4800,15574317,
2026-03-20,EVT.DE,XETRA,4.3650,4.4300,4.2240,4.2970,1243413,
2026-03-20,FRE.DE,XETRA,44.9100,45.1400,43.4300,43.6900,2199104,
2026-03-20,HAG.DE,XETRA,79.3000,80.5500,74.5500,74.5500,915565,
2026-03-20,HFG.DE,XETRA,3.9390,3.9390,3.6080,3.6080,2672489,
2026-03-20,HNR1.DE,XETRA,265.0000,266.2000,260.0000,260.0000,280315,
2026-03-20,IFX.DE,XETRA,38.7500,39.2650,37.2150,37.6450,9900931,
2026-03-20,JEN.DE,XETRA,25.6000,26.0000,24.8000,24.9400,1527397,
2026-03-20,KGX.DE,XETRA,45.5200,45.9600,43.1200,43.4800,744816,
2026-03-20,LHA.DE,XETRA,7.3900,7.5380,7.2340,7.3440,12340708,
2026-03-20,MBG.DE,XETRA,52.1200,52.3400,50.8600,50.8600,8238286,
2026-03-20,MRK.DE,XETRA,108.2000,108.2500,104.0500,104.0500,1017310,
2026-03-20,MTX.DE,XETRA,318.0000,320.1000,305.3000,306.5000,399860,
2026-03-20,MUV2.DE,XETRA,532.6000,533.2000,520.8000,520.8000,701814,
2026-03-20,NDX1.DE,XETRA,45.8600,46.8200,44.8800,45.4400,1217065,
2026-03-20,NEM.DE,XETRA,70.9500,73.1000,68.4500,69.3000,483779,
2026-03-20,P911.DE,XETRA,37.0000,37.1900,36.1700,36.3100,1801707,
2026-03-20,PUM.DE,XETRA,20.9600,21.1000,20.0600,20.0600,1081299,
2026-03-20,QIA.DE,XETRA,35.2100,35.2100,34.4800,34.8050,1025370,
2026-03-20,R3NK.DE,XETRA,55.4900,56.1100,51.7400,51.7400,1272035,
2026-03-20,RHM.DE,XETRA,1572.0000,1578.0000,1500.0000,1503.0000,435404,
2026-03-20,RWE.DE,XETRA,58.0400,58.6200,55.6600,56.1800,4518456,
2026-03-20,S92.DE,XETRA,37.2400,40.2000,37.1400,39.3000,288305,
2026-03-20,SAP.DE,XETRA,161.0000,161.2200,151.2200,153.8200,9373510,
2026-03-20,SHL.DE,XETRA,37.2200,37.3800,36.5100,36.5500,4714853,
2026-03-20,SIE.DE,XETRA,211.8500,213.4500,203.0500,203.7500,3772412,
2026-03-20,SRT3.DE,XETRA,210.9000,212.1000,205.1000,206.2000,185102,
2026-03-20,SZG.DE,XETRA,36.0000,37.2600,35.0800,35.7200,1235671,
2026-03-20,TKA.DE,XETRA,7.9500,8.2100,7.6580,7.6580,5068767,
2026-03-20,TUI1.DE,XETRA,6.7460,6.8120,6.4940,6.6100,6751428,
2026-03-20,VOW3.DE,XETRA,86.9200,87.2000,84.7200,85.3800,2742122,
2026-03-20,WAF.DE,XETRA,56.6000,56.8000,51.8000,52.1000,100198,
2026-03-20,ZAL.DE,XETRA,22.9600,23.0200,21.7500,21.8900,3399830,
2026-03-23,ADS.DE,XETRA,130.9000,139.0000,129.9500,133.2500,991410,
2026-03-23,AFX.DE,XETRA,23.0000,23.9000,22.6200,23.4200,308902,
2026-03-23,AIR.DE,XETRA,159.5800,170.2000,157.9400,166.4200,579106,
2026-03-23,AIXA.DE,XETRA,31.5000,34.9200,31.1200,33.9500,1512685,
2026-03-23,ALV.DE,XETRA,341.1000,358.0000,339.8000,349.7000,1129983,
2026-03-23,BAYN.DE,XETRA,37.4150,39.9000,37.2250,38.4650,4182042,
2026-03-23,BC8.DE,XETRA,25.5000,26.7400,24.5600,26.4400,685808,
2026-03-23,BMW.DE,XETRA,73.7600,78.8600,73.3800,77.8400,1890727,
2026-03-23,CBK.DE,XETRA,29.4700,32.3400,29.3200,31.5800,6455537,
2026-03-23,CON.DE,XETRA,56.3800,60.8200,55.7600,59.7400,735026,
2026-03-23,DBK.DE,XETRA,24.0800,25.8700,23.8150,25.1050,12396440,
2026-03-23,DHER.DE,XETRA,15.2900,17.1050,15.2550,16.5000,2043415,
2026-03-23,ENR.DE,XETRA,134.5500,153.0000,133.8500,147.6000,4874652,
2026-03-23,EOAN.DE,XETRA,18.1100,18.8700,17.9050,18.4600,6404450,
2026-03-23,EVT.DE,XETRA,4.1300,4.3000,4.0100,4.1500,802598,
2026-03-23,FRE.DE,XETRA,43.0000,45.0200,42.3700,44.0000,1077785,
2026-03-23,HAG.DE,XETRA,72.2500,76.3000,71.4000,74.0500,599733,
2026-03-23,HFG.DE,XETRA,3.5000,3.8800,3.4900,3.7900,2387479,
2026-03-23,HNR1.DE,XETRA,256.0000,261.2000,254.8000,255.6000,233921,
2026-03-23,IFX.DE,XETRA,36.5200,40.0550,35.7800,38.4900,6222296,
2026-03-23,JEN.DE,XETRA,24.4200,25.8800,23.8800,25.4000,278976,
2026-03-23,KGX.DE,XETRA,41.9000,46.1800,41.7200,45.5000,445555,
2026-03-23,LHA.DE,XETRA,7.1480,7.7680,6.9920,7.5900,12443506,
2026-03-23,MBG.DE,XETRA,50.0000,52.6500,49.7950,51.9300,3872494,
2026-03-23,MRK.DE,XETRA,102.2000,106.1500,100.7000,102.8000,600179,
2026-03-23,MTX.DE,XETRA,302.2000,318.3000,293.2000,311.2000,222829,
2026-03-23,MUV2.DE,XETRA,514.6000,530.0000,509.6000,519.8000,409678,
2026-03-23,NDX1.DE,XETRA,44.0200,46.5800,42.7200,44.2600,893256,
2026-03-23,NEM.DE,XETRA,68.1500,71.1500,66.7000,68.6500,205571,
2026-03-23,P911.DE,XETRA,36.0000,38.0500,35.6200,37.3100,907539,
2026-03-23,PUM.DE,XETRA,19.7800,21.2100,19.6050,20.4200,827605,
2026-03-23,QIA.DE,XETRA,34.2450,34.9350,33.8750,34.2450,578422,
2026-03-23,R3NK.DE,XETRA,50.0500,53.6200,49.5400,51.6900,936715,
2026-03-23,RHM.DE,XETRA,1461.5000,1528.0000,1427.0000,1483.0000,329505,
2026-03-23,RWE.DE,XETRA,54.9400,56.3600,54.4400,54.9400,2479059,
2026-03-23,S92.DE,XETRA,38.3000,40.7600,37.2400,38.0600,353735,
2026-03-23,SAP.DE,XETRA,150.4600,161.5200,150.4000,153.8600,4165368,
2026-03-23,SHL.DE,XETRA,36.0300,37.3500,35.5000,36.6600,1259728,
2026-03-23,SIE.DE,XETRA,199.2600,220.9000,198.0000,211.3000,2529753,
2026-03-23,SRT3.DE,XETRA,201.4000,215.2000,198.5000,210.0000,114785,
2026-03-23,SZG.DE,XETRA,33.5000,38.0200,32.1200,36.2200,543771,
2026-03-23,TKA.DE,XETRA,7.3440,8.1780,7.2260,7.8920,4933916,
2026-03-23,TUI1.DE,XETRA,6.4500,7.0180,6.3780,6.8420,7820663,
2026-03-23,VOW3.DE,XETRA,84.2800,88.0000,83.2400,86.1000,1380959,
2026-03-23,WAF.DE,XETRA,50.2500,56.1000,50.0000,55.2500,92925,
2026-03-23,ZAL.DE,XETRA,21.2000,22.5400,21.0600,21.2200,2172843,
2026-03-24,ADS.DE,XETRA,133.8500,134.6000,131.5000,132.1500,598367,
2026-03-24,AFX.DE,XETRA,23.5000,24.2000,23.4000,23.9600,248262,
2026-03-24,AIR.DE,XETRA,166.0800,166.1800,161.6200,164.5600,253145,
2026-03-24,AIXA.DE,XETRA,34.1300,34.3000,32.7500,33.6100,889769,
2026-03-24,ALV.DE,XETRA,350.3000,352.4000,345.6000,349.5000,582503,
2026-03-24,BAYN.DE,XETRA,37.7000,38.1050,36.8750,37.7400,3185697,
2026-03-24,BC8.DE,XETRA,27.3600,27.6400,26.1000,26.4400,528083,
2026-03-24,BMW.DE,XETRA,78.3800,78.5200,76.8000,77.8400,702452,
2026-03-24,CBK.DE,XETRA,31.6600,31.9400,31.2600,31.4400,2873972,
2026-03-24,CON.DE,XETRA,60.6800,60.6800,58.9200,59.4800,481744,
2026-03-24,DBK.DE,XETRA,25.1500,25.2200,24.6800,24.9900,5236750,
2026-03-24,DHER.DE,XETRA,16.5900,16.6300,15.4300,15.6500,1691304,
2026-03-24,ENR.DE,XETRA,148.6500,152.2000,145.3500,151.5000,2383331,
2026-03-24,EOAN.DE,XETRA,18.5050,18.7900,18.3950,18.7300,3530133,
2026-03-24,EVT.DE,XETRA,4.2000,4.2290,4.0610,4.1190,452587,
2026-03-24,FRE.DE,XETRA,44.2600,44.5000,43.9000,44.1700,857955,
2026-03-24,HAG.DE,XETRA,73.3000,73.3500,70.4000,71.9000,375224,
2026-03-24,HFG.DE,XETRA,3.8860,4.1400,3.8600,4.0380,2252810,
2026-03-24,HNR1.DE,XETRA,256.6000,258.6000,254.8000,255.4000,129589,
2026-03-24,IFX.DE,XETRA,38.4950,38.8200,37.3250,38.3150,3401339,
2026-03-24,JEN.DE,XETRA,25.3600,25.5400,24.5400,25.5400,191638,
2026-03-24,KGX.DE,XETRA,45.6600,45.6600,44.0200,44.3200,473968,
2026-03-24,LHA.DE,XETRA,7.5540,7.5720,7.3580,7.4500,5481499,
2026-03-24,MBG.DE,XETRA,52.3000,52.4100,51.2600,51.6600,1912937,
2026-03-24,MRK.DE,XETRA,102.8500,104.5500,102.5000,103.3500,242268,
2026-03-24,MTX.DE,XETRA,311.2000,313.1000,305.3000,312.0000,194510,
2026-03-24,MUV2.DE,XETRA,522.0000,525.2000,515.6000,519.4000,200436,
2026-03-24,NDX1.DE,XETRA,44.1400,44.3800,42.9000,43.2000,600433,
2026-03-24,NEM.DE,XETRA,67.5000,67.9500,65.6000,65.7500,174489,
2026-03-24,P911.DE,XETRA,37.4700,37.6400,36.8400,37.2600,564297,
2026-03-24,PUM.DE,XETRA,20.5000,21.5100,20.3100,21.1000,712301,
2026-03-24,QIA.DE,XETRA,34.1850,34.4950,33.9200,34.4650,432072,
2026-03-24,R3NK.DE,XETRA,52.1000,52.1300,49.9600,51.1000,604130,
2026-03-24,RHM.DE,XETRA,1492.0000,1492.0000,1438.0000,1471.5000,188005,
2026-03-24,RWE.DE,XETRA,55.0000,55.5400,54.5600,55.1800,1122608,
2026-03-24,S92.DE,XETRA,38.0200,38.2000,36.4000,37.8600,104263,
2026-03-24,SAP.DE,XETRA,149.7600,151.0400,146.0000,147.6200,4380715,
2026-03-24,SHL.DE,XETRA,36.8200,37.0100,36.6200,36.7100,674457,
2026-03-24,SIE.DE,XETRA,212.2000,213.3000,206.0500,209.2000,1198558,
2026-03-24,SRT3.DE,XETRA,210.0000,214.8000,209.3000,211.5000,66568,
2026-03-24,SZG.DE,XETRA,36.4400,37.8800,36.2400,37.2800,351236,
2026-03-24,TKA.DE,XETRA,7.9480,8.1500,7.8000,8.0400,2596831,
2026-03-24,TUI1.DE,XETRA,6.9000,6.9040,6.6860,6.7340,3678816,
2026-03-24,VOW3.DE,XETRA,86.8000,87.0400,85.3000,86.6600,554803,
2026-03-24,WAF.DE,XETRA,55.4500,56.8500,53.6000,55.8000,38630,
2026-03-24,ZAL.DE,XETRA,21.5000,21.7900,21.2200,21.3400,1532716,
2026-03-25,ADS.DE,XETRA,133.9500,135.9000,132.3000,132.6500,663789,
2026-03-25,AFX.DE,XETRA,24.4800,25.2200,24.2200,25.2200,277980,
2026-03-25,AIR.DE,XETRA,168.0200,169.1200,166.5800,168.4800,314601,
2026-03-25,AIXA.DE,XETRA,34.4100,36.7500,34.3700,36.5700,1121607,
2026-03-25,ALV.DE,XETRA,354.1000,355.6000,351.4000,353.8000,641708,
2026-03-25,BAYN.DE,XETRA,38.6200,38.7400,37.6950,38.1300,2317577,
2026-03-25,BC8.DE,XETRA,27.0000,28.2000,26.6000,28.0600,405319,
2026-03-25,BMW.DE,XETRA,78.9400,79.3200,78.2600,78.8800,695338,
2026-03-25,CBK.DE,XETRA,32.0600,32.7000,32.0500,32.3900,2819870,
2026-03-25,CON.DE,XETRA,60.2600,61.3400,60.1800,60.5000,460509,
2026-03-25,DBK.DE,XETRA,25.5850,25.8750,25.3800,25.7950,6340021,
2026-03-25,DHER.DE,XETRA,16.0000,16.3300,15.7250,15.8400,1661238,
2026-03-25,ENR.DE,XETRA,156.7000,159.8500,155.8000,158.4000,2394518,
2026-03-25,EOAN.DE,XETRA,18.6600,19.0500,18.5600,18.9750,4099925,
2026-03-25,EVT.DE,XETRA,4.2190,4.4670,4.1690,4.3560,730451,
2026-03-25,FRE.DE,XETRA,44.4800,44.9400,44.3100,44.5100,788508,
2026-03-25,HAG.DE,XETRA,74.0500,74.4500,72.4500,73.6000,304765,
2026-03-25,HFG.DE,XETRA,4.1130,4.1860,3.9130,3.9370,1273442,
2026-03-25,HNR1.DE,XETRA,257.8000,259.6000,256.4000,257.6000,138422,
2026-03-25,IFX.DE,XETRA,38.9600,40.2750,38.7500,39.6600,3801058,
2026-03-25,JEN.DE,XETRA,26.5000,29.3000,25.9000,29.2600,561223,
2026-03-25,KGX.DE,XETRA,45.3800,45.8800,44.9800,45.5200,344488,
2026-03-25,LHA.DE,XETRA,7.6000,7.6660,7.5400,7.6180,6056812,
2026-03-25,MBG.DE,XETRA,52.2100,52.5900,51.9100,52.2800,1890763,
2026-03-25,MRK.DE,XETRA,104.4000,106.4000,104.2000,106.1500,317358,
2026-03-25,MTX.DE,XETRA,317.1000,321.0000,316.5000,320.2000,195287,
2026-03-25,MUV2.DE,XETRA,526.0000,528.2000,521.6000,524.2000,191415,
2026-03-25,NDX1.DE,XETRA,43.8800,45.4000,43.4200,45.4000,541215,
2026-03-25,NEM.DE,XETRA,66.7500,67.5000,65.0500,65.0500,217824,
2026-03-25,P911.DE,XETRA,37.9600,38.0200,37.3300,37.3300,494632,
2026-03-25,PUM.DE,XETRA,21.5600,22.7600,21.5600,21.9700,1244571,
2026-03-25,QIA.DE,XETRA,34.4050,35.0500,34.4050,34.9400,530922,
2026-03-25,R3NK.DE,XETRA,52.2000,52.6300,51.1000,52.3600,541297,
2026-03-25,RHM.DE,XETRA,1493.5000,1500.0000,1475.5000,1486.5000,150973,
2026-03-25,RWE.DE,XETRA,55.5000,56.9400,55.3400,56.9400,1587194,
2026-03-25,S92.DE,XETRA,38.4000,41.2200,38.3400,40.8000,266802,
2026-03-25,SAP.DE,XETRA,148.7800,150.5400,145.3600,146.9000,3757697,
2026-03-25,SHL.DE,XETRA,36.8500,37.1000,36.7300,36.7800,1045762,
2026-03-25,SIE.DE,XETRA,215.0000,215.8500,210.2000,211.8000,1314487,
2026-03-25,SRT3.DE,XETRA,215.9000,218.0000,210.9000,213.1000,99505,
2026-03-25,SZG.DE,XETRA,38.5000,39.1200,37.5000,37.9400,242834,
2026-03-25,TKA.DE,XETRA,8.2000,8.3800,8.1000,8.2800,3108568,
2026-03-25,TUI1.DE,XETRA,6.8400,6.9460,6.7800,6.8880,2918437,
2026-03-25,VOW3.DE,XETRA,88.4400,88.5600,87.6400,87.6800,775964,
2026-03-25,WAF.DE,XETRA,57.0500,59.8000,56.4500,58.2000,80841,
2026-03-25,ZAL.DE,XETRA,21.5400,21.7600,21.1400,21.4700,1488653,
2026-03-26,ADS.DE,XETRA,131.6500,136.2000,131.2000,134.1000,532712,
2026-03-26,AFX.DE,XETRA,25.0000,25.5200,24.6600,25.0000,268807,
2026-03-26,AIR.DE,XETRA,166.5200,166.8600,163.3400,163.3400,205139,
2026-03-26,AIXA.DE,XETRA,36.5300,36.5600,34.4900,35.4600,951559,
2026-03-26,ALV.DE,XETRA,350.8000,353.4000,349.2000,350.9000,601958,
2026-03-26,BAYN.DE,XETRA,37.7250,38.4650,37.6300,38.2750,2249477,
2026-03-26,BC8.DE,XETRA,27.8000,27.8800,26.6200,27.4000,476946,
2026-03-26,BMW.DE,XETRA,78.3600,78.6400,77.5200,78.1800,687885,
2026-03-26,CBK.DE,XETRA,32.2700,32.2700,31.4000,31.4900,2069837,
2026-03-26,CON.DE,XETRA,60.0800,60.4600,59.6000,60.1800,360330,
2026-03-26,DBK.DE,XETRA,25.4600,25.5250,25.0700,25.2550,4971709,
2026-03-26,DHER.DE,XETRA,16.0000,16.1800,15.4550,15.7300,2498256,
2026-03-26,ENR.DE,XETRA,155.0000,155.1000,149.5000,150.2000,2595799,
2026-03-26,EOAN.DE,XETRA,18.8150,18.8950,18.5400,18.7000,3520320,
2026-03-26,EVT.DE,XETRA,4.3750,4.3980,4.2690,4.3750,525326,
2026-03-26,FRE.DE,XETRA,44.0900,44.4200,43.8800,44.0600,650868,
2026-03-26,HAG.DE,XETRA,74.5000,74.5000,69.5000,69.5000,718187,
2026-03-26,HFG.DE,XETRA,3.9370,4.0080,3.8710,3.8770,723866,
2026-03-26,HNR1.DE,XETRA,255.6000,257.8000,254.0000,256.4000,112067,
2026-03-26,IFX.DE,XETRA,39.1100,39.3850,38.0800,38.8850,3823151,
2026-03-26,JEN.DE,XETRA,28.9000,29.2400,28.3400,28.6600,309905,
2026-03-26,KGX.DE,XETRA,45.0600,45.2400,44.2200,44.9800,425224,
2026-03-26,LHA.DE,XETRA,7.6000,7.6300,7.4900,7.5320,5757152,
2026-03-26,MBG.DE,XETRA,51.9400,52.2300,51.6100,51.9800,1590161,
2026-03-26,MRK.DE,XETRA,105.6500,107.3500,105.3000,106.9000,283468,
2026-03-26,MTX.DE,XETRA,317.6000,317.6000,307.2000,309.6000,136957,
2026-03-26,MUV2.DE,XETRA,519.6000,523.8000,517.2000,521.0000,197655,
2026-03-26,NDX1.DE,XETRA,45.2000,45.2000,43.9000,44.2000,612420,
2026-03-26,NEM.DE,XETRA,64.6000,65.0000,62.4000,63.2500,196281,
2026-03-26,P911.DE,XETRA,37.3000,37.9200,36.8300,37.6600,543199,
2026-03-26,PUM.DE,XETRA,21.7200,22.2600,21.4800,21.5600,592589,
2026-03-26,QIA.DE,XETRA,34.6200,35.4750,34.5750,35.0650,422047,
2026-03-26,R3NK.DE,XETRA,51.5100,51.5100,47.6800,47.9200,1455514,
2026-03-26,RHM.DE,XETRA,1474.5000,1475.0000,1433.5000,1436.0000,163959,
2026-03-26,RWE.DE,XETRA,56.7000,57.0000,55.5000,56.0000,1021500,
2026-03-26,S92.DE,XETRA,41.0200,44.1600,40.1600,44.1600,406901,
2026-03-26,SAP.DE,XETRA,145.4000,148.0800,143.5200,144.6400,3752998,
2026-03-26,SHL.DE,XETRA,36.3300,36.8000,36.1200,36.3200,970339,
2026-03-26,SIE.DE,XETRA,210.3500,211.0000,207.6500,209.7500,1424064,
2026-03-26,SRT3.DE,XETRA,210.0000,217.2000,209.7000,215.5000,78873,
2026-03-26,SZG.DE,XETRA,36.4200,37.4400,35.7800,36.5600,140086,
2026-03-26,TKA.DE,XETRA,8.1200,8.1340,7.7920,7.9260,3592140,
2026-03-26,TUI1.DE,XETRA,6.8100,6.8680,6.7500,6.8020,2430736,
2026-03-26,VOW3.DE,XETRA,87.2000,87.5200,86.5400,86.8800,768558,
2026-03-26,WAF.DE,XETRA,58.3500,58.6500,56.3000,57.4000,36980,
2026-03-26,ZAL.DE,XETRA,21.4200,21.5200,20.4600,20.6400,1818655,
2026-03-27,ADS.DE,XETRA,133.8000,133.8000,131.8500,132.0500,428896,
2026-03-27,AFX.DE,XETRA,24.6600,24.6600,23.8000,24.3200,221957,
2026-03-27,AIR.DE,XETRA,163.7600,164.3200,160.1000,160.5200,364786,
2026-03-27,AIXA.DE,XETRA,35.1200,35.5600,32.3200,33.8500,1283449,
2026-03-27,ALV.DE,XETRA,351.6000,352.5000,348.7000,350.9000,549043,
2026-03-27,BAYN.DE,XETRA,38.6300,38.7850,37.8800,38.2600,1817738,
2026-03-27,BC8.DE,XETRA,27.4000,27.6600,27.0000,27.2800,300550,
2026-03-27,BMW.DE,XETRA,78.1800,78.1800,77.1200,77.7800,791745,
2026-03-27,CBK.DE,XETRA,31.6500,31.7400,30.5000,30.5600,2645076,
2026-03-27,CON.DE,XETRA,60.1400,60.6000,59.0000,59.9400,329077,
2026-03-27,DBK.DE,XETRA,25.3700,25.4000,24.6750,24.9150,6443962,
2026-03-27,DHER.DE,XETRA,15.4000,17.2100,15.0200,16.6200,3440279,
2026-03-27,ENR.DE,XETRA,148.8000,149.5000,141.2500,144.4000,3033523,
2026-03-27,EOAN.DE,XETRA,18.7600,18.7850,18.2500,18.5450,2868706,
2026-03-27,EVT.DE,XETRA,4.3930,4.4330,4.2130,4.3050,536214,
2026-03-27,FRE.DE,XETRA,44.1400,44.3900,43.6600,43.7200,771054,
2026-03-27,HAG.DE,XETRA,69.0500,70.1500,66.7500,67.1000,539629,
2026-03-27,HFG.DE,XETRA,3.9000,3.9430,3.7780,3.8660,1640208,
2026-03-27,HNR1.DE,XETRA,257.4000,259.2000,256.2000,257.8000,110363,
2026-03-27,IFX.DE,XETRA,38.5150,38.5700,36.8000,37.4300,5140695,
2026-03-27,JEN.DE,XETRA,28.4000,28.5000,26.7000,26.7000,315412,
2026-03-27,KGX.DE,XETRA,44.9000,45.0800,43.5600,44.6800,341580,
2026-03-27,LHA.DE,XETRA,7.5340,7.5560,7.3540,7.3540,5677493,
2026-03-27,MBG.DE,XETRA,51.9500,52.1000,51.2400,51.6300,1573971,
2026-03-27,MRK.DE,XETRA,106.8000,107.0000,104.7000,105.0500,268705,
2026-03-27,MTX.DE,XETRA,308.1000,308.2000,296.9000,296.9000,190802,
2026-03-27,MUV2.DE,XETRA,523.2000,526.0000,519.4000,523.0000,213665,
2026-03-27,NDX1.DE,XETRA,43.9000,44.4000,42.2400,43.6800,550935,
2026-03-27,NEM.DE,XETRA,63.3500,64.0500,61.4500,61.9000,188139,
2026-03-27,P911.DE,XETRA,38.0000,38.0600,37.5800,37.6400,445366,
2026-03-27,PUM.DE,XETRA,21.6000,21.9000,20.7800,21.4700,630914,
2026-03-27,QIA.DE,XETRA,34.9750,35.0950,33.7550,33.9450,676848,
2026-03-27,R3NK.DE,XETRA,46.8400,48.2800,45.9700,47.0100,1119288,
2026-03-27,RHM.DE,XETRA,1425.0000,1436.0000,1365.0000,1379.5000,257243,
2026-03-27,RWE.DE,XETRA,56.2200,56.3400,53.7000,54.6600,1702323,
2026-03-27,S92.DE,XETRA,44.8600,47.8000,42.9600,46.5000,291992,
2026-03-27,SAP.DE,XETRA,145.7400,147.3200,142.1000,142.5600,3568581,
2026-03-27,SHL.DE,XETRA,36.3900,36.4400,35.5400,35.7600,977577,
2026-03-27,SIE.DE,XETRA,209.4000,209.4000,203.3000,204.9000,1262879,
2026-03-27,SRT3.DE,XETRA,215.0000,215.2000,206.2000,206.8000,77988,
2026-03-27,SZG.DE,XETRA,36.8000,36.8800,35.1400,35.1400,156043,
2026-03-27,TKA.DE,XETRA,7.9440,7.9500,7.5540,7.5540,4008861,
2026-03-27,TUI1.DE,XETRA,6.7960,6.8020,6.5980,6.6280,3250883,
2026-03-27,VOW3.DE,XETRA,87.1400,87.3000,85.7200,86.4800,499889,
2026-03-27,WAF.DE,XETRA,56.8000,56.9000,54.4500,54.9500,31864,
2026-03-27,ZAL.DE,XETRA,20.5300,20.7500,20.1300,20.1300,1828808,
2026-03-30,ADS.DE,XETRA,131.5500,133.6500,130.5000,133.6500,501577,
2026-03-30,AFX.DE,XETRA,24.2200,24.3200,23.7400,24.3200,154194,
2026-03-30,AIR.DE,XETRA,159.4200,161.2200,157.8600,159.2000,214366,
2026-03-30,AIXA.DE,XETRA,33.4900,34.3600,32.1200,32.5500,847219,
2026-03-30,ALV.DE,XETRA,350.9000,357.3000,349.3000,357.3000,712320,
2026-03-30,BAYN.DE,XETRA,38.1800,39.0650,38.0350,39.0650,2555361,
2026-03-30,BC8.DE,XETRA,27.0600,27.8400,27.0000,27.7400,397575,
2026-03-30,BMW.DE,XETRA,77.4400,78.8000,77.2000,78.0600,866165,
2026-03-30,CBK.DE,XETRA,30.2100,30.4100,29.8400,30.1900,2335571,
2026-03-30,CON.DE,XETRA,59.5600,60.0000,58.7600,59.4200,359959,
2026-03-30,DBK.DE,XETRA,24.7050,25.0300,24.6300,25.0100,5237325,
2026-03-30,DHER.DE,XETRA,16.1000,16.6650,15.3750,16.3150,2002008,
2026-03-30,ENR.DE,XETRA,142.2000,143.8000,139.9000,142.0000,2602457,
2026-03-30,EOAN.DE,XETRA,18.5450,18.9800,18.5200,18.9800,3584051,
2026-03-30,EVT.DE,XETRA,4.3270,4.3270,4.1560,4.2700,367345,
2026-03-30,FRE.DE,XETRA,43.5600,44.5900,43.5600,44.5900,774166,
2026-03-30,HAG.DE,XETRA,66.3000,71.1000,66.2000,70.9000,393614,
2026-03-30,HFG.DE,XETRA,3.8200,3.9400,3.7970,3.9000,809442,
2026-03-30,HNR1.DE,XETRA,258.0000,265.6000,257.4000,265.6000,133339,
2026-03-30,IFX.DE,XETRA,37.1000,38.2500,37.0000,37.3200,3042024,
2026-03-30,JEN.DE,XETRA,26.7000,28.0600,26.5600,27.2400,247128,
2026-03-30,KGX.DE,XETRA,44.2400,44.6000,43.7800,44.0600,515359,
2026-03-30,LHA.DE,XETRA,7.3260,7.3820,7.2340,7.2440,6514752,
2026-03-30,MBG.DE,XETRA,51.3300,51.8700,51.1700,51.6400,1927038,
2026-03-30,MRK.DE,XETRA,104.9000,107.4000,104.8000,107.4000,244379,
2026-03-30,MTX.DE,XETRA,295.7000,302.0000,294.0000,298.4000,294855,
2026-03-30,MUV2.DE,XETRA,524.0000,536.4000,521.0000,534.8000,237288,
2026-03-30,NDX1.DE,XETRA,43.1000,44.0400,42.5800,43.6600,429976,
2026-03-30,NEM.DE,XETRA,61.8000,62.7000,60.7500,62.7000,229629,
2026-03-30,P911.DE,XETRA,37.3900,38.0900,37.1700,38.0200,449498,
2026-03-30,PUM.DE,XETRA,21.3400,21.8600,21.2000,21.5800,511373,
2026-03-30,QIA.DE,XETRA,33.8100,34.6900,33.6500,34.5400,652737,
2026-03-30,R3NK.DE,XETRA,46.5000,48.5300,46.3350,48.3750,557591,
2026-03-30,RHM.DE,XETRA,1345.0000,1420.0000,1336.5000,1409.5000,201165,
2026-03-30,RWE.DE,XETRA,54.5400,56.4600,54.4800,56.4600,1626932,
2026-03-30,S92.DE,XETRA,46.6000,47.4200,43.7000,45.0800,289179,
2026-03-30,SAP.DE,XETRA,142.9400,147.2000,142.7800,147.0200,3074669,
2026-03-30,SHL.DE,XETRA,35.7300,36.0700,35.5400,35.9500,1705925,
2026-03-30,SIE.DE,XETRA,204.2000,206.5000,202.4000,205.4000,1052474,
2026-03-30,SRT3.DE,XETRA,207.6000,212.3000,207.1000,209.0000,99585,
2026-03-30,SZG.DE,XETRA,34.7400,35.2600,33.9000,34.1000,227232,
2026-03-30,TKA.DE,XETRA,7.5000,7.5380,7.1200,7.1880,4703945,
2026-03-30,TUI1.DE,XETRA,6.5660,6.5780,6.4680,6.5320,3471689,
2026-03-30,VOW3.DE,XETRA,86.3800,86.5200,85.4000,86.3400,573185,
2026-03-30,WAF.DE,XETRA,53.7000,54.9500,52.6000,52.7500,50262,
2026-03-30,ZAL.DE,XETRA,20.0000,20.3000,19.5900,20.2400,1835823,
2026-03-31,ADS.DE,XETRA,134.2000,137.1500,133.6000,136.6500,664260,
2026-03-31,AFX.DE,XETRA,24.3000,24.3600,23.9000,24.2000,218307,
2026-03-31,AIR.DE,XETRA,158.2800,162.0200,157.4800,160.7800,245346,
2026-03-31,AIXA.DE,XETRA,31.5700,32.8800,30.8700,32.7000,1342946,
2026-03-31,ALV.DE,XETRA,357.0000,361.2000,357.0000,359.3000,903378,
2026-03-31,BAYN.DE,XETRA,39.3000,39.9800,39.1050,39.3850,3259663,
2026-03-31,BC8.DE,XETRA,27.8800,29.3200,27.8800,29.1600,495099,
2026-03-31,BMW.DE,XETRA,78.3000,78.4800,77.4400,78.0000,1020500,
2026-03-31,CBK.DE,XETRA,30.3500,31.1600,29.9800,30.7900,2858896,
2026-03-31,CON.DE,XETRA,59.4200,60.1600,59.1000,59.6000,378471,
2026-03-31,DBK.DE,XETRA,25.0800,25.4750,24.9200,25.1150,6430940,
2026-03-31,DHER.DE,XETRA,16.1100,16.4200,15.4400,15.4500,1780090,
2026-03-31,ENR.DE,XETRA,140.3500,146.1500,138.1500,142.2500,3427046,
2026-03-31,EOAN.DE,XETRA,18.8200,19.1950,18.8200,18.9600,3448130,
2026-03-31,EVT.DE,XETRA,4.3180,4.4030,4.2170,4.2900,612797,
2026-03-31,FRE.DE,XETRA,44.7500,44.7800,44.0500,44.3200,1022828,
2026-03-31,HAG.DE,XETRA,70.5000,75.6000,69.6000,75.6000,803596,
2026-03-31,HFG.DE,XETRA,3.9400,4.0850,3.8180,3.8780,921624,
2026-03-31,HNR1.DE,XETRA,266.4000,268.6000,266.0000,267.8000,234177,
2026-03-31,IFX.DE,XETRA,36.8550,38.4600,36.5900,38.0000,4591623,
2026-03-31,JEN.DE,XETRA,27.2000,28.2000,27.0000,28.2000,218617,
2026-03-31,KGX.DE,XETRA,44.1200,45.1600,44.1000,44.4600,397061,
2026-03-31,LHA.DE,XETRA,7.2500,7.3440,7.1960,7.1960,5940309,
2026-03-31,MBG.DE,XETRA,51.8900,52.6700,51.5600,52.3900,2644924,
2026-03-31,MRK.DE,XETRA,107.4000,108.6500,106.7000,107.6000,337717,
2026-03-31,MTX.DE,XETRA,296.1000,310.0000,293.9000,310.0000,208776,
2026-03-31,MUV2.DE,XETRA,536.0000,543.0000,536.0000,539.4000,372630,
2026-03-31,NDX1.DE,XETRA,43.4800,45.6600,43.4000,45.5400,624320,
2026-03-31,NEM.DE,XETRA,62.8000,63.7500,62.4500,63.7000,209169,
2026-03-31,P911.DE,XETRA,38.0100,38.7300,37.9600,38.7300,555489,
2026-03-31,PUM.DE,XETRA,21.5100,22.0000,21.4500,21.7100,607688,
2026-03-31,QIA.DE,XETRA,34.7500,34.9150,34.4150,34.7450,516413,
2026-03-31,R3NK.DE,XETRA,48.3750,50.6600,47.9800,50.6400,597241,
2026-03-31,RHM.DE,XETRA,1409.5000,1456.5000,1395.0000,1444.5000,193336,
2026-03-31,RWE.DE,XETRA,56.6200,57.9400,56.1400,57.6800,5380523,
2026-03-31,S92.DE,XETRA,45.2600,46.8600,43.6400,46.0600,143009,
2026-03-31,SAP.DE,XETRA,147.7000,149.2000,145.8200,146.9000,3271596,
2026-03-31,SHL.DE,XETRA,36.0900,36.3000,35.8300,36.3000,1179939,
2026-03-31,SIE.DE,XETRA,205.5000,208.1500,203.8500,205.7000,1361047,
2026-03-31,SRT3.DE,XETRA,210.0000,212.5000,207.1000,211.9000,109763,
2026-03-31,SZG.DE,XETRA,33.8600,36.6400,33.2800,36.5000,346558,
2026-03-31,TKA.DE,XETRA,7.1900,7.4780,7.1200,7.4060,4126101,
2026-03-31,TUI1.DE,XETRA,6.5420,6.6700,6.4980,6.6120,2916254,
2026-03-31,VOW3.DE,XETRA,86.9600,87.6200,86.1600,86.4000,710369,
2026-03-31,WAF.DE,XETRA,52.4000,52.9000,51.1000,52.2000,56591,
2026-03-31,ZAL.DE,XETRA,20.3400,20.7700,20.3300,20.5500,1437567,
2026-04-01,ADS.DE,XETRA,142.2500,142.3000,135.7500,136.9000,890315,
2026-04-01,AFX.DE,XETRA,25.1600,25.1600,24.3200,24.9000,225108,
2026-04-01,AIR.DE,XETRA,168.3000,168.8000,164.5000,167.9000,334224,
2026-04-01,AIXA.DE,XETRA,34.3700,34.5100,32.9400,33.6000,1260453,
2026-04-01,ALV.DE,XETRA,364.6000,369.3000,364.4000,367.7000,709836,
2026-04-01,BAYN.DE,XETRA,39.7850,40.2000,39.5950,40.1200,2393210,
2026-04-01,BC8.DE,XETRA,29.8000,30.0200,29.3800,29.8600,315175,
2026-04-01,BMW.DE,XETRA,80.1200,80.1200,78.0200,79.0200,964952,
2026-04-01,CBK.DE,XETRA,32.0100,32.5300,31.9700,32.2400,3728162,
2026-04-01,CON.DE,XETRA,61.7000,62.7400,61.4400,62.7400,597625,
2026-04-01,DBK.DE,XETRA,26.3000,26.5300,25.9200,26.3650,7410270,
2026-04-01,DHER.DE,XETRA,16.2500,16.8850,16.0350,16.7000,2121225,
2026-04-01,ENR.DE,XETRA,157.0000,157.1500,148.5000,152.2000,3774703,
2026-04-01,EOAN.DE,XETRA,19.2000,19.3800,19.0950,19.2800,4090887,
2026-04-01,EVT.DE,XETRA,4.5400,4.5400,4.3520,4.4570,639916,
2026-04-01,FRE.DE,XETRA,45.3800,45.3800,43.9200,43.9500,1581866,
2026-04-01,HAG.DE,XETRA,78.0000,82.9000,75.3500,82.7000,828550,
2026-04-01,HFG.DE,XETRA,3.9800,3.9960,3.8160,3.9390,1101231,
2026-04-01,HNR1.DE,XETRA,268.4000,269.2000,265.4000,266.6000,202114,
2026-04-01,IFX.DE,XETRA,39.8000,40.1950,38.9200,40.1500,4823642,
2026-04-01,JEN.DE,XETRA,29.6200,29.6200,28.8000,29.5600,197340,
2026-04-01,KGX.DE,XETRA,47.2000,47.2000,45.6800,45.8800,552111,
2026-04-01,LHA.DE,XETRA,7.7160,7.7800,7.5220,7.7680,8222623,
2026-04-01,MBG.DE,XETRA,53.7600,53.9000,52.2700,52.8800,2105663,
2026-04-01,MRK.DE,XETRA,110.4500,110.7000,108.9000,109.9000,275933,
2026-04-01,MTX.DE,XETRA,321.8000,323.3000,316.1000,322.2000,201291,
2026-04-01,MUV2.DE,XETRA,542.4000,548.2000,538.8000,540.4000,340552,
2026-04-01,NDX1.DE,XETRA,44.8000,45.3000,43.7400,44.8800,690661,
2026-04-01,NEM.DE,XETRA,65.5500,66.1000,62.7000,63.5500,189293,
2026-04-01,P911.DE,XETRA,39.5100,40.1300,39.0300,39.6300,620888,
2026-04-01,PUM.DE,XETRA,21.9900,23.0900,21.9900,22.9100,981956,
2026-04-01,QIA.DE,XETRA,35.2200,35.3000,34.5950,34.9000,409781,
2026-04-01,R3NK.DE,XETRA,52.5000,55.6200,50.9700,54.7800,1232405,
2026-04-01,RHM.DE,XETRA,1488.0000,1593.5000,1457.0000,1581.5000,427325,
2026-04-01,RWE.DE,XETRA,58.3800,58.9800,57.9200,58.7200,2201715,
2026-04-01,S92.DE,XETRA,48.4000,48.4200,46.4400,48.4200,169470,
2026-04-01,SAP.DE,XETRA,149.4600,151.1200,145.8200,148.8600,3180299,
2026-04-01,SHL.DE,XETRA,36.8700,36.9800,36.0500,36.3900,1548431,
2026-04-01,SIE.DE,XETRA,215.9500,215.9500,211.2000,215.3500,1792119,
2026-04-01,SRT3.DE,XETRA,219.1000,220.0000,208.9000,211.9000,110118,
2026-04-01,SZG.DE,XETRA,38.6000,40.4800,38.4000,39.5800,328935,
2026-04-01,TKA.DE,XETRA,7.9000,8.0380,7.6800,8.0060,3257540,
2026-04-01,TUI1.DE,XETRA,6.8980,6.9920,6.8700,6.9000,6136473,
2026-04-01,VOW3.DE,XETRA,88.9000,88.9200,87.3200,88.5000,793179,
2026-04-01,WAF.DE,XETRA,54.5000,54.6000,52.0500,53.2000,54686,
2026-04-01,ZAL.DE,XETRA,21.1000,21.3000,20.6800,21.2400,1276896,
2026-04-02,ADS.DE,XETRA,134.7000,136.2000,132.5500,134.9000,0,
2026-04-02,AFX.DE,XETRA,24.8400,25.0000,24.4400,24.8400,204965,
2026-04-02,AIR.DE,XETRA,163.9600,167.1400,162.6800,165.0800,400798,
2026-04-02,AIXA.DE,XETRA,32.5000,33.8800,32.1900,33.2800,658756,
2026-04-02,ALV.DE,XETRA,364.5000,368.5000,362.4000,367.9000,667285,
2026-04-02,BAYN.DE,XETRA,39.4800,39.9400,38.8250,39.6950,1861273,
2026-04-02,BC8.DE,XETRA,29.4000,29.6600,28.6400,29.4800,256107,
2026-04-02,BMW.DE,XETRA,77.7600,79.4600,77.7400,79.2400,814601,
2026-04-02,CBK.DE,XETRA,31.3500,31.8100,30.7400,31.4800,2650623,
2026-04-02,CON.DE,XETRA,63.5000,63.5000,61.6000,62.7400,475124,
2026-04-02,DBK.DE,XETRA,25.4500,25.9000,25.1250,25.6750,6889482,
2026-04-02,DHER.DE,XETRA,16.2550,16.8500,15.8100,16.5700,1229201,
2026-04-02,ENR.DE,XETRA,146.0000,150.7000,142.6500,149.7000,2239488,
2026-04-02,EOAN.DE,XETRA,19.2950,19.7050,19.1800,19.7050,4087814,
2026-04-02,EVT.DE,XETRA,4.3530,4.5810,4.3320,4.5030,619489,
2026-04-02,FRE.DE,XETRA,43.4200,43.6900,42.9700,43.5800,1372955,
2026-04-02,HAG.DE,XETRA,80.0000,83.7500,79.5500,83.3500,512762,
2026-04-02,HFG.DE,XETRA,3.8810,3.9430,3.8140,3.9090,806297,
2026-04-02,HNR1.DE,XETRA,267.4000,270.2000,266.0000,269.8000,133472,
2026-04-02,IFX.DE,XETRA,38.5600,39.4000,37.4850,38.9600,4726733,
2026-04-02,JEN.DE,XETRA,28.7000,29.1200,28.0600,29.1200,160320,
2026-04-02,KGX.DE,XETRA,44.6600,44.6800,41.3000,41.7400,821284,
2026-04-02,LHA.DE,XETRA,7.4560,7.5540,7.3480,7.5020,6264053,
2026-04-02,MBG.DE,XETRA,52.1000,53.2500,52.1000,52.7100,1575087,
2026-04-02,MRK.DE,XETRA,107.9000,109.8000,106.5500,109.8000,362102,
2026-04-02,MTX.DE,XETRA,315.6000,319.1000,310.4000,316.3000,177513,
2026-04-02,MUV2.DE,XETRA,536.6000,547.4000,536.6000,545.0000,246212,
2026-04-02,NDX1.DE,XETRA,43.8000,45.5800,43.6400,45.5800,322563,
2026-04-02,NEM.DE,XETRA,62.4500,64.8500,61.7000,64.8000,208315,
2026-04-02,P911.DE,XETRA,39.0000,39.8000,38.6700,39.5500,384489,
2026-04-02,PUM.DE,XETRA,22.5500,22.7900,21.9200,22.0500,680029,
2026-04-02,QIA.DE,XETRA,34.5250,35.3100,34.4650,35.3100,533523,
2026-04-02,R3NK.DE,XETRA,53.1500,54.7300,52.7500,53.8900,500631,
2026-04-02,RHM.DE,XETRA,1543.0000,1591.5000,1533.5000,1570.5000,218771,
2026-04-02,RWE.DE,XETRA,58.3800,59.2000,57.9200,59.0000,1468748,
2026-04-02,S92.DE,XETRA,47.3800,47.9800,46.0000,47.8000,123458,
2026-04-02,SAP.DE,XETRA,146.6000,149.3000,144.3400,148.9000,1928056,
2026-04-02,SHL.DE,XETRA,36.0300,36.2500,35.4400,35.9900,1547505,
2026-04-02,SIE.DE,XETRA,209.7500,213.5000,207.5500,213.3500,1436721,
2026-04-02,SRT3.DE,XETRA,208.5000,213.9000,204.0000,212.4000,72153,
2026-04-02,SZG.DE,XETRA,37.5800,39.4000,37.3800,38.5000,168663,
2026-04-02,TKA.DE,XETRA,7.6400,7.9420,7.5600,7.8040,2679946,
2026-04-02,TUI1.DE,XETRA,6.7620,6.8340,6.6360,6.7200,3666399,
2026-04-02,VOW3.DE,XETRA,87.2000,88.4200,86.2600,87.3000,757942,
2026-04-02,WAF.DE,XETRA,51.5500,53.5000,50.4500,53.2500,48402,
2026-04-02,ZAL.DE,XETRA,20.7600,21.3200,20.6200,21.0000,1431681,
2026-04-07,ADS.DE,XETRA,136.0000,136.8500,130.4500,130.8500,755852,
2026-04-07,AFX.DE,XETRA,25.4200,26.0600,24.8000,24.8800,377775,
2026-04-07,AIR.DE,XETRA,167.2000,167.4600,160.8000,162.5800,279264,
2026-04-07,AIXA.DE,XETRA,33.0000,33.9800,32.7100,33.9500,845118,
2026-04-07,ALV.DE,XETRA,369.0000,373.4000,366.5000,367.2000,645247,
2026-04-07,BAYN.DE,XETRA,39.2900,40.5500,39.0900,39.2700,2360251,
2026-04-07,BC8.DE,XETRA,29.5200,30.0600,29.2600,29.4600,258664,
2026-04-07,BMW.DE,XETRA,79.4000,80.3600,77.9200,78.2400,999957,
2026-04-07,CBK.DE,XETRA,31.5300,32.0700,31.1100,31.4800,2448008,
2026-04-07,CON.DE,XETRA,62.6600,63.6000,61.6800,61.7200,462330,
2026-04-07,DBK.DE,XETRA,25.7800,26.1450,25.3700,25.6300,4869651,
2026-04-07,DHER.DE,XETRA,16.5350,16.5450,15.5450,15.6850,1568663,
2026-04-07,ENR.DE,XETRA,147.1800,150.8200,145.9200,147.7400,2274852,
2026-04-07,EOAN.DE,XETRA,19.6800,19.7850,19.5600,19.6300,3672963,
2026-04-07,EVT.DE,XETRA,4.4880,4.7740,4.3800,4.4700,1716824,
2026-04-07,FRE.DE,XETRA,43.5100,43.9600,42.9400,43.2000,975560,
2026-04-07,HAG.DE,XETRA,83.5400,83.7400,79.2800,81.0000,391163,
2026-04-07,HFG.DE,XETRA,3.9220,4.1320,3.8790,3.8800,1098560,
2026-04-07,HNR1.DE,XETRA,271.2000,274.4000,269.8000,272.0000,184344,
2026-04-07,IFX.DE,XETRA,39.2850,39.9800,38.0800,38.2650,4438139,
2026-04-07,JEN.DE,XETRA,29.0000,29.4600,28.3000,28.3400,240324,
2026-04-07,KGX.DE,XETRA,41.8000,42.3800,40.8800,41.2500,1072212,
2026-04-07,LHA.DE,XETRA,7.5700,7.5700,7.3340,7.3640,5904260,
2026-04-07,MBG.DE,XETRA,52.8500,53.6700,51.8700,51.9800,4189414,
2026-04-07,MRK.DE,XETRA,109.0000,110.4000,107.2500,107.3500,251967,
2026-04-07,MTX.DE,XETRA,321.6000,322.1000,309.7000,313.0000,146956,
2026-04-07,MUV2.DE,XETRA,546.0000,555.6000,545.6000,546.4000,247424,
2026-04-07,NDX1.DE,XETRA,45.6800,46.0800,44.4800,45.0600,465394,
2026-04-07,NEM.DE,XETRA,65.0000,65.6000,62.9500,62.9500,138816,
2026-04-07,P911.DE,XETRA,39.8000,40.6800,39.1700,39.6600,489959,
2026-04-07,PUM.DE,XETRA,22.0400,22.8900,21.9500,22.2900,807642,
2026-04-07,QIA.DE,XETRA,35.1950,35.2300,34.2850,34.2900,607613,
2026-04-07,R3NK.DE,XETRA,54.0000,54.3500,53.0000,53.7600,450204,
2026-04-07,RHM.DE,XETRA,1580.0000,1584.0000,1503.2000,1531.0000,204330,
2026-04-07,RWE.DE,XETRA,58.8600,59.2600,58.5000,58.6800,1269519,
2026-04-07,S92.DE,XETRA,47.8000,47.9400,45.6000,45.8600,152221,
2026-04-07,SAP.DE,XETRA,148.0600,150.1000,144.1000,145.2200,1971337,
2026-04-07,SHL.DE,XETRA,35.7500,36.2900,35.5200,35.9400,1356635,
2026-04-07,SIE.DE,XETRA,213.1000,215.5500,208.4500,210.0000,1089752,
2026-04-07,SRT3.DE,XETRA,210.5000,212.9000,205.8000,208.1000,118280,
2026-04-07,SZG.DE,XETRA,38.3600,40.7000,38.3600,38.9400,230986,
2026-04-07,TKA.DE,XETRA,7.8040,7.9340,7.6960,7.8000,2004874,
2026-04-07,TUI1.DE,XETRA,6.7980,6.8120,6.4840,6.5720,3781857,
2026-04-07,VOW3.DE,XETRA,87.6000,87.9600,85.3600,85.6600,712214,
2026-04-07,WAF.DE,XETRA,54.2000,55.9000,52.6000,54.7000,68841,
2026-04-07,ZAL.DE,XETRA,20.9900,21.2600,20.2900,20.5000,1658714,
2026-04-08,ADS.DE,XETRA,138.6500,140.2000,136.3000,137.5500,997989,
2026-04-08,AFX.DE,XETRA,25.7800,26.0600,25.5000,25.6200,206145,
2026-04-08,AIR.DE,XETRA,174.5600,176.3600,172.6400,175.4200,552412,
2026-04-08,AIXA.DE,XETRA,37.0000,37.6400,35.4500,37.6400,1192006,
2026-04-08,ALV.DE,XETRA,381.6000,382.7000,375.0000,378.1000,1045122,
2026-04-08,BAYN.DE,XETRA,41.0000,41.1400,40.1200,40.4800,2823623,
2026-04-08,BC8.DE,XETRA,31.0000,31.3600,30.3800,30.3800,299398,
2026-04-08,BMW.DE,XETRA,82.0600,82.8600,81.2000,82.4200,1356193,
2026-04-08,CBK.DE,XETRA,33.9100,34.9000,33.5000,34.3300,6118418,
2026-04-08,CON.DE,XETRA,65.8000,66.9200,65.4400,65.8600,792309,
2026-04-08,DBK.DE,XETRA,27.6300,27.8750,27.2050,27.5000,13510870,
2026-04-08,DHER.DE,XETRA,16.7000,17.4950,16.5200,16.7550,1983901,
2026-04-08,ENR.DE,XETRA,162.7600,166.3000,161.2400,165.3800,5289738,
2026-04-08,EOAN.DE,XETRA,19.9000,19.9650,19.3600,19.6100,4125327,
2026-04-08,EVT.DE,XETRA,4.6500,4.9500,4.5900,4.6760,1497017,
2026-04-08,FRE.DE,XETRA,44.9300,45.2100,44.5200,44.7500,1286421,
2026-04-08,HAG.DE,XETRA,83.7400,83.7800,79.7000,82.9000,541473,
2026-04-08,HFG.DE,XETRA,4.1900,4.2300,3.9200,3.9200,1108177,
2026-04-08,HNR1.DE,XETRA,278.2000,278.2000,266.6000,272.0000,170412,
2026-04-08,IFX.DE,XETRA,42.0900,42.9250,41.5400,42.7900,7103039,
2026-04-08,JEN.DE,XETRA,29.9000,30.1000,29.2200,30.0600,293921,
2026-04-08,KGX.DE,XETRA,45.0000,45.6800,43.9200,44.7600,782714,
2026-04-08,LHA.DE,XETRA,8.2100,8.2920,8.0700,8.1200,13724414,
2026-04-08,MBG.DE,XETRA,54.4600,54.9000,54.0200,54.3900,2946382,
2026-04-08,MRK.DE,XETRA,112.8500,114.2000,111.7000,112.9000,419249,
2026-04-08,MTX.DE,XETRA,333.2000,339.6000,329.4000,333.6000,215091,
2026-04-08,MUV2.DE,XETRA,560.0000,560.0000,542.6000,551.8000,368611,
2026-04-08,NDX1.DE,XETRA,46.1400,46.3200,44.4200,45.5600,834507,
2026-04-08,NEM.DE,XETRA,66.5000,67.4000,65.0000,65.2500,179913,
2026-04-08,P911.DE,XETRA,41.0000,41.6500,40.5200,40.7300,974808,
2026-04-08,PUM.DE,XETRA,23.5000,24.0000,23.0900,23.4300,1480000,
2026-04-08,QIA.DE,XETRA,36.0000,36.6100,35.2450,35.4350,631142,
2026-04-08,R3NK.DE,XETRA,56.0100,56.0200,54.5000,55.6200,685366,
2026-04-08,RHM.DE,XETRA,1591.0000,1592.0000,1553.0000,1578.0000,232737,
2026-04-08,RWE.DE,XETRA,58.9000,59.2600,57.5600,58.3800,2086299,
2026-04-08,S92.DE,XETRA,45.1400,48.7200,44.1800,48.7200,156065,
2026-04-08,SAP.DE,XETRA,152.2000,154.6600,148.5600,149.7000,3395450,
2026-04-08,SHL.DE,XETRA,37.5900,38.2400,37.2500,37.8800,1607102,
2026-04-08,SIE.DE,XETRA,230.0000,233.9000,225.0500,231.5000,2930190,
2026-04-08,SRT3.DE,XETRA,217.0000,225.3000,217.0000,220.2000,131020,
2026-04-08,SZG.DE,XETRA,44.6000,46.5800,43.5000,44.8400,394571,
2026-04-08,TKA.DE,XETRA,8.5200,8.6620,8.3500,8.5000,4811841,
2026-04-08,TUI1.DE,XETRA,7.3000,7.4680,7.2000,7.2200,8897186,
2026-04-08,VOW3.DE,XETRA,90.0000,91.5200,89.3600,90.6600,1460126,
2026-04-08,WAF.DE,XETRA,56.0000,60.4000,56.0000,59.6000,109283,
2026-04-08,ZAL.DE,XETRA,21.6300,22.3700,21.5800,21.8600,1730388,
2026-04-09,ADS.DE,XETRA,137.0500,137.4000,134.9500,137.0000,543768,
2026-04-09,AFX.DE,XETRA,25.3200,26.1400,25.1000,25.5200,193497,
2026-04-09,AIR.DE,XETRA,174.2400,174.3400,169.0200,170.8600,225377,
2026-04-09,AIXA.DE,XETRA,37.2300,37.5500,35.9900,36.4900,611713,
2026-04-09,ALV.DE,XETRA,378.4000,379.8000,375.7000,378.3000,542233,
2026-04-09,BAYN.DE,XETRA,40.3900,40.5200,39.8100,40.4500,1856279,
2026-04-09,BC8.DE,XETRA,30.1000,30.1400,28.9800,29.0400,222833,
2026-04-09,BMW.DE,XETRA,81.9600,82.3800,81.2600,82.3800,898838,
2026-04-09,CBK.DE,XETRA,34.1600,34.3500,33.4000,34.1100,1836788,
2026-04-09,CON.DE,XETRA,65.3600,65.4600,64.1000,64.8600,436271,
2026-04-09,DBK.DE,XETRA,27.4500,27.6450,27.3100,27.6100,6116780,
2026-04-09,DHER.DE,XETRA,16.3800,17.0000,16.0000,16.6550,1384818,
2026-04-09,ENR.DE,XETRA,162.6200,164.9400,161.6400,164.5600,2563738,
2026-04-09,EOAN.DE,XETRA,19.8000,19.9050,19.6400,19.8250,3085629,
2026-04-09,EVT.DE,XETRA,4.6700,4.7080,4.4680,4.5260,950536,
2026-04-09,FRE.DE,XETRA,44.7300,44.7300,43.8700,44.5000,949400,
2026-04-09,HAG.DE,XETRA,82.1400,82.1400,79.5600,81.5200,343236,
2026-04-09,HFG.DE,XETRA,3.9000,3.9700,3.8500,3.9100,728490,
2026-04-09,HNR1.DE,XETRA,274.0000,276.8000,272.8000,276.8000,147628,
2026-04-09,IFX.DE,XETRA,42.4900,42.7750,41.9300,42.3900,3444689,
2026-04-09,JEN.DE,XETRA,30.0200,30.1600,29.5200,29.8800,148760,
2026-04-09,KGX.DE,XETRA,44.1600,44.3200,43.4500,43.6700,321724,
2026-04-09,LHA.DE,XETRA,7.9060,7.9180,7.7620,7.8620,5402503,
2026-04-09,MBG.DE,XETRA,54.0200,54.1900,52.6100,53.2500,3180898,
2026-04-09,MRK.DE,XETRA,113.1000,113.2000,110.5000,111.4000,271720,
2026-04-09,MTX.DE,XETRA,332.4000,333.0000,327.8000,330.6000,121432,
2026-04-09,MUV2.DE,XETRA,555.0000,557.2000,549.2000,555.0000,225095,
2026-04-09,NDX1.DE,XETRA,46.1600,47.2200,45.2000,45.6400,584067,
2026-04-09,NEM.DE,XETRA,64.4500,64.5500,61.4500,61.5500,239839,
2026-04-09,P911.DE,XETRA,40.8000,41.1000,40.0500,40.2900,455133,
2026-04-09,PUM.DE,XETRA,23.2900,24.3600,22.9100,24.3200,874464,
2026-04-09,QIA.DE,XETRA,35.5400,35.5450,34.5100,35.0300,552035,
2026-04-09,R3NK.DE,XETRA,55.0000,55.4300,53.7500,54.2200,411054,
2026-04-09,RHM.DE,XETRA,1552.4000,1562.2000,1519.6000,1550.2000,197285,
2026-04-09,RWE.DE,XETRA,58.9200,59.2600,58.3400,58.9200,1557696,
2026-04-09,S92.DE,XETRA,48.7200,49.0600,46.8600,47.7600,106621,
2026-04-09,SAP.DE,XETRA,147.1000,147.5400,137.5400,139.5000,4350277,
2026-04-09,SHL.DE,XETRA,37.7700,37.8200,37.1000,37.3400,922532,
2026-04-09,SIE.DE,XETRA,228.1500,229.8500,225.5000,226.7500,1438069,
2026-04-09,SRT3.DE,XETRA,220.0000,220.0000,211.6000,214.6000,63142,
2026-04-09,SZG.DE,XETRA,44.4200,44.8200,43.8400,44.4400,160990,
2026-04-09,TKA.DE,XETRA,8.3260,8.3680,8.1960,8.2920,1913307,
2026-04-09,TUI1.DE,XETRA,7.0500,7.1960,6.9520,7.1820,3371812,
2026-04-09,VOW3.DE,XETRA,90.0000,90.0800,88.1200,89.1800,749510,
2026-04-09,WAF.DE,XETRA,58.9000,60.9500,57.8000,58.4500,61188,
2026-04-09,ZAL.DE,XETRA,21.6700,22.4000,21.5500,22.2800,1372358,
2026-04-10,ADS.DE,XETRA,137.9500,140.1500,137.3500,137.8000,660157,
2026-04-10,AFX.DE,XETRA,25.9800,26.6600,25.5000,25.9400,225521,
2026-04-10,AIR.DE,XETRA,170.7200,172.6600,169.2800,169.4200,309565,
2026-04-10,AIXA.DE,XETRA,36.7500,38.2700,36.7500,38.1700,986060,
2026-04-10,ALV.DE,XETRA,379.2000,380.4000,376.9000,377.3000,546145,
2026-04-10,BAYN.DE,XETRA,40.2500,40.7600,40.0100,40.1200,2159719,
2026-04-10,BC8.DE,XETRA,29.1400,29.9400,29.1400,29.7800,328821,
2026-04-10,BMW.DE,XETRA,82.7600,84.3000,82.2000,83.8400,1136690,
2026-04-10,CBK.DE,XETRA,34.1500,34.7400,33.6900,34.5600,2233338,
2026-04-10,CON.DE,XETRA,64.9000,65.9800,64.2400,65.1600,372197,
2026-04-10,DBK.DE,XETRA,27.8950,28.0850,27.2950,27.7100,7022012,
2026-04-10,DHER.DE,XETRA,16.6600,17.6250,16.5650,17.0200,1072314,
2026-04-10,ENR.DE,XETRA,165.3400,170.1800,163.7400,167.2200,2841549,
2026-04-10,EOAN.DE,XETRA,19.7200,19.7850,19.5800,19.5900,4939760,
2026-04-10,EVT.DE,XETRA,4.5400,4.5940,4.4500,4.5300,811149,
2026-04-10,FRE.DE,XETRA,44.3900,45.2000,44.3400,44.7000,1023345,
2026-04-10,HAG.DE,XETRA,81.1000,81.4800,75.7000,76.7200,644714,
2026-04-10,HFG.DE,XETRA,3.9400,4.0310,3.8600,3.8600,713809,
2026-04-10,HNR1.DE,XETRA,277.0000,277.4000,272.0000,272.8000,131597,
2026-04-10,IFX.DE,XETRA,42.8950,43.6650,42.5900,42.8250,3787856,
2026-04-10,JEN.DE,XETRA,29.8000,31.2400,29.6800,30.8200,181210,
2026-04-10,KGX.DE,XETRA,43.7400,45.5400,43.4800,45.0400,394917,
2026-04-10,LHA.DE,XETRA,7.9300,8.1240,7.8040,7.9440,5842490,
2026-04-10,MBG.DE,XETRA,53.4800,54.2600,53.0800,53.8800,2289496,
2026-04-10,MRK.DE,XETRA,111.0000,113.7500,111.0000,111.8500,240768,
2026-04-10,MTX.DE,XETRA,328.5000,332.3000,326.2000,327.7000,128343,
2026-04-10,MUV2.DE,XETRA,556.4000,559.0000,549.4000,549.4000,249069,
2026-04-10,NDX1.DE,XETRA,45.7600,46.0200,44.8800,45.9600,454917,
2026-04-10,NEM.DE,XETRA,61.6000,63.6500,61.0500,61.3000,171388,
2026-04-10,P911.DE,XETRA,40.2500,41.4600,39.6700,40.9300,1050122,
2026-04-10,PUM.DE,XETRA,24.3400,25.4900,24.3100,24.7500,1330248,
2026-04-10,QIA.DE,XETRA,34.8150,35.3550,34.7550,35.0450,400776,
2026-04-10,R3NK.DE,XETRA,54.2200,54.3200,50.8400,52.2800,1018485,
2026-04-10,RHM.DE,XETRA,1547.4000,1549.8000,1433.0000,1463.8000,464307,
2026-04-10,RWE.DE,XETRA,58.5000,59.3600,57.8400,59.0400,1344277,
2026-04-10,S92.DE,XETRA,47.4200,48.2800,45.2400,47.0400,90242,
2026-04-10,SAP.DE,XETRA,139.6400,142.1400,138.4400,139.3800,3951579,
2026-04-10,SHL.DE,XETRA,37.3000,38.4200,37.2800,37.7700,1060465,
2026-04-10,SIE.DE,XETRA,228.0000,234.4000,226.7500,229.4500,1474990,
2026-04-10,SRT3.DE,XETRA,214.0000,220.9000,213.7000,214.4000,68786,
2026-04-10,SZG.DE,XETRA,45.0000,47.8200,44.0600,47.8200,225260,
2026-04-10,TKA.DE,XETRA,8.3200,8.6360,8.2280,8.5440,2313093,
2026-04-10,TUI1.DE,XETRA,7.2120,7.3980,7.1400,7.2680,3145775,
2026-04-10,VOW3.DE,XETRA,89.2600,90.2600,88.6000,89.0400,726741,
2026-04-10,WAF.DE,XETRA,60.0000,60.5500,59.0000,60.0000,74709,
2026-04-10,ZAL.DE,XETRA,22.3000,22.5700,21.8400,21.9800,1041325,
2026-04-13,ADS.DE,XETRA,136.2500,136.7500,135.2500,136.0000,459207,
2026-04-13,AFX.DE,XETRA,25.7000,26.2600,25.5600,26.2600,185130,
2026-04-13,AIR.DE,XETRA,166.8000,170.4600,165.2000,170.3800,205446,
2026-04-13,AIXA.DE,XETRA,36.1500,38.0600,36.1500,36.7500,858741,
2026-04-13,ALV.DE,XETRA,375.0000,378.9000,374.4000,378.9000,360768,
2026-04-13,BAYN.DE,XETRA,39.6000,40.9400,39.6000,40.7900,1693922,
2026-04-13,BC8.DE,XETRA,29.2800,29.9000,28.8400,29.9000,499125,
2026-04-13,BMW.DE,XETRA,82.7000,83.9000,82.4200,83.8800,675343,
2026-04-13,CBK.DE,XETRA,33.5100,34.3800,33.5100,34.3800,2131851,
2026-04-13,CON.DE,XETRA,64.1200,64.1800,63.2400,63.6400,333771,
2026-04-13,DBK.DE,XETRA,27.2100,27.5800,26.8700,27.4850,4956570,
2026-04-13,DHER.DE,XETRA,16.7200,17.1100,16.4800,17.0450,796340,
2026-04-13,ENR.DE,XETRA,163.0000,167.5000,161.8600,165.9000,1531977,
2026-04-13,EOAN.DE,XETRA,19.6050,19.6900,19.3850,19.3850,4132371,
2026-04-13,EVT.DE,XETRA,4.4400,4.8080,4.4400,4.7000,878282,
2026-04-13,FRE.DE,XETRA,44.2300,44.6600,43.9800,44.4900,553705,
2026-04-13,HAG.DE,XETRA,78.1800,79.1000,76.7600,78.8000,350673,
2026-04-13,HFG.DE,XETRA,3.8420,3.8770,3.7650,3.7910,850129,
2026-04-13,HNR1.DE,XETRA,274.0000,274.0000,270.2000,273.8000,140987,
2026-04-13,IFX.DE,XETRA,41.8700,43.0250,41.8200,42.9300,2999154,
2026-04-13,JEN.DE,XETRA,30.1000,31.4200,29.9400,31.1200,172497,
2026-04-13,KGX.DE,XETRA,44.1000,44.6300,43.8700,44.5800,280775,
2026-04-13,LHA.DE,XETRA,7.7000,7.7660,7.5800,7.7660,6518033,
2026-04-13,MBG.DE,XETRA,53.5100,54.3700,53.0200,54.2000,2362179,
2026-04-13,MRK.DE,XETRA,110.8500,113.0000,110.2500,113.0000,203422,
2026-04-13,MTX.DE,XETRA,321.7000,328.0000,318.7000,324.8000,135535,
2026-04-13,MUV2.DE,XETRA,548.2000,553.4000,547.0000,553.4000,155391,
2026-04-13,NDX1.DE,XETRA,45.7000,46.0600,45.3800,45.5000,397703,
2026-04-13,NEM.DE,XETRA,58.0000,59.7500,55.0000,59.6000,449327,
2026-04-13,P911.DE,XETRA,40.4000,41.7600,40.2700,41.4900,618176,
2026-04-13,PUM.DE,XETRA,24.2800,24.4400,23.9500,24.1100,663684,
2026-04-13,QIA.DE,XETRA,34.5050,35.4350,34.4600,35.3500,399242,
2026-04-13,R3NK.DE,XETRA,52.1500,53.6700,51.5600,53.0000,542095,
2026-04-13,RHM.DE,XETRA,1450.6000,1506.2000,1448.0000,1495.4000,233902,
2026-04-13,RWE.DE,XETRA,59.0400,59.3800,58.5400,58.5600,777439,
2026-04-13,S92.DE,XETRA,46.7800,47.2800,44.8800,45.1800,115100,
2026-04-13,SAP.DE,XETRA,138.4800,142.5000,138.0000,142.5000,2057774,
2026-04-13,SHL.DE,XETRA,37.3000,37.8600,37.0500,37.7900,824819,
2026-04-13,SIE.DE,XETRA,224.9500,229.6500,224.5000,228.7000,776371,
2026-04-13,SRT3.DE,XETRA,211.3000,216.6000,208.5000,216.6000,50007,
2026-04-13,SZG.DE,XETRA,46.6000,47.4200,45.8400,46.7600,177928,
2026-04-13,TKA.DE,XETRA,8.3800,8.4420,8.2100,8.3920,1602768,
2026-04-13,TUI1.DE,XETRA,7.1100,7.1620,6.9620,7.1540,2890947,
2026-04-13,VOW3.DE,XETRA,88.0600,88.0600,87.2400,87.8200,792134,
2026-04-13,WAF.DE,XETRA,58.6000,60.0000,58.4000,59.6500,43679,
2026-04-13,ZAL.DE,XETRA,21.7200,22.1500,21.7200,22.1100,884429,
2026-04-14,ADS.DE,XETRA,136.5500,138.3000,136.0000,137.9000,637277,
2026-04-14,AFX.DE,XETRA,26.5600,27.3000,26.2600,27.1000,200162,
2026-04-14,AIR.DE,XETRA,171.4600,174.1000,171.0600,172.8400,200671,
2026-04-14,AIXA.DE,XETRA,36.5400,36.9600,35.1900,35.1900,1078705,
2026-04-14,ALV.DE,XETRA,380.4000,384.0000,378.6000,384.0000,556631,
2026-04-14,BAYN.DE,XETRA,40.8400,41.2100,40.6100,40.6100,2691182,
2026-04-14,BC8.DE,XETRA,30.0000,30.6600,29.7800,30.5600,350132,
2026-04-14,BMW.DE,XETRA,84.9000,85.1600,82.5000,82.5000,1188161,
2026-04-14,CBK.DE,XETRA,34.8800,35.4200,34.5000,35.2400,2767249,
2026-04-14,CON.DE,XETRA,64.9400,65.5600,64.7000,64.9400,409475,
2026-04-14,DBK.DE,XETRA,27.9050,28.5350,27.8000,28.5350,6043598,
2026-04-14,DHER.DE,XETRA,17.2850,17.5550,17.2400,17.3500,769186,
2026-04-14,ENR.DE,XETRA,169.0000,171.7600,168.3200,170.9600,2550648,
2026-04-14,EOAN.DE,XETRA,19.4300,19.5750,19.2850,19.4700,4601422,
2026-04-14,EVT.DE,XETRA,4.8400,5.3900,4.8360,5.3900,1611619,
2026-04-14,FRE.DE,XETRA,44.7600,44.9100,44.4100,44.8500,1430785,
2026-04-14,HAG.DE,XETRA,78.8200,79.4600,78.2000,78.4600,203726,
2026-04-14,HFG.DE,XETRA,3.8260,4.0200,3.8260,3.9290,1006225,
2026-04-14,HNR1.DE,XETRA,274.0000,274.0000,272.0000,272.2000,188320,
2026-04-14,IFX.DE,XETRA,43.6950,44.4550,43.2200,44.4550,3867024,
2026-04-14,JEN.DE,XETRA,31.4800,32.2000,31.3600,31.4600,156066,
2026-04-14,KGX.DE,XETRA,45.2000,45.6300,45.0800,45.5000,388877,
2026-04-14,LHA.DE,XETRA,7.7980,8.0300,7.7760,8.0040,5264907,
2026-04-14,MBG.DE,XETRA,54.8400,55.8800,54.7300,54.8300,3222174,
2026-04-14,MRK.DE,XETRA,113.6500,116.8000,113.6500,116.5500,390197,
2026-04-14,MTX.DE,XETRA,331.0000,342.3000,329.5000,335.4000,197904,
2026-04-14,MUV2.DE,XETRA,555.0000,560.8000,552.8000,560.8000,242603,
2026-04-14,NDX1.DE,XETRA,45.8800,46.1800,43.6000,45.0800,706277,
2026-04-14,NEM.DE,XETRA,60.2000,61.2000,56.8500,57.6000,384263,
2026-04-14,P911.DE,XETRA,42.3200,43.5400,42.2800,43.2900,1534485,
2026-04-14,PUM.DE,XETRA,24.2600,24.9500,24.1800,24.4600,828630,
2026-04-14,QIA.DE,XETRA,36.1550,36.2250,35.4350,35.9150,742646,
2026-04-14,R3NK.DE,XETRA,53.2800,53.5800,51.6600,52.0600,327007,
2026-04-14,RHM.DE,XETRA,1498.0000,1502.6000,1473.6000,1486.6000,189515,
2026-04-14,RWE.DE,XETRA,59.1400,59.3000,58.2400,58.8800,1339266,
2026-04-14,S92.DE,XETRA,46.6000,49.6800,44.9200,49.3000,188184,
2026-04-14,SAP.DE,XETRA,143.7200,145.5000,142.4400,143.4600,2534544,
2026-04-14,SHL.DE,XETRA,37.9600,38.3200,37.9100,38.2900,735443,
2026-04-14,SIE.DE,XETRA,231.3500,239.1500,231.2500,237.2500,1448172,
2026-04-14,SRT3.DE,XETRA,218.9000,230.5000,218.9000,228.2000,90929,
2026-04-14,SZG.DE,XETRA,47.7200,49.9000,47.7200,49.1800,178390,
2026-04-14,TKA.DE,XETRA,8.5500,8.7640,8.5000,8.6720,2798781,
2026-04-14,TUI1.DE,XETRA,7.1980,7.3380,7.1880,7.2860,2853518,
2026-04-14,VOW3.DE,XETRA,88.7800,90.7400,88.7200,90.5600,892611,
2026-04-14,WAF.DE,XETRA,61.0000,65.1500,61.0000,64.6000,95705,
2026-04-14,ZAL.DE,XETRA,22.0200,22.4000,21.9000,22.1700,953039,
2026-04-15,ADS.DE,XETRA,137.3500,140.0000,136.5500,140.0000,468228,
2026-04-15,AFX.DE,XETRA,27.2400,27.5800,27.1200,27.3400,207837,
2026-04-15,AIR.DE,XETRA,172.1600,172.5600,170.1200,171.6000,200401,
2026-04-15,AIXA.DE,XETRA,37.2800,42.5400,37.2700,42.3500,2883130,
2026-04-15,ALV.DE,XETRA,385.6000,386.7000,382.6000,386.1000,523441,
2026-04-15,BAYN.DE,XETRA,40.6300,41.7700,40.5700,40.7400,2691716,
2026-04-15,BC8.DE,XETRA,30.4800,30.8200,30.1800,30.4000,253163,
2026-04-15,BMW.DE,XETRA,83.0000,83.3600,81.6600,82.2400,970489,
2026-04-15,CBK.DE,XETRA,35.4400,35.4400,34.9200,35.2900,1552929,
2026-04-15,CON.DE,XETRA,65.0200,65.3600,63.7600,63.9400,292641,
2026-04-15,DBK.DE,XETRA,28.4000,28.4600,28.1050,28.2900,4677493,
2026-04-15,DHER.DE,XETRA,17.4550,18.8200,17.4050,18.7650,1320186,
2026-04-15,ENR.DE,XETRA,170.6800,171.9400,168.6200,169.3200,1847782,
2026-04-15,EOAN.DE,XETRA,19.4000,19.5950,19.3500,19.4300,3567141,
2026-04-15,EVT.DE,XETRA,5.4200,5.5750,5.3350,5.5450,1194761,
2026-04-15,FRE.DE,XETRA,44.9000,45.0000,44.0300,44.0300,930056,
2026-04-15,HAG.DE,XETRA,78.5000,81.0200,77.0600,80.9600,414162,
2026-04-15,HFG.DE,XETRA,3.9370,4.1400,3.9240,4.0780,701871,
2026-04-15,HNR1.DE,XETRA,273.8000,274.6000,271.0000,274.6000,138877,
2026-04-15,IFX.DE,XETRA,44.4400,45.3800,43.8800,44.7150,3494886,
2026-04-15,JEN.DE,XETRA,31.6600,32.2400,31.5400,31.7000,176264,
2026-04-15,KGX.DE,XETRA,45.7000,46.5200,45.3500,46.4400,375960,
2026-04-15,LHA.DE,XETRA,7.9760,7.9760,7.7420,7.8200,5009850,
2026-04-15,MBG.DE,XETRA,55.3000,55.4900,54.1400,54.4600,3229787,
2026-04-15,MRK.DE,XETRA,117.2500,118.4000,116.8500,117.1500,292655,
2026-04-15,MTX.DE,XETRA,334.1000,335.8000,331.1000,334.6000,138920,
2026-04-15,MUV2.DE,XETRA,563.2000,563.4000,556.4000,563.0000,170851,
2026-04-15,NDX1.DE,XETRA,44.3000,46.4000,44.3000,46.0200,536724,
2026-04-15,NEM.DE,XETRA,58.0000,59.9500,58.0000,59.5500,321236,
2026-04-15,P911.DE,XETRA,43.3300,43.6800,42.8800,43.0000,595859,
2026-04-15,PUM.DE,XETRA,24.5000,25.0500,24.0100,24.9600,860569,
2026-04-15,QIA.DE,XETRA,35.9750,36.0000,35.5550,35.6100,502361,
2026-04-15,R3NK.DE,XETRA,52.0800,54.0300,51.6200,53.4000,530861,
2026-04-15,RHM.DE,XETRA,1483.4000,1529.4000,1472.8000,1515.2000,163558,
2026-04-15,RWE.DE,XETRA,58.6600,59.1200,58.5400,59.0800,1102128,
2026-04-15,S92.DE,XETRA,49.0400,52.7000,48.7400,52.5000,276434,
2026-04-15,SAP.DE,XETRA,143.7200,146.7000,142.9400,146.5400,2324674,
2026-04-15,SHL.DE,XETRA,38.5400,38.7500,38.3400,38.3400,709892,
2026-04-15,SIE.DE,XETRA,236.6500,239.6000,236.5000,237.4000,1072128,
2026-04-15,SRT3.DE,XETRA,229.2000,231.9000,227.9000,231.2000,77746,
2026-04-15,SZG.DE,XETRA,49.3000,50.1000,49.0000,49.1800,138621,
2026-04-15,TKA.DE,XETRA,8.6540,8.8540,8.6140,8.8220,2514805,
2026-04-15,TUI1.DE,XETRA,7.3380,7.3560,7.2060,7.2840,2579700,
2026-04-15,VOW3.DE,XETRA,90.9600,91.4200,90.5000,90.5600,643947,
2026-04-15,WAF.DE,XETRA,62.9000,65.9000,62.6500,64.4500,65542,
2026-04-15,ZAL.DE,XETRA,22.2000,22.6800,22.0400,22.5700,975047,
2026-04-16,ADS.DE,XETRA,140.5500,142.0500,140.2500,141.8500,449603,
2026-04-16,AFX.DE,XETRA,27.3600,27.7600,27.1000,27.7400,231977,
2026-04-16,AIR.DE,XETRA,172.8600,175.9400,169.3000,171.6800,336225,
2026-04-16,AIXA.DE,XETRA,39.6200,41.1900,38.3400,40.9100,2091299,
2026-04-16,ALV.DE,XETRA,387.0000,388.5000,384.8000,385.9000,483039,
2026-04-16,BAYN.DE,XETRA,40.7000,41.0000,40.3600,40.6900,2498877,
2026-04-16,BC8.DE,XETRA,30.7000,31.4000,30.5200,30.6800,261574,
2026-04-16,BMW.DE,XETRA,82.4800,82.4800,80.8000,81.0000,931095,
2026-04-16,CBK.DE,XETRA,35.5000,35.6200,34.5600,34.7200,2712611,
2026-04-16,CON.DE,XETRA,64.0200,64.5800,63.7600,64.2400,260874,
2026-04-16,DBK.DE,XETRA,28.4550,28.5050,28.0450,28.0550,4121342,
2026-04-16,DHER.DE,XETRA,19.0000,20.1400,18.8300,20.1400,2118960,
2026-04-16,ENR.DE,XETRA,171.0600,171.2000,163.7800,166.9400,2198007,
2026-04-16,EOAN.DE,XETRA,19.4300,19.5000,19.1950,19.2100,2155534,
2026-04-16,EVT.DE,XETRA,5.5050,5.6600,5.4800,5.5700,672470,
2026-04-16,FRE.DE,XETRA,44.2600,44.5100,43.9800,44.1900,988140,
2026-04-16,HAG.DE,XETRA,80.9000,83.6400,80.0800,80.7800,337548,
2026-04-16,HFG.DE,XETRA,4.0900,4.4070,4.0580,4.3780,1078717,
2026-04-16,HNR1.DE,XETRA,273.8000,275.6000,273.0000,275.0000,113181,
2026-04-16,IFX.DE,XETRA,45.3700,46.0050,44.7800,46.0050,5273875,
2026-04-16,JEN.DE,XETRA,31.5600,32.2000,31.5200,32.2000,242615,
2026-04-16,KGX.DE,XETRA,46.7800,47.8500,46.5100,47.3000,365522,
2026-04-16,LHA.DE,XETRA,7.7500,7.8340,7.5380,7.5520,6725824,
2026-04-16,MBG.DE,XETRA,54.8500,54.8500,53.3500,53.3500,3445437,
2026-04-16,MRK.DE,XETRA,117.1500,117.2500,113.9500,115.1500,308283,
2026-04-16,MTX.DE,XETRA,337.3000,338.9000,326.0000,329.2000,171974,
2026-04-16,MUV2.DE,XETRA,563.0000,564.8000,559.8000,560.2000,217884,
2026-04-16,NDX1.DE,XETRA,46.6400,46.6800,44.9400,46.1400,922849,
2026-04-16,NEM.DE,XETRA,60.0000,63.8000,59.9500,63.0500,447633,
2026-04-16,P911.DE,XETRA,42.5500,43.1600,42.1000,42.1000,783580,
2026-04-16,PUM.DE,XETRA,25.0000,25.3200,24.7900,25.1800,648598,
2026-04-16,QIA.DE,XETRA,35.1500,35.4000,34.8300,35.0000,459748,
2026-04-16,R3NK.DE,XETRA,54.0300,54.6700,52.4400,52.9200,388264,
2026-04-16,RHM.DE,XETRA,1520.0000,1531.6000,1486.4000,1497.2000,190721,
2026-04-16,RWE.DE,XETRA,59.0600,59.2400,57.9600,58.1000,1771839,
2026-04-16,S92.DE,XETRA,52.9000,53.4500,50.0500,50.7500,129981,
2026-04-16,SAP.DE,XETRA,147.5400,152.8600,147.1400,151.6600,2670491,
2026-04-16,SHL.DE,XETRA,38.4300,38.7300,38.1300,38.3500,638793,
2026-04-16,SIE.DE,XETRA,239.2000,241.4000,237.4000,239.6000,1051728,
2026-04-16,SRT3.DE,XETRA,230.6000,231.6000,225.6000,228.0000,68025,
2026-04-16,SZG.DE,XETRA,49.4000,50.3000,47.6600,47.7800,155395,
2026-04-16,TKA.DE,XETRA,8.8800,8.9700,8.6560,8.6980,2195990,
2026-04-16,TUI1.DE,XETRA,7.3080,7.3500,7.1260,7.1560,3810670,
2026-04-16,VOW3.DE,XETRA,91.0400,91.0400,89.0200,89.4400,686536,
2026-04-16,WAF.DE,XETRA,64.9500,67.7000,64.6500,66.9000,84509,
2026-04-16,ZAL.DE,XETRA,22.6500,23.6300,22.6100,23.2500,1253258,
2026-04-17,ADS.DE,XETRA,142.0000,148.0000,141.5500,146.4000,829473,
2026-04-17,AFX.DE,XETRA,27.5600,28.3600,27.5600,27.8400,244396,
2026-04-17,AIR.DE,XETRA,170.9600,181.9800,170.8400,179.4400,589331,
2026-04-17,AIXA.DE,XETRA,41.3900,45.0600,41.3900,44.2700,2060448,
2026-04-17,ALV.DE,XETRA,386.3000,391.2000,385.6000,390.0000,950187,
2026-04-17,BAYN.DE,XETRA,40.3500,41.1600,39.9100,41.1000,3337731,
2026-04-17,BC8.DE,XETRA,30.8000,32.1600,30.6000,31.7400,328640,
2026-04-17,BMW.DE,XETRA,81.0800,84.3800,80.8200,84.2200,1476110,
2026-04-17,CBK.DE,XETRA,34.6000,36.1300,34.5600,36.0600,3557660,
2026-04-17,CON.DE,XETRA,64.0000,68.2000,63.8800,67.6800,828105,
2026-04-17,DBK.DE,XETRA,27.9500,29.0200,27.7100,28.9100,12887877,
2026-04-17,DHER.DE,XETRA,21.4000,21.8200,20.2000,21.1900,2632758,
2026-04-17,ENR.DE,XETRA,164.9200,173.9200,164.0400,172.0600,3338622,
2026-04-17,EOAN.DE,XETRA,19.1300,19.1450,18.6700,18.8000,5607836,
2026-04-17,EVT.DE,XETRA,5.5250,5.7600,5.4750,5.6400,759607,
2026-04-17,FRE.DE,XETRA,44.0300,44.8300,43.7500,44.6200,1541505,
2026-04-17,HAG.DE,XETRA,81.1800,84.4600,80.1200,80.8400,315108,
2026-04-17,HFG.DE,XETRA,4.4050,4.6620,4.3810,4.5570,1061285,
2026-04-17,HNR1.DE,XETRA,276.0000,277.8000,274.8000,275.6000,202064,
2026-04-17,IFX.DE,XETRA,45.9800,48.9950,45.9250,48.9000,6889682,
2026-04-17,JEN.DE,XETRA,32.2200,33.6000,32.0200,33.6000,301126,
2026-04-17,KGX.DE,XETRA,47.2700,49.9700,46.8100,48.6500,408238,
2026-04-17,LHA.DE,XETRA,7.6000,8.1320,7.5300,8.0700,14860451,
2026-04-17,MBG.DE,XETRA,50.5000,52.6600,50.4100,52.6600,5531027,
2026-04-17,MRK.DE,XETRA,115.2000,119.0000,115.2000,118.5000,449171,
2026-04-17,MTX.DE,XETRA,328.1000,353.1000,327.2000,346.1000,281539,
2026-04-17,MUV2.DE,XETRA,561.2000,566.4000,560.2000,564.8000,356960,
2026-04-17,NDX1.DE,XETRA,45.9400,46.6000,44.6600,45.5600,809010,
2026-04-17,NEM.DE,XETRA,63.2500,69.5000,63.1000,69.2500,498887,
2026-04-17,P911.DE,XETRA,41.9000,43.7100,41.8500,43.4500,591934,
2026-04-17,PUM.DE,XETRA,25.3300,26.1200,25.2300,25.8100,1068007,
2026-04-17,QIA.DE,XETRA,35.0650,35.4300,34.8800,35.3500,546288,
2026-04-17,R3NK.DE,XETRA,52.6000,55.8500,52.5000,55.0100,756232,
2026-04-17,RHM.DE,XETRA,1485.0000,1532.8000,1484.2000,1495.2000,244617,
2026-04-17,RWE.DE,XETRA,57.5000,57.5000,54.9600,55.9000,4468658,
2026-04-17,S92.DE,XETRA,51.2500,51.7500,46.0600,47.9800,235777,
2026-04-17,SAP.DE,XETRA,152.0200,159.4000,151.9000,156.2400,4233873,
2026-04-17,SHL.DE,XETRA,38.2600,39.4600,38.1500,38.9100,1488186,
2026-04-17,SIE.DE,XETRA,238.5000,250.1500,238.5000,247.6500,2305918,
2026-04-17,SRT3.DE,XETRA,226.6000,243.0000,226.3000,238.8000,92858,
2026-04-17,SZG.DE,XETRA,47.8000,50.9000,47.2000,50.3500,329832,
2026-04-17,TKA.DE,XETRA,8.7000,9.4700,8.6800,9.2640,4551963,
2026-04-17,TUI1.DE,XETRA,7.1360,7.6200,7.0920,7.5260,8368346,
2026-04-17,VOW3.DE,XETRA,89.6200,92.8000,89.3000,92.7000,1329993,
2026-04-17,WAF.DE,XETRA,66.0500,70.0000,65.9000,68.5500,79010,
2026-04-17,ZAL.DE,XETRA,23.1100,23.9600,22.9400,23.5500,1927082,
2026-04-20,ADS.DE,XETRA,143.3000,145.4000,142.8000,144.8500,435602,
2026-04-20,AFX.DE,XETRA,27.4000,28.0600,27.2400,27.9200,199325,
2026-04-20,AIR.DE,XETRA,176.2400,177.7600,175.6800,176.3200,298004,
2026-04-20,AIXA.DE,XETRA,43.9400,44.5500,43.0400,43.4100,923090,
2026-04-20,ALV.DE,XETRA,385.5000,390.7000,384.8000,389.3000,439997,
2026-04-20,BAYN.DE,XETRA,40.7100,41.3900,40.4200,41.3600,2782438,
2026-04-20,BC8.DE,XETRA,31.0000,31.5000,30.9600,31.0000,222144,
2026-04-20,BMW.DE,XETRA,82.7000,83.5200,82.3800,83.5000,837291,
2026-04-20,CBK.DE,XETRA,36.2800,36.9400,36.0000,36.4800,3378637,
2026-04-20,CON.DE,XETRA,66.3000,66.7400,65.7800,66.6800,371441,
2026-04-20,DBK.DE,XETRA,28.0800,28.5050,28.0150,28.2800,4690655,
2026-04-20,DHER.DE,XETRA,20.3900,20.8000,20.1400,20.2400,1010167,
2026-04-20,ENR.DE,XETRA,168.2800,170.2000,166.9800,168.8400,1879095,
2026-04-20,EOAN.DE,XETRA,18.9500,19.0200,18.8450,18.9000,3092609,
2026-04-20,EVT.DE,XETRA,5.4500,5.5350,5.2850,5.4400,930178,
2026-04-20,FRE.DE,XETRA,44.0800,44.2100,43.7700,43.7800,763358,
2026-04-20,HAG.DE,XETRA,81.0000,82.7000,80.5600,82.3600,379689,
2026-04-20,HFG.DE,XETRA,4.5010,4.5700,4.4560,4.4940,494774,
2026-04-20,HNR1.DE,XETRA,274.6000,278.6000,274.0000,277.6000,129221,
2026-04-20,IFX.DE,XETRA,47.7150,48.4500,47.5200,47.9950,3769226,
2026-04-20,JEN.DE,XETRA,32.9000,33.9600,32.9000,33.8800,225197,
2026-04-20,KGX.DE,XETRA,47.3300,47.7800,46.9700,47.1900,253963,
2026-04-20,LHA.DE,XETRA,7.7700,7.8920,7.7180,7.7940,6012410,
2026-04-20,MBG.DE,XETRA,51.5900,52.0100,51.2600,52.0100,3104692,
2026-04-20,MRK.DE,XETRA,116.6500,117.5500,116.1500,117.5500,270492,
2026-04-20,MTX.DE,XETRA,339.5000,340.5000,331.1000,331.1000,168633,
2026-04-20,MUV2.DE,XETRA,561.0000,569.6000,561.0000,567.2000,224896,
2026-04-20,NDX1.DE,XETRA,46.5000,46.5200,44.4600,44.8800,677588,
2026-04-20,NEM.DE,XETRA,68.3500,68.7500,66.1000,66.5000,272499,
2026-04-20,P911.DE,XETRA,42.6000,43.0800,42.1400,42.6200,400555,
2026-04-20,PUM.DE,XETRA,25.3800,26.1800,25.3600,26.0800,748128,
2026-04-20,QIA.DE,XETRA,34.8700,34.9700,34.5950,34.9500,459420,
2026-04-20,R3NK.DE,XETRA,54.0000,55.0200,53.9400,55.0000,298611,
2026-04-20,RHM.DE,XETRA,1489.6000,1490.0000,1458.4000,1475.8000,158639,
2026-04-20,RWE.DE,XETRA,56.4600,57.8600,56.4400,57.3600,1934304,
2026-04-20,S92.DE,XETRA,48.7600,49.8200,47.2000,47.4400,95272,
2026-04-20,SAP.DE,XETRA,152.8800,153.1600,149.8600,150.2000,2407016,
2026-04-20,SHL.DE,XETRA,38.4100,38.5000,37.9500,38.2900,912785,
2026-04-20,SIE.DE,XETRA,241.5500,244.7000,240.2000,242.5500,1078178,
2026-04-20,SRT3.DE,XETRA,235.0000,239.7000,233.3000,239.1000,112119,
2026-04-20,SZG.DE,XETRA,48.0000,50.5000,47.5200,49.5600,134506,
2026-04-20,TKA.DE,XETRA,8.9700,9.1680,8.8440,9.0760,2919203,
2026-04-20,TUI1.DE,XETRA,7.3320,7.3720,7.1960,7.2900,4203691,
2026-04-20,VOW3.DE,XETRA,90.9400,91.1800,89.8400,90.4800,911454,
2026-04-20,WAF.DE,XETRA,66.9000,69.3500,66.8500,68.6500,59145,
2026-04-20,ZAL.DE,XETRA,23.1100,23.4800,23.0500,23.3300,883073,
2026-04-21,ADS.DE,XETRA,145.2000,146.9000,144.5000,145.0500,408292,
2026-04-21,AFX.DE,XETRA,28.1800,28.2800,27.7800,27.9000,126328,
2026-04-21,AIR.DE,XETRA,173.7400,175.4400,168.6200,170.4400,280348,
2026-04-21,AIXA.DE,XETRA,45.0000,45.7500,44.6500,45.2300,1165351,
2026-04-21,ALV.DE,XETRA,392.3000,397.0000,391.1000,394.8000,623481,
2026-04-21,BAYN.DE,XETRA,41.7100,41.7600,39.9200,39.9700,2411881,
2026-04-21,BC8.DE,XETRA,31.0200,31.5000,30.7200,31.0600,183092,
2026-04-21,BMW.DE,XETRA,83.6000,84.2200,83.4600,83.4800,594117,
2026-04-21,CBK.DE,XETRA,36.9000,36.9000,35.9400,35.9400,3204781,
2026-04-21,CON.DE,XETRA,66.6600,67.0800,65.9000,65.9000,286067,
2026-04-21,DBK.DE,XETRA,28.4600,28.5900,28.0200,28.0600,4043964,
2026-04-21,DHER.DE,XETRA,20.4800,20.7500,20.0900,20.3200,800345,
2026-04-21,ENR.DE,XETRA,170.2600,170.5800,166.7800,166.9400,2428984,
2026-04-21,EOAN.DE,XETRA,18.8500,19.0700,18.8500,18.9550,3133248,
2026-04-21,EVT.DE,XETRA,5.4500,5.7900,5.4350,5.6500,905392,
2026-04-21,FRE.DE,XETRA,43.7000,44.3000,43.2700,43.2700,822734,
2026-04-21,HAG.DE,XETRA,83.4000,83.4000,78.6600,79.0400,411500,
2026-04-21,HFG.DE,XETRA,4.5400,4.7200,4.5400,4.6740,747104,
2026-04-21,HNR1.DE,XETRA,277.0000,280.0000,276.6000,278.2000,84401,
2026-04-21,IFX.DE,XETRA,48.4650,48.7200,47.5150,47.7350,2718905,
2026-04-21,JEN.DE,XETRA,34.3600,34.3800,33.6200,33.8800,196456,
2026-04-21,KGX.DE,XETRA,47.8300,47.8500,45.8600,45.8600,429010,
2026-04-21,LHA.DE,XETRA,7.8600,7.9080,7.6560,7.7040,6206445,
2026-04-21,MBG.DE,XETRA,52.0600,52.4000,51.1500,51.1500,3114704,
2026-04-21,MRK.DE,XETRA,117.9000,121.2500,117.5000,117.5000,404959,
2026-04-21,MTX.DE,XETRA,330.9000,333.0000,311.9000,311.9000,326517,
2026-04-21,MUV2.DE,XETRA,567.0000,572.6000,563.0000,568.0000,281917,
2026-04-21,NDX1.DE,XETRA,45.2200,45.5400,44.5200,44.9800,531864,
2026-04-21,NEM.DE,XETRA,67.1000,69.2000,66.6500,67.8500,345487,
2026-04-21,P911.DE,XETRA,42.6800,43.0000,42.2200,42.2200,341260,
2026-04-21,PUM.DE,XETRA,26.3600,26.6900,25.9700,26.2000,839037,
2026-04-21,QIA.DE,XETRA,34.7550,35.3050,34.6050,34.6050,660366,
2026-04-21,R3NK.DE,XETRA,56.5500,57.7700,54.5600,54.7600,620319,
2026-04-21,RHM.DE,XETRA,1479.6000,1493.6000,1423.4000,1431.0000,220661,
2026-04-21,RWE.DE,XETRA,57.5400,58.8400,57.5000,58.2600,1225766,
2026-04-21,S92.DE,XETRA,48.0800,49.1200,47.7000,48.4400,64355,
2026-04-21,SAP.DE,XETRA,152.2200,153.4600,150.3000,151.1600,2598088,
2026-04-21,SHL.DE,XETRA,38.2400,38.8000,38.0000,38.0600,813639,
2026-04-21,SIE.DE,XETRA,243.5000,246.5000,241.0500,241.6000,861638,
2026-04-21,SRT3.DE,XETRA,239.5000,256.4000,239.5000,243.8000,134195,
2026-04-21,SZG.DE,XETRA,50.1500,52.3500,49.3600,51.1000,191186,
2026-04-21,TKA.DE,XETRA,9.1000,9.2160,8.8120,8.9300,2582556,
2026-04-21,TUI1.DE,XETRA,7.2900,7.3640,7.1340,7.2000,3549240,
2026-04-21,VOW3.DE,XETRA,90.8000,91.0600,89.3800,89.9800,579567,
2026-04-21,WAF.DE,XETRA,69.7500,71.5500,68.8000,69.4500,85814,
2026-04-21,ZAL.DE,XETRA,23.3200,23.7500,23.0500,23.1300,917199,
2026-04-22,ADS.DE,XETRA,144.4500,144.5000,140.7000,141.5500,535616,
2026-04-22,AFX.DE,XETRA,27.3600,27.8000,27.0600,27.7400,139208,
2026-04-22,AIR.DE,XETRA,171.4800,171.5000,165.7800,165.7800,264935,
2026-04-22,AIXA.DE,XETRA,45.4200,46.8800,45.4200,46.6200,1086444,
2026-04-22,ALV.DE,XETRA,394.4000,394.8000,387.8000,389.8000,585476,
2026-04-22,BAYN.DE,XETRA,40.1100,40.8400,40.0400,40.2400,2143616,
2026-04-22,BC8.DE,XETRA,31.3600,31.3600,30.2000,30.3600,344030,
2026-04-22,BMW.DE,XETRA,83.5400,83.5800,81.8800,81.8800,824374,
2026-04-22,CBK.DE,XETRA,35.9800,35.9800,34.5800,34.8200,2812800,
2026-04-22,CON.DE,XETRA,66.0600,66.3200,64.5600,64.7800,314389,
2026-04-22,DBK.DE,XETRA,28.1100,28.2100,27.6050,27.8350,3814052,
2026-04-22,DHER.DE,XETRA,20.1500,20.2700,19.5850,19.6600,1281422,
2026-04-22,ENR.DE,XETRA,171.0000,179.3600,166.0600,178.4200,3702539,
2026-04-22,EOAN.DE,XETRA,18.9600,19.2100,18.9350,19.1050,2727517,
2026-04-22,EVT.DE,XETRA,5.6500,5.7700,5.5900,5.6850,911368,
2026-04-22,FRE.DE,XETRA,43.2000,43.2600,42.1000,42.3800,1143395,
2026-04-22,HAG.DE,XETRA,80.5200,80.5600,77.4200,77.8400,275320,
2026-04-22,HFG.DE,XETRA,4.6720,4.7580,4.5470,4.5910,741990,
2026-04-22,HNR1.DE,XETRA,278.2000,281.2000,275.4000,276.8000,176781,
2026-04-22,IFX.DE,XETRA,48.6000,49.5550,48.4750,49.3900,4594557,
2026-04-22,JEN.DE,XETRA,34.0000,34.4800,33.8200,33.9000,130995,
2026-04-22,KGX.DE,XETRA,46.2000,46.4600,44.5000,45.1800,436868,
2026-04-22,LHA.DE,XETRA,7.7480,7.7800,7.4580,7.4840,9681752,
2026-04-22,MBG.DE,XETRA,51.0900,51.5000,50.3700,50.5000,3211339,
2026-04-22,MRK.DE,XETRA,117.0500,117.4000,114.4500,115.6000,380959,
2026-04-22,MTX.DE,XETRA,313.5000,314.9000,299.1000,300.1000,263987,
2026-04-22,MUV2.DE,XETRA,567.2000,572.4000,556.0000,558.8000,332117,
2026-04-22,NDX1.DE,XETRA,45.3800,45.7000,44.2800,45.1000,481675,
2026-04-22,NEM.DE,XETRA,68.3000,68.3000,65.5500,66.9500,238143,
2026-04-22,P911.DE,XETRA,42.3000,42.6100,41.6300,41.7200,383003,
2026-04-22,PUM.DE,XETRA,26.1000,26.5900,25.8300,25.9100,579550,
2026-04-22,QIA.DE,XETRA,34.3550,34.4450,34.0150,34.0750,378563,
2026-04-22,R3NK.DE,XETRA,55.9700,56.2200,54.3000,55.7800,452481,
2026-04-22,RHM.DE,XETRA,1437.4000,1440.2000,1414.0000,1422.8000,170797,
2026-04-22,RWE.DE,XETRA,58.2600,60.2400,58.2600,60.1600,1779333,
2026-04-22,S92.DE,XETRA,49.1600,49.8400,47.5000,48.1600,68190,
2026-04-22,SAP.DE,XETRA,151.3600,152.3200,147.4400,149.8200,2486738,
2026-04-22,SHL.DE,XETRA,37.7500,37.7800,36.7900,36.8700,932132,
2026-04-22,SIE.DE,XETRA,245.5000,247.9000,241.0000,241.6500,1391206,
2026-04-22,SRT3.DE,XETRA,243.8000,243.8000,234.5000,236.2000,114545,
2026-04-22,SZG.DE,XETRA,51.0000,53.7500,50.7500,51.7500,367038,
2026-04-22,TKA.DE,XETRA,9.0340,9.1320,8.6980,8.8400,2368088,
2026-04-22,TUI1.DE,XETRA,7.2100,7.3060,6.8780,6.9460,8889843,
2026-04-22,VOW3.DE,XETRA,89.9000,90.2000,88.6200,88.7400,584314,
2026-04-22,WAF.DE,XETRA,70.4500,72.7000,70.1000,71.6000,86550,
2026-04-22,ZAL.DE,XETRA,23.0200,23.0400,22.4500,22.6400,1296143,
2026-04-23,ADS.DE,XETRA,140.9000,141.2000,137.8000,138.1000,528187,
2026-04-23,AFX.DE,XETRA,27.3000,27.5000,26.4800,26.8600,174468,
2026-04-23,AIR.DE,XETRA,165.1000,169.2400,163.8800,168.1200,257325,
2026-04-23,AIXA.DE,XETRA,47.0000,47.1500,45.4500,46.4500,1266530,
2026-04-23,ALV.DE,XETRA,389.0000,390.1000,384.3000,390.1000,396015,
2026-04-23,BAYN.DE,XETRA,40.0000,40.6400,39.9600,40.0400,1808717,
2026-04-23,BC8.DE,XETRA,30.1800,30.2000,29.1000,29.1600,248633,
2026-04-23,BMW.DE,XETRA,81.4600,81.6800,80.2200,81.0800,673442,
2026-04-23,CBK.DE,XETRA,34.6000,34.6700,34.0900,34.4700,1806055,
2026-04-23,CON.DE,XETRA,64.7000,66.3200,64.6000,66.3200,358195,
2026-04-23,DBK.DE,XETRA,27.5600,27.5700,26.9750,27.2250,3629122,
2026-04-23,DHER.DE,XETRA,19.4000,19.8650,19.2550,19.3900,826018,
2026-04-23,ENR.DE,XETRA,176.3400,184.3200,176.2200,182.8000,2887727,
2026-04-23,EOAN.DE,XETRA,18.9950,19.3800,18.9500,19.3800,7394075,
2026-04-23,EVT.DE,XETRA,5.6150,5.6150,5.3100,5.4000,726407,
2026-04-23,FRE.DE,XETRA,42.1200,42.3300,40.6200,40.7100,1570385,
2026-04-23,HAG.DE,XETRA,76.1000,78.7200,75.8800,78.4200,185295,
2026-04-23,HFG.DE,XETRA,4.5660,4.5720,4.3460,4.3460,920126,
2026-04-23,HNR1.DE,XETRA,276.2000,276.8000,271.8000,274.8000,140218,
2026-04-23,IFX.DE,XETRA,51.1200,54.0100,51.0000,53.3500,8196089,
2026-04-23,JEN.DE,XETRA,34.0000,34.3400,33.5800,33.9400,120754,
2026-04-23,KGX.DE,XETRA,44.3800,46.3200,44.2000,46.3200,302906,
2026-04-23,LHA.DE,XETRA,7.4000,7.4600,7.2580,7.4460,7195767,
2026-04-23,MBG.DE,XETRA,50.3700,50.8400,49.9850,50.5800,2320957,
2026-04-23,MRK.DE,XETRA,114.5000,114.9000,111.1000,112.0500,417608,
2026-04-23,MTX.DE,XETRA,300.2000,305.2000,296.3000,303.0000,149515,
2026-04-23,MUV2.DE,XETRA,559.4000,560.0000,549.2000,557.6000,234451,
2026-04-23,NDX1.DE,XETRA,44.7800,45.7600,44.3600,45.6600,534746,
2026-04-23,NEM.DE,XETRA,65.8500,66.4000,64.4000,64.5500,184561,
2026-04-23,P911.DE,XETRA,41.4900,42.2400,41.3900,41.9100,272459,
2026-04-23,PUM.DE,XETRA,25.7000,25.8200,25.0000,25.2700,634292,
2026-04-23,QIA.DE,XETRA,33.9250,34.1150,32.3550,32.5400,725246,
2026-04-23,R3NK.DE,XETRA,55.0000,57.2700,54.3300,56.9100,636188,
2026-04-23,RHM.DE,XETRA,1410.0000,1421.2000,1396.6000,1407.0000,178982,
2026-04-23,RWE.DE,XETRA,59.8000,60.6000,59.5200,60.6000,1026789,
2026-04-23,S92.DE,XETRA,47.9200,50.1000,47.3400,50.1000,106277,
2026-04-23,SAP.DE,XETRA,144.3000,147.0400,140.2200,140.7000,3994908,
2026-04-23,SHL.DE,XETRA,36.7100,36.8600,35.9700,35.9700,1569535,
2026-04-23,SIE.DE,XETRA,240.5000,244.1500,239.6500,243.4000,1016493,
2026-04-23,SRT3.DE,XETRA,231.5000,238.3000,208.0000,214.9000,325240,
2026-04-23,SZG.DE,XETRA,51.1000,51.2500,49.5200,50.0000,129611,
2026-04-23,TKA.DE,XETRA,8.8100,9.0720,8.6340,8.9740,2298625,
2026-04-23,TUI1.DE,XETRA,6.8320,6.8500,6.6360,6.7100,6118822,
2026-04-23,VOW3.DE,XETRA,88.3200,88.7400,87.5200,88.3600,599000,
2026-04-23,WAF.DE,XETRA,72.3500,72.6000,69.5500,70.9000,55929,
2026-04-23,ZAL.DE,XETRA,22.4500,22.7300,21.8400,22.0400,1403738,
2026-04-24,ADS.DE,XETRA,136.0000,137.9500,134.9500,136.2500,537629,
2026-04-24,AFX.DE,XETRA,26.7000,26.8000,26.2000,26.3000,108457,
2026-04-24,AIR.DE,XETRA,165.1600,167.9000,162.3400,165.9600,300062,
2026-04-24,AIXA.DE,XETRA,46.6000,48.1000,46.2300,46.5700,1283865,
2026-04-24,ALV.DE,XETRA,386.8000,388.9000,385.4000,388.0000,654578,
2026-04-24,BAYN.DE,XETRA,39.8000,39.8300,38.4900,38.5000,3187613,
2026-04-24,BC8.DE,XETRA,29.3800,29.8600,28.6800,29.0600,361914,
2026-04-24,BMW.DE,XETRA,80.2400,80.9400,79.1600,79.3400,1307692,
2026-04-24,CBK.DE,XETRA,34.0000,34.3400,33.6400,33.9400,1811444,
2026-04-24,CON.DE,XETRA,65.8000,66.4200,64.6000,65.6400,267483,
2026-04-24,DBK.DE,XETRA,26.9000,27.2250,26.6300,27.0600,4571532,
2026-04-24,DHER.DE,XETRA,19.3500,19.9000,19.1250,19.5000,734019,
2026-04-24,ENR.DE,XETRA,191.6600,191.6600,181.3200,187.6200,3015098,
2026-04-24,EOAN.DE,XETRA,18.7850,18.9050,18.5850,18.6400,5539976,
2026-04-24,EVT.DE,XETRA,5.4000,5.4150,5.1900,5.3500,733229,
2026-04-24,FRE.DE,XETRA,40.6800,40.8500,40.0900,40.2500,952338,
2026-04-24,HAG.DE,XETRA,77.7000,77.7000,72.1600,73.0200,462223,
2026-04-24,HFG.DE,XETRA,4.3720,4.5230,4.3210,4.4410,365338,
2026-04-24,HNR1.DE,XETRA,272.6000,274.6000,270.8000,272.0000,97668,
2026-04-24,IFX.DE,XETRA,52.7000,54.8700,52.7000,54.1500,7879354,
2026-04-24,JEN.DE,XETRA,33.7000,34.2600,33.4600,33.7400,182667,
2026-04-24,KGX.DE,XETRA,45.9700,46.0200,43.1200,43.3800,1114318,
2026-04-24,LHA.DE,XETRA,7.4000,7.4200,7.2420,7.2500,6128606,
2026-04-24,MBG.DE,XETRA,49.9000,50.4600,49.5600,49.7750,3152174,
2026-04-24,MRK.DE,XETRA,111.7500,112.7000,110.2500,111.9000,411733,
2026-04-24,MTX.DE,XETRA,292.5000,296.0000,287.1000,291.8000,272180,
2026-04-24,MUV2.DE,XETRA,551.2000,555.8000,548.2000,551.8000,256868,
2026-04-24,NDX1.DE,XETRA,45.6600,46.1000,44.5800,44.9400,429634,
2026-04-24,NEM.DE,XETRA,64.9500,65.6500,63.1500,63.5500,177461,
2026-04-24,P911.DE,XETRA,41.3700,41.7300,40.9400,41.1100,474274,
2026-04-24,PUM.DE,XETRA,25.0000,25.1300,24.4700,25.0000,594945,
2026-04-24,QIA.DE,XETRA,32.4050,32.7050,32.0400,32.5800,533707,
2026-04-24,R3NK.DE,XETRA,56.7900,56.9100,53.7300,53.9000,525839,
2026-04-24,RHM.DE,XETRA,1390.0000,1392.4000,1309.8000,1319.2000,365584,
2026-04-24,RWE.DE,XETRA,60.4000,60.7000,59.6800,59.9400,993056,
2026-04-24,S92.DE,XETRA,50.2500,53.0000,50.2500,51.5000,172855,
2026-04-24,SAP.DE,XETRA,148.1400,150.9400,146.4200,147.2800,4394579,
2026-04-24,SHL.DE,XETRA,35.7600,35.9300,35.2000,35.4300,1611776,
2026-04-24,SIE.DE,XETRA,241.2500,243.3500,239.3500,243.1000,1317321,
2026-04-24,SRT3.DE,XETRA,218.5000,222.2000,212.9000,217.1000,108950,
2026-04-24,SZG.DE,XETRA,49.2200,49.5000,47.6800,47.6800,147636,
2026-04-24,TKA.DE,XETRA,8.8740,8.9360,8.7100,8.8200,2611430,
2026-04-24,TUI1.DE,XETRA,6.6060,6.6540,6.3160,6.3780,9928762,
2026-04-24,VOW3.DE,XETRA,87.5000,88.0800,86.3600,86.6800,854804,
2026-04-24,WAF.DE,XETRA,72.0000,74.9500,70.9500,73.9500,123857,
2026-04-24,ZAL.DE,XETRA,21.9000,22.2600,21.7100,21.9400,1325540,
2026-04-27,ADS.DE,XETRA,136.6000,139.2000,136.6000,137.8000,463801,
2026-04-27,AFX.DE,XETRA,26.5800,26.7800,26.2800,26.4400,95354,
2026-04-27,AIR.DE,XETRA,165.9600,167.4000,164.9200,165.5600,155881,
2026-04-27,AIXA.DE,XETRA,46.7000,46.7200,44.0700,44.1700,878411,
2026-04-27,ALV.DE,XETRA,388.0000,390.5000,385.5000,388.2000,465879,
2026-04-27,BAYN.DE,XETRA,38.4600,38.5900,38.0900,38.3800,2169673,
2026-04-27,BC8.DE,XETRA,29.2600,29.6200,29.1400,29.2400,274388,
2026-04-27,BMW.DE,XETRA,79.8000,80.4600,79.1800,79.3000,820879,
2026-04-27,CBK.DE,XETRA,34.7000,34.7600,34.3300,34.7500,1911923,
2026-04-27,CON.DE,XETRA,65.8200,65.8200,64.6200,64.8000,291375,
2026-04-27,DBK.DE,XETRA,27.0550,27.5100,26.9650,27.1150,2670737,
2026-04-27,DHER.DE,XETRA,19.5400,19.9200,19.0700,19.7300,754146,
2026-04-27,ENR.DE,XETRA,188.8200,189.4400,176.8400,177.4200,2685954,
2026-04-27,EOAN.DE,XETRA,18.4500,18.8350,18.4250,18.7000,2865700,
2026-04-27,EVT.DE,XETRA,5.3200,5.3500,5.2300,5.3050,392103,
2026-04-27,FRE.DE,XETRA,40.1400,40.4000,39.9900,40.3200,852373,
2026-04-27,HAG.DE,XETRA,73.4000,74.6800,72.9200,74.1600,271873,
2026-04-27,HFG.DE,XETRA,4.4070,4.5120,4.3330,4.5010,253444,
2026-04-27,HNR1.DE,XETRA,271.2000,272.0000,263.4000,265.0000,205361,
2026-04-27,IFX.DE,XETRA,55.0000,55.4200,53.2800,53.6000,5228822,
2026-04-27,JEN.DE,XETRA,33.9200,34.0000,32.2200,32.4200,240292,
2026-04-27,KGX.DE,XETRA,43.7700,44.3000,43.1100,43.2500,419565,
2026-04-27,LHA.DE,XETRA,7.3260,7.3500,7.1900,7.2440,5288384,
2026-04-27,MBG.DE,XETRA,49.6000,50.0500,49.3600,49.5250,3233285,
2026-04-27,MRK.DE,XETRA,109.6500,110.5000,108.7000,109.1500,277907,
2026-04-27,MTX.DE,XETRA,291.9000,293.9000,287.4000,289.5000,163652,
2026-04-27,MUV2.DE,XETRA,552.0000,552.2000,537.4000,540.8000,297264,
2026-04-27,NDX1.DE,XETRA,47.6200,51.7000,46.2800,47.5200,1631445,
2026-04-27,NEM.DE,XETRA,64.0000,64.3000,63.3000,64.1000,127623,
2026-04-27,P911.DE,XETRA,41.0000,41.1100,40.5400,40.6800,310231,
2026-04-27,PUM.DE,XETRA,25.1000,25.4700,24.8200,25.0900,398450,
2026-04-27,QIA.DE,XETRA,32.5300,32.9500,32.4450,32.6350,535943,
2026-04-27,R3NK.DE,XETRA,54.5000,55.6500,54.0900,54.9300,370647,
2026-04-27,RHM.DE,XETRA,1321.2000,1365.4000,1321.0000,1345.8000,212894,
2026-04-27,RWE.DE,XETRA,59.6800,61.1800,59.6600,60.7400,1131388,
2026-04-27,S92.DE,XETRA,52.1000,53.2500,49.8000,50.2500,94335,
2026-04-27,SAP.DE,XETRA,148.1000,150.7200,146.8000,148.9600,2068745,
2026-04-27,SHL.DE,XETRA,35.2600,35.7400,35.2600,35.5700,759148,
2026-04-27,SIE.DE,XETRA,245.0000,255.6500,244.2000,251.8500,1289912,
2026-04-27,SRT3.DE,XETRA,220.2000,224.0000,216.0000,218.8000,81886,
2026-04-27,SZG.DE,XETRA,48.7000,49.5800,47.2200,49.5000,143338,
2026-04-27,TKA.DE,XETRA,8.8360,9.0740,8.8100,8.9380,1550528,
2026-04-27,TUI1.DE,XETRA,6.4160,6.5440,6.3900,6.4320,4277563,
2026-04-27,VOW3.DE,XETRA,86.9200,87.6600,86.4800,87.1400,559455,
2026-04-27,WAF.DE,XETRA,73.5500,73.7000,71.0500,71.4000,66802,
2026-04-27,ZAL.DE,XETRA,22.1000,22.4300,21.7500,21.8400,1319985,
2026-04-28,ADS.DE,XETRA,138.0500,138.5500,136.7500,137.8000,428538,
2026-04-28,AFX.DE,XETRA,26.4400,26.4400,25.7400,25.7400,160686,
2026-04-28,AIR.DE,XETRA,165.5000,167.3200,164.4600,166.0400,202856,
2026-04-28,AIXA.DE,XETRA,43.8000,44.9000,42.5200,43.0000,1150205,
2026-04-28,ALV.DE,XETRA,389.7000,393.4000,389.0000,391.9000,437533,
2026-04-28,BAYN.DE,XETRA,37.0000,37.6200,35.8900,36.6200,3873669,
2026-04-28,BC8.DE,XETRA,29.0000,29.1400,28.6200,28.9800,258784,
2026-04-28,BMW.DE,XETRA,79.5000,80.1800,79.0200,79.3600,914139,
2026-04-28,CBK.DE,XETRA,34.7200,35.6900,34.7200,35.4800,2821933,
2026-04-28,CON.DE,XETRA,65.1000,65.3800,64.0400,64.3000,361975,
2026-04-28,DBK.DE,XETRA,27.1650,27.5250,27.0600,27.2950,3329672,
2026-04-28,DHER.DE,XETRA,19.7050,20.3000,19.4950,19.5300,737449,
2026-04-28,ENR.DE,XETRA,177.0000,177.3000,169.2000,172.9800,3289266,
2026-04-28,EOAN.DE,XETRA,18.7500,18.9250,18.6800,18.9250,2787736,
2026-04-28,EVT.DE,XETRA,5.3250,5.3250,5.1100,5.1400,614895,
2026-04-28,FRE.DE,XETRA,40.3400,40.8500,40.0900,40.7900,801380,
2026-04-28,HAG.DE,XETRA,74.1000,74.3000,72.0400,74.0800,229588,
2026-04-28,HFG.DE,XETRA,4.4600,4.5020,4.3880,4.4650,190241,
2026-04-28,HNR1.DE,XETRA,266.8000,268.6000,265.0000,265.6000,97975,
2026-04-28,IFX.DE,XETRA,52.9200,54.2000,51.5400,52.8000,5526296,
2026-04-28,JEN.DE,XETRA,32.6800,32.8000,31.4400,31.4600,243610,
2026-04-28,KGX.DE,XETRA,43.2000,43.5900,42.7300,43.3000,593029,
2026-04-28,LHA.DE,XETRA,7.2220,7.2400,7.1220,7.1460,5292617,
2026-04-28,MBG.DE,XETRA,49.5000,49.6900,49.0050,49.0300,3727909,
2026-04-28,MRK.DE,XETRA,108.2500,111.7500,107.2500,111.4500,463836,
2026-04-28,MTX.DE,XETRA,286.4000,290.4000,284.8000,286.9000,238259,
2026-04-28,MUV2.DE,XETRA,543.0000,547.6000,541.2000,544.2000,261986,
2026-04-28,NDX1.DE,XETRA,47.9200,49.6400,47.0600,47.4200,1077284,
2026-04-28,NEM.DE,XETRA,63.6000,63.8000,61.6000,62.3000,191558,
2026-04-28,P911.DE,XETRA,40.5100,41.2600,40.5100,40.8200,299287,
2026-04-28,PUM.DE,XETRA,25.3800,25.5300,24.9600,25.0000,828252,
2026-04-28,QIA.DE,XETRA,31.1350,31.3350,28.8900,29.1250,1816764,
2026-04-28,R3NK.DE,XETRA,54.5000,55.2100,53.0700,53.2600,343162,
2026-04-28,RHM.DE,XETRA,1354.6000,1355.8000,1316.0000,1343.2000,171493,
2026-04-28,RWE.DE,XETRA,61.1600,61.8600,60.7400,61.5400,1252877,
2026-04-28,S92.DE,XETRA,50.7500,52.3500,50.5000,51.9000,141524,
2026-04-28,SAP.DE,XETRA,148.6000,150.0600,147.5400,148.8800,1734214,
2026-04-28,SHL.DE,XETRA,35.3000,35.5800,35.1200,35.2600,837836,
2026-04-28,SIE.DE,XETRA,254.1000,256.1500,250.0500,251.1500,971356,
2026-04-28,SRT3.DE,XETRA,215.0000,220.5000,212.7000,212.9000,115983,
2026-04-28,SZG.DE,XETRA,50.0500,51.0500,44.4200,44.9600,480912,
2026-04-28,TKA.DE,XETRA,9.0000,9.1440,8.6700,8.7460,3761886,
2026-04-28,TUI1.DE,XETRA,6.3740,6.4560,6.2880,6.3360,4392505,
2026-04-28,VOW3.DE,XETRA,87.1400,88.1600,86.4400,86.6200,582377,
2026-04-28,WAF.DE,XETRA,70.7000,71.0500,67.0500,70.0500,129337,
2026-04-28,ZAL.DE,XETRA,21.7200,21.8300,21.0000,21.1800,1300592,
2026-04-29,ADS.DE,XETRA,148.4000,150.5000,145.4000,149.3000,1526535,
2026-04-29,AFX.DE,XETRA,25.8600,25.9600,25.1000,25.3000,194479,
2026-04-29,AIR.DE,XETRA,165.2400,176.4200,165.2400,174.5600,721300,
2026-04-29,AIXA.DE,XETRA,43.3700,44.9900,43.2300,44.6900,631480,
2026-04-29,ALV.DE,XETRA,389.5000,390.6000,384.4000,384.9000,702178,
2026-04-29,BAYN.DE,XETRA,36.4100,36.8100,36.0300,36.4500,2596590,
2026-04-29,BC8.DE,XETRA,29.1000,29.4000,28.9400,29.0000,248760,
2026-04-29,BMW.DE,XETRA,79.6600,79.9600,77.2400,77.5600,1341139,
2026-04-29,CBK.DE,XETRA,35.3900,35.5700,34.7000,35.4500,2726697,
2026-04-29,CON.DE,XETRA,64.4000,64.4800,63.0600,63.5000,266149,
2026-04-29,DBK.DE,XETRA,26.5050,26.8950,26.2900,26.7950,7983608,
2026-04-29,DHER.DE,XETRA,19.4200,19.7050,18.7450,19.1350,773793,
2026-04-29,ENR.DE,XETRA,174.5000,179.3400,173.3000,175.2600,1771253,
2026-04-29,EOAN.DE,XETRA,18.8950,18.8950,18.3200,18.4150,2885467,
2026-04-29,EVT.DE,XETRA,5.1200,5.1700,5.0050,5.0050,554254,
2026-04-29,FRE.DE,XETRA,40.6700,41.6900,40.1400,41.4000,1648159,
2026-04-29,HAG.DE,XETRA,74.5000,76.8400,74.0600,75.2600,270173,
2026-04-29,HFG.DE,XETRA,4.4130,4.5360,4.3540,4.4450,324373,
2026-04-29,HNR1.DE,XETRA,265.2000,265.6000,254.0000,256.2000,236448,
2026-04-29,IFX.DE,XETRA,53.4800,56.3400,53.4000,55.7000,5751825,
2026-04-29,JEN.DE,XETRA,31.9400,33.2600,31.9400,32.2400,326917,
2026-04-29,KGX.DE,XETRA,43.1400,43.8500,43.0200,43.0200,333707,
2026-04-29,LHA.DE,XETRA,7.1660,7.1680,7.0620,7.1120,3658100,
2026-04-29,MBG.DE,XETRA,50.0100,50.5200,48.1700,48.7550,4687631,
2026-04-29,MRK.DE,XETRA,110.9500,110.9500,107.5500,108.2000,435586,
2026-04-29,MTX.DE,XETRA,286.5000,287.2000,282.1000,283.4000,198166,
2026-04-29,MUV2.DE,XETRA,541.4000,542.6000,521.4000,526.6000,550523,
2026-04-29,NDX1.DE,XETRA,47.5400,48.2400,46.2200,46.4800,552279,
2026-04-29,NEM.DE,XETRA,62.1500,62.8000,61.2000,62.8000,227995,
2026-04-29,P911.DE,XETRA,40.6700,41.0000,40.0300,40.5300,390405,
2026-04-29,PUM.DE,XETRA,25.0900,25.6200,24.4400,24.6800,698864,
2026-04-29,QIA.DE,XETRA,29.2750,29.4450,28.3600,28.5100,1166097,
2026-04-29,R3NK.DE,XETRA,53.6300,54.3900,53.0500,53.7700,371084,
2026-04-29,RHM.DE,XETRA,1364.0000,1383.4000,1335.8000,1338.0000,178269,
2026-04-29,RWE.DE,XETRA,61.3000,61.4800,60.5200,60.6400,1002113,
2026-04-29,S92.DE,XETRA,52.6500,54.5000,52.5500,52.9500,117332,
2026-04-29,SAP.DE,XETRA,150.2400,150.2400,144.5800,145.8800,1784169,
2026-04-29,SHL.DE,XETRA,35.2000,35.2700,33.7000,33.9500,1678932,
2026-04-29,SIE.DE,XETRA,250.7500,251.8000,244.1000,246.7500,1014164,
2026-04-29,SRT3.DE,XETRA,210.0000,211.9000,205.7000,208.8000,100719,
2026-04-29,SZG.DE,XETRA,45.4000,48.1200,45.4000,46.9000,219406,
2026-04-29,TKA.DE,XETRA,9.5000,10.0500,9.2800,9.6080,8704913,
2026-04-29,TUI1.DE,XETRA,6.3200,6.3220,6.1440,6.1620,4551416,
2026-04-29,VOW3.DE,XETRA,87.0000,87.5200,85.3200,85.4800,984972,
2026-04-29,WAF.DE,XETRA,65.3000,77.0000,64.0500,75.0000,190979,
2026-04-29,ZAL.DE,XETRA,21.3400,21.5500,20.9500,21.1600,1397535,
2026-04-30,ADS.DE,XETRA,147.7500,149.5000,145.7500,147.4000,841505,
2026-04-30,AFX.DE,XETRA,25.0200,26.5200,25.0200,26.4800,226923,
2026-04-30,AIR.DE,XETRA,172.5800,177.6800,171.9200,174.8400,361190,
2026-04-30,AIXA.DE,XETRA,44.6900,48.0700,44.4000,46.9800,1060197,
2026-04-30,ALV.DE,XETRA,381.0000,389.0000,379.0000,389.0000,764705,
2026-04-30,BAYN.DE,XETRA,36.1400,38.0500,36.0200,38.0500,2888308,
2026-04-30,BC8.DE,XETRA,28.7000,29.4000,28.4600,29.0400,378914,
2026-04-30,BMW.DE,XETRA,76.5000,77.9200,75.8600,77.9200,1223305,
2026-04-30,CBK.DE,XETRA,34.9000,35.5400,34.0900,35.2100,5894922,
2026-04-30,CON.DE,XETRA,62.5000,64.3600,61.5800,64.1800,429295,
2026-04-30,DBK.DE,XETRA,26.1950,26.7100,26.0100,26.5000,8841445,
2026-04-30,DHER.DE,XETRA,20.0000,21.0300,19.6000,20.4900,1447605,
2026-04-30,ENR.DE,XETRA,173.0200,180.5800,172.2600,180.5800,2539311,
2026-04-30,EOAN.DE,XETRA,18.3100,18.8950,18.2400,18.8900,3551617,
2026-04-30,EVT.DE,XETRA,4.9680,5.2400,4.9500,5.2400,579650,
2026-04-30,FRE.DE,XETRA,40.9700,41.3500,40.5100,41.2500,1690333,
2026-04-30,HAG.DE,XETRA,74.3000,77.1200,74.2000,77.1200,364484,
2026-04-30,HFG.DE,XETRA,4.4180,4.7270,4.3820,4.6220,493609,
2026-04-30,HNR1.DE,XETRA,253.0000,259.2000,251.8000,257.6000,222996,
2026-04-30,IFX.DE,XETRA,55.3000,57.3000,55.0700,57.1300,5641309,
2026-04-30,JEN.DE,XETRA,32.0800,33.3800,31.9200,33.3800,182303,
2026-04-30,KGX.DE,XETRA,45.1700,46.1200,42.9200,44.3000,990066,
2026-04-30,LHA.DE,XETRA,7.0660,7.3940,7.0200,7.3300,5238903,
2026-04-30,MBG.DE,XETRA,48.0800,49.6350,47.3950,49.5850,4135878,
2026-04-30,MRK.DE,XETRA,107.0000,110.7500,106.6000,110.0500,521644,
2026-04-30,MTX.DE,XETRA,279.7000,294.2000,276.6000,291.3000,343763,
2026-04-30,MUV2.DE,XETRA,506.2000,512.2000,503.0000,510.8000,636049,
2026-04-30,NDX1.DE,XETRA,46.3400,48.5200,45.6600,48.5200,715801,
2026-04-30,NEM.DE,XETRA,61.4500,63.7000,60.2500,61.8000,298035,
2026-04-30,P911.DE,XETRA,40.2000,41.8100,40.0100,41.2500,493646,
2026-04-30,PUM.DE,XETRA,24.9400,26.6600,24.8700,25.9800,1506281,
2026-04-30,QIA.DE,XETRA,28.3250,29.0900,28.2700,29.0350,736766,
2026-04-30,R3NK.DE,XETRA,53.0000,54.7400,52.8000,53.9700,321491,
2026-04-30,RHM.DE,XETRA,1322.0000,1359.0000,1321.0000,1355.8000,217428,
2026-04-30,RWE.DE,XETRA,60.3800,62.0000,60.3000,61.9800,1704148,
2026-04-30,S92.DE,XETRA,52.7000,54.7500,52.4000,54.4500,116994,
2026-04-30,SAP.DE,XETRA,144.4800,147.5600,144.0000,145.5000,2631605,
2026-04-30,SHL.DE,XETRA,33.5000,34.8800,33.2400,34.8800,1639103,
2026-04-30,SIE.DE,XETRA,241.8000,252.5500,241.0500,252.5500,1387044,
2026-04-30,SRT3.DE,XETRA,205.8000,218.9000,205.6000,217.2000,68046,
2026-04-30,SZG.DE,XETRA,46.5200,48.0400,45.8400,48.0400,159783,
2026-04-30,TKA.DE,XETRA,9.6640,10.2500,9.4400,10.0850,4504378,
2026-04-30,TUI1.DE,XETRA,6.1200,6.3520,6.0800,6.3520,4442789,
2026-04-30,VOW3.DE,XETRA,84.5400,87.2400,82.6600,86.2200,1350084,
2026-04-30,WAF.DE,XETRA,74.9000,79.9000,74.1500,79.7000,212638,
2026-04-30,ZAL.DE,XETRA,20.9000,21.2300,20.7300,21.0300,1704082,
2026-05-04,ADS.DE,XETRA,148.4000,148.4000,141.1500,141.2500,758398,
2026-05-04,AFX.DE,XETRA,26.7600,27.4800,26.6800,27.0800,124736,
2026-05-04,AIR.DE,XETRA,174.6200,179.5600,174.1200,175.9600,482335,
2026-05-04,AIXA.DE,XETRA,48.0000,50.0400,47.6300,48.0500,1177970,
2026-05-04,ALV.DE,XETRA,386.0000,386.6000,376.3000,377.3000,1074956,
2026-05-04,BAYN.DE,XETRA,38.1100,38.7300,37.2400,37.4000,1937485,
2026-05-04,BC8.DE,XETRA,29.6000,29.7200,28.8200,29.3200,415499,
2026-05-04,BMW.DE,XETRA,77.1400,77.2400,75.4400,76.0200,1244227,
2026-05-04,CBK.DE,XETRA,35.3800,35.5000,34.0100,34.0200,2688893,
2026-05-04,CON.DE,XETRA,61.3000,61.7800,60.2400,61.2000,501658,
2026-05-04,DBK.DE,XETRA,26.2850,26.7450,25.9350,25.9500,6327266,
2026-05-04,DHER.DE,XETRA,20.8000,21.1800,20.2300,20.8300,759639,
2026-05-04,ENR.DE,XETRA,182.0000,185.6000,176.5600,176.8000,2683009,
2026-05-04,EOAN.DE,XETRA,18.7150,18.8150,18.3000,18.3300,3736763,
2026-05-04,EVT.DE,XETRA,5.3750,5.5650,5.3450,5.3450,801525,
2026-05-04,FRE.DE,XETRA,41.2200,41.3200,40.6500,40.8100,965875,
2026-05-04,HAG.DE,XETRA,78.0800,79.3400,77.6400,78.4800,347983,
2026-05-04,HFG.DE,XETRA,4.7020,4.8880,4.6070,4.6070,600930,
2026-05-04,HNR1.DE,XETRA,257.4000,258.8000,255.2000,255.6000,144411,
2026-05-04,IFX.DE,XETRA,57.9800,58.3200,56.8100,56.8100,6027534,
2026-05-04,JEN.DE,XETRA,32.9000,34.4600,32.7800,33.7000,250052,
2026-05-04,KGX.DE,XETRA,45.3900,45.6600,43.7400,44.1700,511320,
2026-05-04,LHA.DE,XETRA,7.4400,7.6160,7.3980,7.4920,7990192,
2026-05-04,MBG.DE,XETRA,49.0900,49.1600,47.7800,47.9250,3965353,
2026-05-04,MRK.DE,XETRA,109.7500,110.8000,108.2500,109.4000,296668,
2026-05-04,MTX.DE,XETRA,292.0000,294.3000,281.8000,282.4000,209935,
2026-05-04,MUV2.DE,XETRA,508.6000,511.8000,505.2000,508.4000,387191,
2026-05-04,NDX1.DE,XETRA,49.0000,50.7500,48.3200,48.6200,827796,
2026-05-04,NEM.DE,XETRA,62.4500,64.6000,61.4500,64.6000,325092,
2026-05-04,P911.DE,XETRA,41.0300,41.1700,39.8700,40.2700,663169,
2026-05-04,PUM.DE,XETRA,26.0500,26.0500,24.0000,24.4000,1324156,
2026-05-04,QIA.DE,XETRA,29.1650,29.3150,28.8750,28.9550,532269,
2026-05-04,R3NK.DE,XETRA,54.8000,55.5800,53.9500,54.4000,500486,
2026-05-04,RHM.DE,XETRA,1393.0000,1406.2000,1383.0000,1388.2000,255045,
2026-05-04,RWE.DE,XETRA,60.0800,60.6000,59.1200,59.8000,1285664,
2026-05-04,S92.DE,XETRA,55.0000,56.8000,53.9000,54.0000,150200,
2026-05-04,SAP.DE,XETRA,148.4000,149.1000,145.7200,148.0600,2630593,
2026-05-04,SHL.DE,XETRA,35.0000,35.2800,34.7300,34.8700,1009978,
2026-05-04,SIE.DE,XETRA,249.1500,256.2000,248.5000,249.5500,1476126,
2026-05-04,SRT3.DE,XETRA,220.0000,220.6000,214.2000,216.7000,63781,
2026-05-04,SZG.DE,XETRA,48.0000,49.4200,46.3200,46.4600,123337,
2026-05-04,TKA.DE,XETRA,10.0000,10.3250,9.8140,9.9000,3652746,
2026-05-04,TUI1.DE,XETRA,6.3700,6.4100,6.1780,6.2120,4554406,
2026-05-04,VOW3.DE,XETRA,85.4200,85.7000,83.3600,83.8000,1322448,
2026-05-04,WAF.DE,XETRA,78.5500,81.7500,78.5000,80.5000,106934,
2026-05-04,ZAL.DE,XETRA,21.2000,21.4200,20.7900,20.9200,1555784,
2026-05-05,ADS.DE,XETRA,141.0500,143.3500,140.6000,142.6500,619715,
2026-05-05,AFX.DE,XETRA,26.8400,27.1000,25.9600,26.3800,275106,
2026-05-05,AIR.DE,XETRA,176.0200,180.8000,174.5600,177.8000,396659,
2026-05-05,AIXA.DE,XETRA,48.9300,52.1000,48.4100,51.4000,1095630,
2026-05-05,ALV.DE,XETRA,378.2000,383.6000,375.4000,382.9000,609663,
2026-05-05,BAYN.DE,XETRA,37.6800,38.0700,37.2600,37.9000,1729962,
2026-05-05,BC8.DE,XETRA,29.3200,29.7800,28.9200,29.3400,292420,
2026-05-05,BMW.DE,XETRA,76.2000,77.2600,75.6800,77.2200,1068140,
2026-05-05,CBK.DE,XETRA,34.1700,35.6400,34.1000,35.5500,3317046,
2026-05-05,CON.DE,XETRA,61.4400,62.4800,61.0400,62.3400,536820,
2026-05-05,DBK.DE,XETRA,25.9750,26.4000,25.7950,26.2350,4229885,
2026-05-05,DHER.DE,XETRA,20.8300,21.1700,20.3700,20.6500,736873,
2026-05-05,ENR.DE,XETRA,178.4000,183.9200,176.8200,182.5600,2094568,
2026-05-05,EOAN.DE,XETRA,18.4000,18.6850,18.3000,18.3650,2981157,
2026-05-05,EVT.DE,XETRA,5.4000,5.4850,5.2900,5.3400,573517,
2026-05-05,FRE.DE,XETRA,40.6400,40.8300,39.1600,39.4400,1945692,
2026-05-05,HAG.DE,XETRA,78.2000,82.3200,78.2000,80.7800,424343,
2026-05-05,HFG.DE,XETRA,4.6500,4.7220,4.3770,4.3770,1467348,
2026-05-05,HNR1.DE,XETRA,255.8000,257.2000,253.2000,255.6000,233865,
2026-05-05,IFX.DE,XETRA,56.6500,60.5000,56.5500,60.5000,9249117,
2026-05-05,JEN.DE,XETRA,34.0000,34.2600,33.7200,34.2200,146488,
2026-05-05,KGX.DE,XETRA,44.1000,45.9300,44.1000,45.9200,504858,
2026-05-05,LHA.DE,XETRA,7.5000,7.7900,7.5000,7.7320,6683818,
2026-05-05,MBG.DE,XETRA,47.8050,48.3450,47.6500,48.1900,4674033,
2026-05-05,MRK.DE,XETRA,109.4000,110.7000,109.2500,110.5500,293889,
2026-05-05,MTX.DE,XETRA,284.6000,286.0000,281.1000,285.9000,188999,
2026-05-05,MUV2.DE,XETRA,508.0000,512.6000,505.2000,508.8000,230600,
2026-05-05,NDX1.DE,XETRA,49.0000,50.0000,48.0200,50.0000,616545,
2026-05-05,NEM.DE,XETRA,64.5000,64.9000,62.4000,64.0000,288993,
2026-05-05,P911.DE,XETRA,40.1800,41.1800,40.1500,41.1800,480531,
2026-05-05,PUM.DE,XETRA,24.2000,24.5100,24.0200,24.1100,633928,
2026-05-05,QIA.DE,XETRA,28.8850,29.1250,28.4050,28.9900,615888,
2026-05-05,R3NK.DE,XETRA,54.5100,56.3000,54.3200,55.2600,542515,
2026-05-05,RHM.DE,XETRA,1390.0000,1450.0000,1389.6000,1435.4000,344493,
2026-05-05,RWE.DE,XETRA,60.3600,60.5000,59.2800,60.2600,1697597,
2026-05-05,S92.DE,XETRA,54.8000,61.4000,54.8000,60.7000,308888,
2026-05-05,SAP.DE,XETRA,146.8000,150.7600,146.7200,149.8000,3139132,
2026-05-05,SHL.DE,XETRA,34.9300,35.3000,34.7800,35.2000,1018296,
2026-05-05,SIE.DE,XETRA,251.0000,260.9000,250.3000,260.5000,1196946,
2026-05-05,SRT3.DE,XETRA,215.2000,224.9000,213.7000,223.5000,102252,
2026-05-05,SZG.DE,XETRA,46.9600,49.3000,46.8000,49.3000,103472,
2026-05-05,TKA.DE,XETRA,9.9040,10.6300,9.8540,10.4500,3379246,
2026-05-05,TUI1.DE,XETRA,6.2040,6.3220,6.1900,6.3220,3478568,
2026-05-05,VOW3.DE,XETRA,83.9600,84.9800,83.6000,84.3600,768400,
2026-05-05,WAF.DE,XETRA,80.5000,84.2000,79.5500,84.1500,119772,
2026-05-05,ZAL.DE,XETRA,20.8600,21.4100,20.8000,20.8000,1839477,
2026-05-06,ADS.DE,XETRA,144.8000,150.6000,143.1000,148.2500,728372,
2026-05-06,AFX.DE,XETRA,26.6600,27.1600,26.0200,26.2600,265885,
2026-05-06,AIR.DE,XETRA,179.8800,191.8400,179.3600,188.5400,654412,
2026-05-06,AIXA.DE,XETRA,52.0000,52.1600,49.2100,49.9600,1312008,
2026-05-06,ALV.DE,XETRA,386.7000,396.2000,385.7000,392.5000,901343,
2026-05-06,BAYN.DE,XETRA,37.8000,38.8700,37.7700,38.5100,2625132,
2026-05-06,BC8.DE,XETRA,30.4400,31.3000,29.4200,30.5000,341667,
2026-05-06,BMW.DE,XETRA,80.5000,84.0200,79.8000,81.4000,2393186,
2026-05-06,CBK.DE,XETRA,36.0000,37.4200,35.7900,36.9400,3882770,
2026-05-06,CON.DE,XETRA,63.5800,68.7000,63.5800,67.9200,938031,
2026-05-06,DBK.DE,XETRA,26.4350,27.8350,26.3600,27.2500,6496334,
2026-05-06,DHER.DE,XETRA,20.9200,21.0000,19.8150,20.7400,1840717,
2026-05-06,ENR.DE,XETRA,185.9000,189.2000,183.4600,185.8400,2682735,
2026-05-06,EOAN.DE,XETRA,18.5400,18.6150,18.1650,18.3750,4126836,
2026-05-06,EVT.DE,XETRA,5.2200,5.6400,5.1650,5.5300,1748407,
2026-05-06,FRE.DE,XETRA,39.4100,40.4300,38.1800,39.8900,2598360,
2026-05-06,HAG.DE,XETRA,82.0000,82.1000,77.5400,80.7800,628751,
2026-05-06,HFG.DE,XETRA,4.5600,4.9080,4.3290,4.3500,2318236,
2026-05-06,HNR1.DE,XETRA,258.0000,260.8000,256.4000,260.4000,230867,
2026-05-06,IFX.DE,XETRA,59.7200,61.9500,57.4400,59.2300,11869952,
2026-05-06,JEN.DE,XETRA,34.2200,35.1600,33.6600,35.0800,215640,
2026-05-06,KGX.DE,XETRA,46.6300,48.9000,46.5500,48.0000,717941,
2026-05-06,LHA.DE,XETRA,7.8720,8.3900,7.8000,8.2220,14927325,
2026-05-06,MBG.DE,XETRA,48.8450,51.1500,48.8000,50.1800,5894294,
2026-05-06,MRK.DE,XETRA,111.7000,114.8000,111.3000,113.7000,350934,
2026-05-06,MTX.DE,XETRA,289.0000,320.6000,288.9000,314.9000,571681,
2026-05-06,MUV2.DE,XETRA,515.0000,525.6000,512.4000,523.6000,326499,
2026-05-06,NDX1.DE,XETRA,49.9000,49.9800,46.8200,48.0000,933112,
2026-05-06,NEM.DE,XETRA,65.1500,67.2000,63.0500,63.7500,266491,
2026-05-06,P911.DE,XETRA,41.9900,43.8700,41.7500,42.6400,741266,
2026-05-06,PUM.DE,XETRA,24.2900,25.3200,23.7900,24.8800,777676,
2026-05-06,QIA.DE,XETRA,28.9900,29.7100,28.8150,29.2450,622023,
2026-05-06,R3NK.DE,XETRA,56.4200,56.4200,52.3000,54.3700,910819,
2026-05-06,RHM.DE,XETRA,1447.0000,1456.2000,1398.6000,1441.6000,297188,
2026-05-06,RWE.DE,XETRA,60.2800,60.4000,57.7800,59.4200,1824978,
2026-05-06,S92.DE,XETRA,60.6000,60.6000,56.1000,57.9000,187895,
2026-05-06,SAP.DE,XETRA,150.0000,156.4400,148.2200,149.3200,5138480,
2026-05-06,SHL.DE,XETRA,35.4600,36.5900,35.4300,35.6100,1804009,
2026-05-06,SIE.DE,XETRA,262.4000,271.8000,261.4000,268.3000,1552280,
2026-05-06,SRT3.DE,XETRA,225.6000,232.6000,222.3000,223.3000,124275,
2026-05-06,SZG.DE,XETRA,49.7800,52.5500,49.7800,51.7000,239949,
2026-05-06,TKA.DE,XETRA,10.6700,11.3900,10.5600,11.0600,4589251,
2026-05-06,TUI1.DE,XETRA,6.4800,7.0140,6.4500,6.7220,11003790,
2026-05-06,VOW3.DE,XETRA,85.7000,90.0200,85.6200,88.0600,1369202,
2026-05-06,WAF.DE,XETRA,84.7000,85.0000,81.4000,82.5500,168311,
2026-05-06,ZAL.DE,XETRA,21.9200,21.9600,19.6900,20.4400,5070567,
2026-05-07,ADS.DE,XETRA,149.9000,153.2000,149.2500,152.0000,1011877,
2026-05-07,AFX.DE,XETRA,26.5400,26.8000,25.6800,25.6800,227861,
2026-05-07,AIR.DE,XETRA,188.8600,190.7800,183.5400,183.5400,269855,
2026-05-07,AIXA.DE,XETRA,50.0600,50.8600,48.6300,48.9900,820813,
2026-05-07,ALV.DE,XETRA,393.0000,393.1000,388.3000,388.7000,772357,
2026-05-07,BAYN.DE,XETRA,38.5300,38.6100,37.3300,37.4300,2471374,
2026-05-07,BC8.DE,XETRA,30.6200,31.1200,30.4200,30.6600,304801,
2026-05-07,BMW.DE,XETRA,82.2200,83.8000,81.8800,82.3600,1157600,
2026-05-07,CBK.DE,XETRA,36.8900,37.5400,36.7500,36.9200,2704266,
2026-05-07,CON.DE,XETRA,68.5000,70.8400,67.8800,69.7200,516653,
2026-05-07,DBK.DE,XETRA,27.3500,27.5800,27.2000,27.2000,4429115,
2026-05-07,DHER.DE,XETRA,21.0000,21.0100,20.1000,20.2100,1025655,
2026-05-07,ENR.DE,XETRA,185.6400,188.3400,179.7600,180.6800,2203773,
2026-05-07,EOAN.DE,XETRA,18.2500,18.2550,17.9700,18.0750,4254152,
2026-05-07,EVT.DE,XETRA,5.5400,5.5600,5.2500,5.2650,1127527,
2026-05-07,FRE.DE,XETRA,39.8900,40.7400,39.6800,40.7400,1319732,
2026-05-07,HAG.DE,XETRA,81.8800,81.8800,75.1000,77.8000,571939,
2026-05-07,HFG.DE,XETRA,4.4600,4.4640,4.1200,4.3180,1382789,
2026-05-07,HNR1.DE,XETRA,247.8000,247.8000,244.4000,247.6000,324247,
2026-05-07,IFX.DE,XETRA,60.4600,61.9500,59.5000,59.5000,6192887,
2026-05-07,JEN.DE,XETRA,35.2000,35.3000,34.2400,34.5400,235031,
2026-05-07,KGX.DE,XETRA,48.9000,50.3000,47.9900,47.9900,554262,
2026-05-07,LHA.DE,XETRA,8.3320,8.6840,8.2900,8.3720,8180799,
2026-05-07,MBG.DE,XETRA,50.5300,51.2400,50.3200,50.3200,3015028,
2026-05-07,MRK.DE,XETRA,114.8000,116.1000,114.2500,114.7500,295190,
2026-05-07,MTX.DE,XETRA,315.6000,326.1000,312.3000,317.4000,364406,
2026-05-07,MUV2.DE,XETRA,520.2000,520.2000,510.2000,511.6000,362635,
2026-05-07,NDX1.DE,XETRA,48.0600,48.7600,47.6200,47.9800,540875,
2026-05-07,NEM.DE,XETRA,64.3000,64.9000,62.9000,64.5000,233438,
2026-05-07,P911.DE,XETRA,43.0000,43.3500,41.9700,42.1600,486148,
2026-05-07,PUM.DE,XETRA,25.0500,25.5700,24.7900,25.2600,658565,
2026-05-07,QIA.DE,XETRA,29.6000,29.6750,28.4000,28.4950,876091,
2026-05-07,R3NK.DE,XETRA,55.0100,55.2300,51.0000,51.3900,1079323,
2026-05-07,RHM.DE,XETRA,1422.0000,1430.2000,1326.4000,1341.6000,498328,
2026-05-07,RWE.DE,XETRA,58.9200,59.1000,57.8000,58.4600,1446675,
2026-05-07,S92.DE,XETRA,58.3500,60.0000,57.5500,60.0000,102840,
2026-05-07,SAP.DE,XETRA,150.6000,153.1600,147.1400,151.3800,3630721,
2026-05-07,SHL.DE,XETRA,34.6100,34.7500,33.5300,33.9300,2684639,
2026-05-07,SIE.DE,XETRA,270.0000,272.2000,266.2000,266.2000,1225753,
2026-05-07,SRT3.DE,XETRA,225.3000,227.5000,221.5000,221.5000,47608,
2026-05-07,SZG.DE,XETRA,52.0000,52.5500,50.7000,51.0000,133328,
2026-05-07,TKA.DE,XETRA,11.2000,11.3850,10.7950,10.7950,3393131,
2026-05-07,TUI1.DE,XETRA,6.8000,6.9060,6.7360,6.7380,3712275,
2026-05-07,VOW3.DE,XETRA,88.9000,89.6800,87.9600,88.0800,726647,
2026-05-07,WAF.DE,XETRA,86.0000,91.9000,85.0500,88.6000,309697,
2026-05-07,ZAL.DE,XETRA,20.2300,20.7200,19.8800,20.2800,3273478,
2026-05-08,ADS.DE,XETRA,149.0000,150.2000,146.8500,146.8500,560555,
2026-05-08,AFX.DE,XETRA,25.5200,26.0200,25.4600,25.7200,169544,
2026-05-08,AIR.DE,XETRA,181.3800,182.8600,178.3200,179.7800,399453,
2026-05-08,AIXA.DE,XETRA,49.3400,50.8400,48.7400,50.0400,1143636,
2026-05-08,ALV.DE,XETRA,369.7000,371.9000,367.4000,369.1000,942469,
2026-05-08,BAYN.DE,XETRA,37.4000,37.4800,36.9300,36.9800,1903940,
2026-05-08,BC8.DE,XETRA,32.4000,32.6000,30.8400,31.3000,581291,
2026-05-08,BMW.DE,XETRA,82.3200,82.4800,81.1400,81.8200,1043530,
2026-05-08,CBK.DE,XETRA,36.5500,37.0200,35.3500,35.4700,4811183,
2026-05-08,CON.DE,XETRA,69.8400,70.6800,69.4200,70.6800,594100,
2026-05-08,DBK.DE,XETRA,26.9450,27.3350,26.8600,27.1650,4236221,
2026-05-08,DHER.DE,XETRA,20.0200,20.1300,19.7000,19.9900,591779,
2026-05-08,ENR.DE,XETRA,179.2000,181.1800,177.6400,178.1400,2285375,
2026-05-08,EOAN.DE,XETRA,17.9050,18.0050,17.8300,17.9150,3350232,
2026-05-08,EVT.DE,XETRA,5.3500,5.3900,5.1250,5.1800,525655,
2026-05-08,FRE.DE,XETRA,40.5900,41.8000,40.5000,40.9600,1512649,
2026-05-08,HAG.DE,XETRA,77.5000,78.1200,73.4200,73.4200,460878,
2026-05-08,HFG.DE,XETRA,4.0010,4.2560,4.0000,4.1150,1133160,
2026-05-08,HNR1.DE,XETRA,246.0000,246.8000,244.0000,244.6000,229730,
2026-05-08,IFX.DE,XETRA,59.8700,62.0800,59.2600,61.6600,4645338,
2026-05-08,JEN.DE,XETRA,34.2000,35.8600,34.1600,35.8600,211045,
2026-05-08,KGX.DE,XETRA,47.5000,48.1200,47.1700,47.2400,395810,
2026-05-08,LHA.DE,XETRA,8.2820,8.2820,8.1100,8.1400,4917030,
2026-05-08,MBG.DE,XETRA,50.1200,50.3500,49.9050,50.1300,2694063,
2026-05-08,MRK.DE,XETRA,113.7000,114.0000,112.1500,112.8500,240784,
2026-05-08,MTX.DE,XETRA,312.1000,312.9000,303.8000,305.0000,232766,
2026-05-08,MUV2.DE,XETRA,506.4000,509.6000,501.2000,502.0000,290612,
2026-05-08,NDX1.DE,XETRA,48.0200,48.0200,46.5400,46.7400,438229,
2026-05-08,NEM.DE,XETRA,63.8500,64.0500,61.7000,61.7000,186542,
2026-05-08,P911.DE,XETRA,42.0000,43.0000,41.9800,42.7300,435055,
2026-05-08,PUM.DE,XETRA,25.1800,25.6500,24.8500,25.1700,586352,
2026-05-08,QIA.DE,XETRA,28.5400,28.6500,28.0300,28.1150,557657,
2026-05-08,R3NK.DE,XETRA,51.0000,51.3300,48.1100,48.1100,1156168,
2026-05-08,RHM.DE,XETRA,1318.8000,1323.6000,1211.4000,1218.4000,646744,
2026-05-08,RWE.DE,XETRA,58.1400,58.9800,58.0000,58.7400,1531538,
2026-05-08,S92.DE,XETRA,60.0500,63.5000,59.4500,63.3500,163746,
2026-05-08,SAP.DE,XETRA,149.7400,150.0600,145.2400,146.2000,2875828,
2026-05-08,SHL.DE,XETRA,33.7600,33.8900,33.4400,33.6400,1275482,
2026-05-08,SIE.DE,XETRA,264.1500,266.9500,263.3000,264.9500,918745,
2026-05-08,SRT3.DE,XETRA,219.9000,221.0000,214.8000,216.9000,60411,
2026-05-08,SZG.DE,XETRA,50.2000,51.9000,49.4800,51.0500,160303,
2026-05-08,TKA.DE,XETRA,10.7400,10.8550,10.5650,10.7300,2193641,
2026-05-08,TUI1.DE,XETRA,6.6700,6.7400,6.5900,6.6140,2379216,
2026-05-08,VOW3.DE,XETRA,88.0000,88.1800,87.3800,87.6200,622470,
2026-05-08,WAF.DE,XETRA,89.5000,99.5500,89.0000,99.5500,343482,
2026-05-08,ZAL.DE,XETRA,20.0600,20.6000,19.8200,19.8650,2569646,
2026-05-11,ADS.DE,XETRA,145.1500,145.8500,140.7500,141.7000,740552,
2026-05-11,AFX.DE,XETRA,25.7600,26.1600,25.5600,25.5600,183137,
2026-05-11,AIR.DE,XETRA,178.6800,179.2200,174.3000,175.7000,191977,
2026-05-11,AIXA.DE,XETRA,50.4600,50.5600,47.5300,47.5300,1096889,
2026-05-11,ALV.DE,XETRA,369.2000,372.6000,367.1000,371.7000,692779,
2026-05-11,BAYN.DE,XETRA,37.0500,37.4200,36.7200,37.0800,1826670,
2026-05-11,BC8.DE,XETRA,31.4000,32.1000,30.9200,31.6000,498281,
2026-05-11,BMW.DE,XETRA,81.5200,81.8000,80.5000,80.9000,850841,
2026-05-11,CBK.DE,XETRA,35.6000,36.2500,35.5100,35.9700,2118259,
2026-05-11,CON.DE,XETRA,70.0000,70.0000,68.6400,69.2000,429111,
2026-05-11,DBK.DE,XETRA,27.1750,27.3500,26.9250,27.1000,4164809,
2026-05-11,DHER.DE,XETRA,20.9000,23.6100,20.6500,23.6000,3349166,
2026-05-11,ENR.DE,XETRA,179.2200,180.1200,169.7400,178.5000,4121293,
2026-05-11,EOAN.DE,XETRA,17.9600,18.3100,17.8700,18.2500,6134544,
2026-05-11,EVT.DE,XETRA,5.2300,5.4150,5.1850,5.2000,499019,
2026-05-11,FRE.DE,XETRA,40.7000,40.8100,39.8600,39.8800,1383071,
2026-05-11,HAG.DE,XETRA,74.0000,74.8000,69.7400,71.2200,894507,
2026-05-11,HFG.DE,XETRA,3.9290,4.1890,3.8510,4.1520,1044683,
2026-05-11,HNR1.DE,XETRA,238.2000,242.2000,236.2000,238.2000,380115,
2026-05-11,IFX.DE,XETRA,61.9800,62.3100,60.7700,61.7900,5409258,
2026-05-11,JEN.DE,XETRA,35.9000,36.3000,35.4200,36.3000,223398,
2026-05-11,KGX.DE,XETRA,46.9600,47.5200,46.4300,47.2800,366435,
2026-05-11,LHA.DE,XETRA,8.1800,8.3980,8.1040,8.3120,7985308,
2026-05-11,MBG.DE,XETRA,49.7000,50.6300,49.5100,50.2600,2554988,
2026-05-11,MRK.DE,XETRA,112.6000,113.9000,112.3500,112.9000,316490,
2026-05-11,MTX.DE,XETRA,300.2000,303.6000,292.6000,295.5000,244481,
2026-05-11,MUV2.DE,XETRA,498.8000,505.2000,494.4000,499.3000,435943,
2026-05-11,NDX1.DE,XETRA,46.7000,47.4000,45.9800,47.2600,308606,
2026-05-11,NEM.DE,XETRA,61.8000,62.4500,60.8500,62.1000,303450,
2026-05-11,P911.DE,XETRA,42.8800,44.9800,42.8500,44.9800,1020325,
2026-05-11,PUM.DE,XETRA,25.1600,25.7300,24.9800,25.1500,602030,
2026-05-11,QIA.DE,XETRA,28.0800,28.6000,27.8950,28.1600,951556,
2026-05-11,R3NK.DE,XETRA,49.0050,49.2700,45.2150,46.3000,1235976,
2026-05-11,RHM.DE,XETRA,1223.6000,1233.4000,1155.2000,1185.6000,451797,
2026-05-11,RWE.DE,XETRA,58.8600,59.7400,58.6400,59.5600,1029588,
2026-05-11,S92.DE,XETRA,63.0000,64.0000,60.5000,63.0000,161366,
2026-05-11,SAP.DE,XETRA,147.2400,148.6200,144.1600,144.4600,1835601,
2026-05-11,SHL.DE,XETRA,33.6200,33.9900,33.3200,33.5700,971413,
2026-05-11,SIE.DE,XETRA,265.0000,268.8500,263.6500,268.6500,1056907,
2026-05-11,SRT3.DE,XETRA,216.1000,218.8000,214.2000,217.1000,56309,
2026-05-11,SZG.DE,XETRA,50.8000,51.3500,49.6600,50.9000,116599,
2026-05-11,TKA.DE,XETRA,10.6400,10.6400,10.1000,10.3000,3010224,
2026-05-11,TUI1.DE,XETRA,6.6060,6.6640,6.5420,6.5680,2480684,
2026-05-11,VOW3.DE,XETRA,87.2000,88.8800,86.9800,88.0000,733668,
2026-05-11,WAF.DE,XETRA,98.5000,99.0500,92.9500,96.3000,227185,
2026-05-11,ZAL.DE,XETRA,19.7450,20.3600,19.7400,20.2100,2225821,
2026-05-12,ADS.DE,XETRA,141.0500,144.2000,139.9000,142.0000,700360,
2026-05-12,AFX.DE,XETRA,25.2000,29.1600,25.1200,28.7200,967308,
2026-05-12,AIR.DE,XETRA,173.3800,174.5600,171.6800,172.7200,231294,
2026-05-12,AIXA.DE,XETRA,46.0900,47.9100,45.8500,46.3500,861315,
2026-05-12,ALV.DE,XETRA,367.5000,371.0000,366.4000,368.2000,748260,
2026-05-12,BAYN.DE,XETRA,36.9000,39.6500,36.9000,38.4400,4608332,
2026-05-12,BC8.DE,XETRA,31.2000,31.2600,30.6200,30.7200,311887,
2026-05-12,BMW.DE,XETRA,80.7600,81.0400,79.7600,80.0200,1189687,
2026-05-12,CBK.DE,XETRA,35.6000,35.9800,35.1000,35.7700,2065613,
2026-05-12,CON.DE,XETRA,69.1000,69.5800,68.1400,68.8400,294385,
2026-05-12,DBK.DE,XETRA,26.7050,26.8550,26.5200,26.7550,4232111,
2026-05-12,DHER.DE,XETRA,23.2000,24.8900,22.3400,24.2400,4994545,
2026-05-12,ENR.DE,XETRA,173.1600,176.5600,168.0000,169.4800,2525904,
2026-05-12,EOAN.DE,XETRA,18.2500,18.2600,18.0550,18.1100,3937802,
2026-05-12,EVT.DE,XETRA,5.1000,5.2350,5.0500,5.0800,422160,
2026-05-12,FRE.DE,XETRA,39.3200,39.7900,39.1500,39.5200,1646317,
2026-05-12,HAG.DE,XETRA,69.8800,72.2800,69.4800,71.4800,334038,
2026-05-12,HFG.DE,XETRA,4.1380,4.1380,3.9930,4.0780,626802,
2026-05-12,HNR1.DE,XETRA,238.0000,239.2000,233.2000,235.2000,311191,
2026-05-12,IFX.DE,XETRA,60.5500,61.4300,58.1400,58.1400,6719124,
2026-05-12,JEN.DE,XETRA,39.2000,41.9600,38.9800,39.1200,932588,
2026-05-12,KGX.DE,XETRA,46.4700,46.7000,45.7100,45.8200,313619,
2026-05-12,LHA.DE,XETRA,8.2500,8.5320,8.2200,8.5200,6745404,
2026-05-12,MBG.DE,XETRA,50.0400,50.5800,49.7450,50.2200,2257990,
2026-05-12,MRK.DE,XETRA,111.0500,115.0000,110.9500,113.0000,270808,
2026-05-12,MTX.DE,XETRA,291.0000,294.6000,289.5000,290.0000,146850,
2026-05-12,MUV2.DE,XETRA,486.9000,486.9000,462.0000,468.9000,1083788,
2026-05-12,NDX1.DE,XETRA,46.8200,47.2400,45.8000,46.1600,403524,
2026-05-12,NEM.DE,XETRA,61.3000,61.3000,58.9500,60.4000,203261,
2026-05-12,P911.DE,XETRA,44.9800,45.7400,44.6200,44.7700,937574,
2026-05-12,PUM.DE,XETRA,25.0000,25.3300,24.3300,24.3700,645367,
2026-05-12,QIA.DE,XETRA,27.8000,28.9650,27.5600,28.8000,1367547,
2026-05-12,R3NK.DE,XETRA,45.2750,45.6900,43.9450,44.1050,885403,
2026-05-12,RHM.DE,XETRA,1166.4000,1177.0000,1123.0000,1162.0000,311857,
2026-05-12,RWE.DE,XETRA,59.2400,59.4800,58.1000,58.2200,1195260,
2026-05-12,S92.DE,XETRA,60.6000,62.1500,58.8500,60.3000,121871,
2026-05-12,SAP.DE,XETRA,143.0000,145.2600,140.8200,142.4000,2187078,
2026-05-12,SHL.DE,XETRA,33.1400,34.0000,33.1000,33.9000,1075155,
2026-05-12,SIE.DE,XETRA,266.2500,267.6500,263.2000,264.6000,1207232,
2026-05-12,SRT3.DE,XETRA,214.4000,219.4000,204.7000,211.1000,167302,
2026-05-12,SZG.DE,XETRA,49.9000,55.9000,49.8000,53.0000,310739,
2026-05-12,TKA.DE,XETRA,10.0500,10.3800,9.7620,9.9000,3728913,
2026-05-12,TUI1.DE,XETRA,6.5060,6.5220,6.3860,6.3860,3930322,
2026-05-12,VOW3.DE,XETRA,87.2600,87.9600,86.5600,86.7400,765889,
2026-05-12,WAF.DE,XETRA,95.7500,95.7500,88.6000,89.3000,195435,
2026-05-12,ZAL.DE,XETRA,19.9900,20.0000,18.6100,19.0850,4395076,
2026-05-13,ADS.DE,XETRA,141.1500,145.5000,139.7500,144.0000,569482,
2026-05-13,AFX.DE,XETRA,28.0200,28.0200,25.1200,25.3400,658262,
2026-05-13,AIR.DE,XETRA,174.0600,174.3000,170.9800,173.2000,182081,
2026-05-13,AIXA.DE,XETRA,48.4800,51.6400,48.2500,51.5600,939972,
2026-05-13,ALV.DE,XETRA,371.0000,377.2000,371.0000,372.3000,851096,
2026-05-13,BAYN.DE,XETRA,38.9000,38.9900,37.5900,37.9700,2591425,
2026-05-13,BC8.DE,XETRA,30.5000,30.8000,29.5800,29.5800,274583,
2026-05-13,BMW.DE,XETRA,80.8400,81.2000,79.5400,80.7000,1064508,
2026-05-13,CBK.DE,XETRA,36.0300,36.3400,35.4900,36.1600,2274860,
2026-05-13,CON.DE,XETRA,70.4000,70.4000,68.3800,68.8600,459068,
2026-05-13,DBK.DE,XETRA,27.1500,27.2700,26.6000,27.1600,3119394,
2026-05-13,DHER.DE,XETRA,24.2200,26.3400,23.3100,26.2500,2515714,
2026-05-13,ENR.DE,XETRA,177.7600,178.9200,173.2000,177.2400,2570186,
2026-05-13,EOAN.DE,XETRA,18.3000,18.9500,18.2000,18.7350,5326282,
2026-05-13,EVT.DE,XETRA,4.7500,4.8240,4.4320,4.5400,2831147,
2026-05-13,FRE.DE,XETRA,39.5600,39.5600,38.1600,38.3300,1624487,
2026-05-13,HAG.DE,XETRA,73.5000,74.3000,70.9600,74.3000,456503,
2026-05-13,HFG.DE,XETRA,4.0700,4.1000,3.9600,4.0210,611680,
2026-05-13,HNR1.DE,XETRA,234.4000,236.4000,233.8000,235.0000,223998,
2026-05-13,IFX.DE,XETRA,60.5000,64.3600,60.3800,64.3600,6291485,
2026-05-13,JEN.DE,XETRA,40.9800,44.6000,40.5000,44.6000,581046,
2026-05-13,KGX.DE,XETRA,46.5000,46.7600,44.8800,45.2300,382601,
2026-05-13,LHA.DE,XETRA,8.2100,8.2760,8.1200,8.1300,8821221,
2026-05-13,MBG.DE,XETRA,50.3800,51.0800,49.9900,50.7600,2633111,
2026-05-13,MRK.DE,XETRA,120.0000,123.6000,119.2500,121.1500,737111,
2026-05-13,MTX.DE,XETRA,292.8000,294.1000,284.1000,287.6000,111104,
2026-05-13,MUV2.DE,XETRA,471.9000,475.0000,461.1000,462.1000,525989,
2026-05-13,NDX1.DE,XETRA,47.6200,48.0000,44.5600,45.7000,626379,
2026-05-13,NEM.DE,XETRA,59.5000,59.5000,57.6000,58.0500,330878,
2026-05-13,P911.DE,XETRA,44.7500,46.2700,44.7400,46.0900,690245,
2026-05-13,PUM.DE,XETRA,24.5100,26.5900,24.0900,25.5400,1373357,
2026-05-13,QIA.DE,XETRA,28.9750,28.9800,28.2700,28.3500,1069259,
2026-05-13,R3NK.DE,XETRA,45.0000,45.0000,42.1200,43.7150,896967,
2026-05-13,RHM.DE,XETRA,1165.6000,1170.6000,1099.2000,1121.6000,373107,
2026-05-13,RWE.DE,XETRA,57.4200,58.6200,56.3400,56.9600,1928160,
2026-05-13,S92.DE,XETRA,59.0000,61.1500,51.6500,55.8500,376379,
2026-05-13,SAP.DE,XETRA,141.3800,142.4000,135.4400,136.2600,3135843,
2026-05-13,SHL.DE,XETRA,33.8400,33.9400,33.5800,33.9300,1039482,
2026-05-13,SIE.DE,XETRA,267.1500,271.4000,258.4500,266.8000,1348810,
2026-05-13,SRT3.DE,XETRA,215.0000,217.0000,209.4000,211.4000,87640,
2026-05-13,SZG.DE,XETRA,55.0000,57.5000,54.1500,55.8500,240861,
2026-05-13,TKA.DE,XETRA,10.2000,10.5550,10.1000,10.4100,2784000,
2026-05-13,TUI1.DE,XETRA,6.3800,6.5360,6.3020,6.4840,7549760,
2026-05-13,VOW3.DE,XETRA,87.6800,87.8400,85.7200,86.5200,717770,
2026-05-13,WAF.DE,XETRA,91.9000,95.6500,90.1000,92.2500,98182,
2026-05-13,ZAL.DE,XETRA,19.0850,19.5500,18.8500,19.3400,1548852,
2026-05-14,ADS.DE,XETRA,144.9000,147.1500,143.3500,146.8000,392119,
2026-05-14,AFX.DE,XETRA,25.2000,25.3800,24.4600,24.9000,326777,
2026-05-14,AIR.DE,XETRA,173.6600,174.8000,171.7200,172.6800,257824,
2026-05-14,AIXA.DE,XETRA,52.2000,55.2800,51.6200,55.2800,1100264,
2026-05-14,ALV.DE,XETRA,374.5000,381.5000,373.3000,380.3000,491823,
2026-05-14,BAYN.DE,XETRA,38.0000,38.6100,37.9200,38.1800,1673520,
2026-05-14,BC8.DE,XETRA,29.8200,30.0600,29.5400,29.6200,219519,
2026-05-14,BMW.DE,XETRA,77.2000,78.6000,76.3800,76.3800,1561749,
2026-05-14,CBK.DE,XETRA,36.4200,36.8500,36.3600,36.6300,2261572,
2026-05-14,CON.DE,XETRA,69.3000,69.9000,68.5600,69.2200,411382,
2026-05-14,DBK.DE,XETRA,27.4800,27.7000,27.3200,27.4100,3796020,
2026-05-14,DHER.DE,XETRA,26.0000,28.2500,25.7600,28.2500,2706070,
2026-05-14,ENR.DE,XETRA,180.7800,182.8800,177.0000,177.0000,2092975,
2026-05-14,EOAN.DE,XETRA,18.8750,18.8750,18.3000,18.4200,2716571,
2026-05-14,EVT.DE,XETRA,4.5800,4.7560,4.5700,4.7000,869582,
2026-05-14,FRE.DE,XETRA,38.4600,39.0900,38.4600,39.0700,755020,
2026-05-14,HAG.DE,XETRA,74.8600,76.4800,74.0200,75.6000,451269,
2026-05-14,HFG.DE,XETRA,4.1010,4.1930,4.0700,4.1450,609035,
2026-05-14,HNR1.DE,XETRA,235.0000,237.2000,234.8000,236.0000,183359,
2026-05-14,IFX.DE,XETRA,65.6400,68.4800,65.4900,68.0700,6486540,
2026-05-14,JEN.DE,XETRA,45.0000,46.0000,44.9000,45.6000,402587,
2026-05-14,KGX.DE,XETRA,45.5900,46.0100,45.4000,45.9100,181573,
2026-05-14,LHA.DE,XETRA,8.2100,8.2420,7.9120,7.9120,6849677,
2026-05-14,MBG.DE,XETRA,51.1400,51.8500,50.9300,51.0200,2570544,
2026-05-14,MRK.DE,XETRA,121.9000,122.3000,120.1500,120.7500,236307,
2026-05-14,MTX.DE,XETRA,288.4000,291.7000,286.1000,287.6000,120065,
2026-05-14,MUV2.DE,XETRA,463.2000,468.9000,462.1000,468.2000,406587,
2026-05-14,NDX1.DE,XETRA,46.1600,46.3200,45.4800,46.1000,376629,
2026-05-14,NEM.DE,XETRA,58.5500,58.7500,57.3500,58.7500,195424,
2026-05-14,P911.DE,XETRA,46.4800,47.2100,46.4600,47.0000,600166,
2026-05-14,PUM.DE,XETRA,25.6500,25.8400,25.2000,25.7300,499552,
2026-05-14,QIA.DE,XETRA,28.2850,28.8700,28.2500,28.5900,655998,
2026-05-14,R3NK.DE,XETRA,44.2000,45.1100,43.6000,45.1100,539605,
2026-05-14,RHM.DE,XETRA,1137.0000,1166.8000,1124.0000,1143.2000,230907,
2026-05-14,RWE.DE,XETRA,57.2400,57.4200,56.0400,56.5000,1529575,
2026-05-14,S92.DE,XETRA,56.9000,65.0500,56.9000,64.7000,210928,
2026-05-14,SAP.DE,XETRA,136.9000,141.2200,136.8400,141.2200,2576291,
2026-05-14,SHL.DE,XETRA,34.1900,34.4600,34.0700,34.1100,845053,
2026-05-14,SIE.DE,XETRA,270.0000,276.4500,269.8000,273.7000,1031273,
2026-05-14,SRT3.DE,XETRA,212.1000,214.7000,208.2000,213.5000,95339,
2026-05-14,SZG.DE,XETRA,56.2000,57.2000,55.5500,56.9000,135674,
2026-05-14,TKA.DE,XETRA,10.5850,10.8800,10.4950,10.8200,2093865,
2026-05-14,TUI1.DE,XETRA,6.5320,6.6760,6.4160,6.4520,4360830,
2026-05-14,VOW3.DE,XETRA,87.5000,89.2000,87.5000,88.8400,791147,
2026-05-14,WAF.DE,XETRA,93.4000,94.9500,92.2000,94.0000,82861,
2026-05-14,ZAL.DE,XETRA,19.6400,19.6400,19.2150,19.4550,1386673,
2026-05-15,ADS.DE,XETRA,144.7000,146.5000,142.8000,145.7000,457343,
2026-05-15,AFX.DE,XETRA,24.6000,25.1800,24.5400,24.8800,217197,
2026-05-15,AIR.DE,XETRA,170.5400,171.7400,167.4400,167.6400,404892,
2026-05-15,AIXA.DE,XETRA,53.5000,53.6000,50.6000,51.9800,855835,
2026-05-15,ALV.DE,XETRA,378.0000,379.6000,373.4000,374.5000,724407,
2026-05-15,BAYN.DE,XETRA,38.1300,38.3700,37.5300,37.7100,2559467,
2026-05-15,BC8.DE,XETRA,29.1400,29.7800,28.7600,29.5000,272289,
2026-05-15,BMW.DE,XETRA,76.3400,76.4200,74.1400,74.4000,1439417,
2026-05-15,CBK.DE,XETRA,36.0000,36.6400,35.9400,36.4800,2830544,
2026-05-15,CON.DE,XETRA,68.7000,68.9800,66.9200,67.9000,457827,
2026-05-15,DBK.DE,XETRA,27.0200,27.0950,26.6600,26.7000,6062519,
2026-05-15,DHER.DE,XETRA,27.2000,29.5000,26.3100,29.5000,4632140,
2026-05-15,ENR.DE,XETRA,174.0000,174.0000,167.3400,169.5400,2942398,
2026-05-15,EOAN.DE,XETRA,18.3500,18.5200,17.7800,17.8650,4895391,
2026-05-15,EVT.DE,XETRA,4.6600,4.7500,4.6000,4.6180,605086,
2026-05-15,FRE.DE,XETRA,39.0000,39.4900,38.7900,38.8000,1388885,
2026-05-15,HAG.DE,XETRA,74.7200,76.4600,73.9600,74.1000,229137,
2026-05-15,HFG.DE,XETRA,4.1300,4.3000,4.1220,4.2610,1043983,
2026-05-15,HNR1.DE,XETRA,236.4000,239.6000,236.4000,237.4000,198343,
2026-05-15,IFX.DE,XETRA,64.0000,65.6400,63.5800,65.1900,6194493,
2026-05-15,JEN.DE,XETRA,44.7400,45.5400,43.7800,44.5200,390290,
2026-05-15,KGX.DE,XETRA,45.0000,45.3600,44.2800,44.5200,248336,
2026-05-15,LHA.DE,XETRA,7.8600,7.8600,7.6220,7.6900,7484368,
2026-05-15,MBG.DE,XETRA,50.7800,51.2400,50.0900,50.3500,2669249,
2026-05-15,MRK.DE,XETRA,120.5500,120.8000,116.5500,117.3500,334857,
2026-05-15,MTX.DE,XETRA,283.7000,285.7000,273.1000,273.1000,233361,
2026-05-15,MUV2.DE,XETRA,469.6000,476.4000,468.7000,473.0000,496410,
2026-05-15,NDX1.DE,XETRA,45.2400,45.4000,44.2000,45.2800,665754,
2026-05-15,NEM.DE,XETRA,58.8000,60.1000,58.4500,59.9500,232449,
2026-05-15,P911.DE,XETRA,46.6100,47.0000,46.3100,46.3100,525443,
2026-05-15,PUM.DE,XETRA,25.4400,26.5700,25.3000,26.5100,823150,
2026-05-15,QIA.DE,XETRA,28.3450,28.6750,28.3450,28.4650,866125,
2026-05-15,R3NK.DE,XETRA,44.1600,45.8800,43.6900,43.9000,515798,
2026-05-15,RHM.DE,XETRA,1140.0000,1179.2000,1120.0000,1120.0000,218324,
2026-05-15,RWE.DE,XETRA,55.8800,56.6800,54.8400,55.2000,1787192,
2026-05-15,S92.DE,XETRA,63.7000,65.5000,62.1500,63.3000,387216,
2026-05-15,SAP.DE,XETRA,142.0000,146.0800,141.4000,144.0600,2710614,
2026-05-15,SHL.DE,XETRA,33.9000,34.2000,33.4000,33.4000,1191547,
2026-05-15,SIE.DE,XETRA,268.2000,269.1000,257.9500,259.6000,1548370,
2026-05-15,SRT3.DE,XETRA,209.6000,210.7000,204.1000,204.9000,99050,
2026-05-15,SZG.DE,XETRA,55.4500,56.2500,54.3000,54.3000,186294,
2026-05-15,TKA.DE,XETRA,10.5150,10.6350,10.3700,10.6350,1807358,
2026-05-15,TUI1.DE,XETRA,6.4000,6.4500,6.3440,6.4360,3025574,
2026-05-15,VOW3.DE,XETRA,88.7200,89.1800,87.3800,87.9400,1223182,
2026-05-15,WAF.DE,XETRA,90.6500,91.5500,87.1000,87.5000,136010,
2026-05-15,ZAL.DE,XETRA,19.3550,19.5900,19.2300,19.3350,1451526,
2026-05-18,ADS.DE,XETRA,144.1500,149.6000,143.0000,147.3000,717278,
2026-05-18,AFX.DE,XETRA,24.4000,25.6200,24.2400,25.3000,196222,
2026-05-18,AIR.DE,XETRA,165.6200,172.0600,164.7000,170.4600,257903,
2026-05-18,AIXA.DE,XETRA,51.5000,53.9600,50.3400,50.3600,781629,
2026-05-18,ALV.DE,XETRA,373.4000,383.4000,372.8000,381.4000,633190,
2026-05-18,BAYN.DE,XETRA,37.0800,37.8600,36.9000,37.8300,1962586,
2026-05-18,BC8.DE,XETRA,29.3000,30.5000,29.2000,30.4000,323032,
2026-05-18,BMW.DE,XETRA,73.5000,74.7600,72.4000,74.1200,1850781,
2026-05-18,CBK.DE,XETRA,36.0000,36.5300,35.7600,35.9400,3492111,
2026-05-18,CON.DE,XETRA,67.5800,68.7600,66.9400,68.1000,290187,
2026-05-18,DBK.DE,XETRA,26.3400,27.1350,26.2600,26.9050,4849102,
2026-05-18,DHER.DE,XETRA,28.4400,31.6800,28.0400,31.1500,3637185,
2026-05-18,ENR.DE,XETRA,168.5000,176.4600,166.8000,169.9000,2204679,
2026-05-18,EOAN.DE,XETRA,17.6850,18.1800,17.6450,18.1100,4516433,
2026-05-18,EVT.DE,XETRA,4.6020,4.7440,4.6020,4.7100,605664,
2026-05-18,FRE.DE,XETRA,38.3800,39.3800,38.3000,39.2100,1227691,
2026-05-18,HAG.DE,XETRA,74.0400,76.1400,73.5600,73.6000,481736,
2026-05-18,HFG.DE,XETRA,4.2390,4.4220,4.2370,4.3950,860082,
2026-05-18,HNR1.DE,XETRA,237.8000,243.8000,237.2000,242.0000,192139,
2026-05-18,IFX.DE,XETRA,65.0000,68.1700,64.6000,66.3300,6123885,
2026-05-18,JEN.DE,XETRA,45.0000,46.0200,43.4000,43.4000,414164,
2026-05-18,KGX.DE,XETRA,44.0000,44.5200,43.2100,43.9900,337682,
2026-05-18,LHA.DE,XETRA,7.5700,7.8680,7.4560,7.7120,6312830,
2026-05-18,MBG.DE,XETRA,49.6350,50.2900,49.1200,49.9700,2509247,
2026-05-18,MRK.DE,XETRA,116.2500,119.1500,115.6500,117.7500,300986,
2026-05-18,MTX.DE,XETRA,267.4000,279.4000,265.2000,274.2000,216389,
2026-05-18,MUV2.DE,XETRA,470.4000,487.4000,470.4000,483.8000,445384,
2026-05-18,NDX1.DE,XETRA,45.2800,48.0800,44.8800,47.4000,791381,
2026-05-18,NEM.DE,XETRA,58.4000,60.6500,58.2500,59.9000,308567,
2026-05-18,P911.DE,XETRA,45.7000,45.9900,44.9300,45.8300,443827,
2026-05-18,PUM.DE,XETRA,26.1800,27.4100,26.0400,26.8100,887987,
2026-05-18,QIA.DE,XETRA,28.1950,28.7950,28.0750,28.6000,1138361,
2026-05-18,R3NK.DE,XETRA,43.9000,45.2000,43.1100,44.4700,526073,
2026-05-18,RHM.DE,XETRA,1134.4000,1179.8000,1123.6000,1172.0000,303127,
2026-05-18,RWE.DE,XETRA,54.8800,56.5800,54.8400,56.4400,1424446,
2026-05-18,S92.DE,XETRA,63.7000,70.7000,63.1000,67.8500,222322,
2026-05-18,SAP.DE,XETRA,144.1000,149.1200,143.5000,147.8600,2511733,
2026-05-18,SHL.DE,XETRA,33.1500,33.8700,32.8100,33.6600,1356361,
2026-05-18,SIE.DE,XETRA,257.4500,264.9000,256.3500,260.5000,1001742,
2026-05-18,SRT3.DE,XETRA,208.0000,220.5000,204.8000,216.1000,136757,
2026-05-18,SZG.DE,XETRA,53.5000,56.3500,52.8000,55.5000,239836,
2026-05-18,TKA.DE,XETRA,10.5000,10.7400,10.2900,10.4600,4127306,
2026-05-18,TUI1.DE,XETRA,6.3000,6.5620,6.2180,6.4000,5617381,
2026-05-18,VOW3.DE,XETRA,86.6400,88.4000,85.6400,87.7800,896390,
2026-05-18,WAF.DE,XETRA,86.8000,91.9500,86.1500,88.0500,107721,
2026-05-18,ZAL.DE,XETRA,19.1850,20.0700,18.9400,19.6450,1778737,
2026-05-19,ADS.DE,XETRA,147.8000,148.8000,146.1000,146.7500,611299,
2026-05-19,AFX.DE,XETRA,25.6800,25.7400,25.2000,25.2400,145159,
2026-05-19,AIR.DE,XETRA,171.0400,174.6200,168.9600,168.9600,265349,
2026-05-19,AIXA.DE,XETRA,50.2200,53.2200,50.0000,50.0000,1058007,
2026-05-19,ALV.DE,XETRA,381.9000,385.1000,381.5000,382.6000,501373,
2026-05-19,BAYN.DE,XETRA,37.9800,39.2000,37.7400,38.5200,1839011,
2026-05-19,BC8.DE,XETRA,30.5800,31.3200,30.0800,30.2400,270678,
2026-05-19,BMW.DE,XETRA,73.8600,75.0600,73.7200,73.7200,1188306,
2026-05-19,CBK.DE,XETRA,36.0700,36.8200,35.9900,36.1300,3242216,
2026-05-19,CON.DE,XETRA,68.0800,68.1400,65.7000,65.7000,583739,
2026-05-19,DBK.DE,XETRA,26.9000,27.3550,26.8500,26.9000,4751776,
2026-05-19,DHER.DE,XETRA,31.0200,31.8800,30.6700,31.4900,2493792,
2026-05-19,ENR.DE,XETRA,168.6400,172.9400,163.8600,167.7000,2059343,
2026-05-19,EOAN.DE,XETRA,18.1250,18.5100,18.1250,18.3800,3565943,
2026-05-19,EVT.DE,XETRA,4.7200,4.8800,4.6940,4.7400,857146,
2026-05-19,FRE.DE,XETRA,39.4700,39.7400,39.2000,39.6500,942042,
2026-05-19,HAG.DE,XETRA,73.5200,80.6000,73.3200,79.6200,653050,
2026-05-19,HFG.DE,XETRA,4.4450,4.5500,4.3280,4.3280,678754,
2026-05-19,HNR1.DE,XETRA,243.0000,248.6000,242.4000,247.8000,195928,
2026-05-19,IFX.DE,XETRA,65.0000,65.7400,63.2500,64.6400,5349284,
2026-05-19,JEN.DE,XETRA,42.5400,43.4600,41.4600,41.8800,303312,
2026-05-19,KGX.DE,XETRA,44.6400,45.3300,44.0400,44.1000,241918,
2026-05-19,LHA.DE,XETRA,7.8400,7.9220,7.6660,7.6700,4807459,
2026-05-19,MBG.DE,XETRA,49.8150,49.9850,49.4850,49.5400,2081408,
2026-05-19,MRK.DE,XETRA,117.5500,121.3000,117.4500,120.3500,457995,
2026-05-19,MTX.DE,XETRA,273.5000,281.1000,272.9000,275.3000,145355,
2026-05-19,MUV2.DE,XETRA,486.2000,488.1000,482.4000,483.4000,448246,
2026-05-19,NDX1.DE,XETRA,46.5800,47.4400,43.8800,44.0600,556351,
2026-05-19,NEM.DE,XETRA,60.4500,66.9500,60.4500,65.9000,390084,
2026-05-19,P911.DE,XETRA,45.6200,45.9600,44.3700,44.3700,607285,
2026-05-19,PUM.DE,XETRA,26.9800,27.2000,26.1800,26.5000,500389,
2026-05-19,QIA.DE,XETRA,28.7000,29.8650,28.6050,29.7750,831674,
2026-05-19,R3NK.DE,XETRA,44.7300,47.2600,44.7300,46.2650,806898,
2026-05-19,RHM.DE,XETRA,1198.0000,1235.0000,1185.0000,1207.0000,330910,
2026-05-19,RWE.DE,XETRA,56.2400,56.9000,55.9800,56.3800,1316969,
2026-05-19,S92.DE,XETRA,66.7500,66.7500,59.8000,61.3500,225524,
2026-05-19,SAP.DE,XETRA,151.5000,159.6400,151.3600,156.7200,6183013,
2026-05-19,SHL.DE,XETRA,33.7900,34.2700,33.7600,33.8600,926755,
2026-05-19,SIE.DE,XETRA,259.7500,265.2500,255.0000,256.8000,903918,
2026-05-19,SRT3.DE,XETRA,216.5000,222.0000,216.4000,219.6000,107086,
2026-05-19,SZG.DE,XETRA,54.9500,56.2000,53.2500,54.3000,132389,
2026-05-19,TKA.DE,XETRA,10.3700,10.7500,10.2600,10.4800,2182699,
2026-05-19,TUI1.DE,XETRA,6.4400,6.5580,6.3400,6.3480,4166584,
2026-05-19,VOW3.DE,XETRA,87.6000,88.4200,87.3400,87.6200,616013,
2026-05-19,WAF.DE,XETRA,86.2500,88.3000,83.3000,84.5500,124378,
2026-05-19,ZAL.DE,XETRA,19.6700,20.1500,19.5950,19.6700,1233488,
2026-05-20,ADS.DE,XETRA,145.0000,149.2500,144.2000,148.2000,468371,
2026-05-20,AFX.DE,XETRA,24.9600,25.9400,24.9000,25.6600,163681,
2026-05-20,AIR.DE,XETRA,168.9200,175.0000,166.7400,173.4400,307460,
2026-05-20,AIXA.DE,XETRA,50.6000,52.5200,50.5200,52.5200,786288,
2026-05-20,ALV.DE,XETRA,380.1000,388.0000,377.9000,385.7000,601737,
2026-05-20,BAYN.DE,XETRA,38.6100,39.4600,38.1000,39.2300,2182282,
2026-05-20,BC8.DE,XETRA,30.0000,30.9400,29.6200,30.6600,277385,
2026-05-20,BMW.DE,XETRA,73.8000,75.0600,73.3000,74.3600,1116057,
2026-05-20,CBK.DE,XETRA,36.1700,37.5000,35.5700,37.1500,3060705,
2026-05-20,CON.DE,XETRA,65.6200,66.9200,65.0000,66.3600,397632,
2026-05-20,DBK.DE,XETRA,26.8000,28.1500,26.6850,28.0550,6845965,
2026-05-20,DHER.DE,XETRA,31.3000,32.8600,31.3000,32.2800,2509569,
2026-05-20,ENR.DE,XETRA,171.4400,174.8000,169.9400,174.3200,1894547,
2026-05-20,EOAN.DE,XETRA,18.3950,18.5400,18.2400,18.3350,3072444,
2026-05-20,EVT.DE,XETRA,4.7000,4.9000,4.7000,4.9000,880817,
2026-05-20,FRE.DE,XETRA,39.3100,40.3000,39.3000,40.1700,840170,
2026-05-20,HAG.DE,XETRA,79.7000,87.8000,79.5600,87.8000,806761,
2026-05-20,HFG.DE,XETRA,4.3210,4.4910,4.2400,4.3600,659394,
2026-05-20,HNR1.DE,XETRA,245.8000,248.6000,244.8000,247.6000,132137,
2026-05-20,IFX.DE,XETRA,64.2000,68.7400,64.2000,67.9400,5450390,
2026-05-20,JEN.DE,XETRA,43.1200,43.2600,41.9000,42.9200,217578,
2026-05-20,KGX.DE,XETRA,43.4700,44.6500,43.2200,44.3900,268452,
2026-05-20,LHA.DE,XETRA,7.7020,8.0220,7.6700,7.9220,4961453,
2026-05-20,MBG.DE,XETRA,49.3300,50.3400,48.9350,50.0100,2354228,
2026-05-20,MRK.DE,XETRA,120.0000,122.9000,119.6000,122.7500,394166,
2026-05-20,MTX.DE,XETRA,274.9000,290.0000,273.7000,287.4000,208658,
2026-05-20,MUV2.DE,XETRA,480.0000,487.8000,478.6000,485.8000,357392,
2026-05-20,NDX1.DE,XETRA,44.5200,44.6000,42.8000,43.1400,903594,
2026-05-20,NEM.DE,XETRA,64.5000,66.0500,63.9500,65.2000,305131,
2026-05-20,P911.DE,XETRA,44.1800,45.6500,43.8500,45.2400,362081,
2026-05-20,PUM.DE,XETRA,26.3100,27.0800,25.9800,26.8100,433668,
2026-05-20,QIA.DE,XETRA,29.5100,29.9100,29.1500,29.9100,461175,
2026-05-20,R3NK.DE,XETRA,45.9600,49.2200,45.6700,47.8050,839702,
2026-05-20,RHM.DE,XETRA,1206.6000,1240.2000,1200.6000,1233.6000,227591,
2026-05-20,RWE.DE,XETRA,56.8000,56.9800,56.0200,56.6200,955990,
2026-05-20,S92.DE,XETRA,62.1500,62.8000,58.9500,61.7500,143042,
2026-05-20,SAP.DE,XETRA,153.9200,154.9800,150.4400,153.4200,2810791,
2026-05-20,SHL.DE,XETRA,33.5800,34.4300,33.4200,34.2300,1049677,
2026-05-20,SIE.DE,XETRA,257.1000,267.4500,257.1000,264.1000,952184,
2026-05-20,SRT3.DE,XETRA,219.6000,228.0000,218.8000,228.0000,119495,
2026-05-20,SZG.DE,XETRA,54.6500,57.0000,54.4500,56.7500,116835,
2026-05-20,TKA.DE,XETRA,10.5100,10.9600,10.3950,10.7800,2634969,
2026-05-20,TUI1.DE,XETRA,6.3300,6.5900,6.2900,6.5360,4519764,
2026-05-20,VOW3.DE,XETRA,87.6000,88.9400,86.4400,87.9200,672135,
2026-05-20,WAF.DE,XETRA,86.0000,89.3500,86.0000,89.0000,47449,
2026-05-20,ZAL.DE,XETRA,19.3600,20.2700,19.2750,20.1200,1769331,
2026-05-21,ADS.DE,XETRA,148.8000,151.6000,147.8000,150.0000,592165,
2026-05-21,AFX.DE,XETRA,25.7600,26.2800,25.7400,26.0200,115325,
2026-05-21,AIR.DE,XETRA,172.3000,172.6400,166.0000,166.0000,375514,
2026-05-21,AIXA.DE,XETRA,52.6200,53.7200,51.8000,52.3400,527131,
2026-05-21,ALV.DE,XETRA,383.2000,388.7000,383.2000,385.9000,522577,
2026-05-21,BAYN.DE,XETRA,39.0400,39.2100,38.4900,38.9100,1894050,
2026-05-21,BC8.DE,XETRA,30.6600,30.8400,30.2400,30.3000,220118,
2026-05-21,BMW.DE,XETRA,74.6800,75.6200,73.9400,74.3600,1208273,
2026-05-21,CBK.DE,XETRA,36.2100,36.3400,35.4400,35.8700,2367591,
2026-05-21,CON.DE,XETRA,66.3400,67.3000,65.6800,65.9800,376265,
2026-05-21,DBK.DE,XETRA,28.1500,28.3300,27.6850,28.0650,5646587,
2026-05-21,DHER.DE,XETRA,32.2500,33.4400,31.1800,32.9700,1582051,
2026-05-21,ENR.DE,XETRA,174.1200,175.3600,170.3600,173.6200,1648286,
2026-05-21,EOAN.DE,XETRA,18.2800,18.5350,18.2800,18.5100,3034206,
2026-05-21,EVT.DE,XETRA,4.9300,5.1100,4.9140,5.0800,1295530,
2026-05-21,FRE.DE,XETRA,40.1200,40.4800,39.9100,39.9100,981420,
2026-05-21,HAG.DE,XETRA,87.8000,91.7200,87.2600,88.1000,776390,
2026-05-21,HFG.DE,XETRA,4.3400,4.4160,4.2870,4.2870,428546,
2026-05-21,HNR1.DE,XETRA,246.8000,249.2000,241.8000,243.6000,205993,
2026-05-21,IFX.DE,XETRA,68.5400,69.9400,67.7000,68.0000,5382522,
2026-05-21,JEN.DE,XETRA,42.7600,43.2400,42.2200,42.6200,187093,
2026-05-21,KGX.DE,XETRA,44.2900,44.7700,43.3300,43.3300,315955,
2026-05-21,LHA.DE,XETRA,7.9000,8.0420,7.8080,7.8080,5676279,
2026-05-21,MBG.DE,XETRA,50.0600,50.5100,49.2850,49.7600,2618011,
2026-05-21,MRK.DE,XETRA,124.0000,127.0000,122.9500,126.4000,414118,
2026-05-21,MTX.DE,XETRA,289.0000,292.4000,284.5000,287.2000,207835,
2026-05-21,MUV2.DE,XETRA,484.8000,487.3000,474.2000,474.3000,484670,
2026-05-21,NDX1.DE,XETRA,43.2000,44.3400,42.5600,43.6200,597582,
2026-05-21,NEM.DE,XETRA,66.1500,66.2500,63.5500,64.1500,287711,
2026-05-21,P911.DE,XETRA,45.6000,45.9500,45.0700,45.3500,429696,
2026-05-21,PUM.DE,XETRA,26.8400,27.5100,26.6600,27.2800,454604,
2026-05-21,QIA.DE,XETRA,30.2800,30.4800,29.6900,30.0950,641564,
2026-05-21,R3NK.DE,XETRA,48.1500,49.3400,47.6750,47.6950,623253,
2026-05-21,RHM.DE,XETRA,1229.0000,1237.8000,1206.0000,1209.4000,181237,
2026-05-21,RWE.DE,XETRA,55.8000,56.6000,55.7200,56.5200,1437953,
2026-05-21,S92.DE,XETRA,62.5000,65.1500,60.9000,64.5500,104174,
2026-05-21,SAP.DE,XETRA,153.7800,154.2000,149.2600,150.9000,2100123,
2026-05-21,SHL.DE,XETRA,34.3200,34.7800,34.3100,34.5100,740865,
2026-05-21,SIE.DE,XETRA,261.9000,267.8500,261.0000,264.0500,938685,
2026-05-21,SRT3.DE,XETRA,229.3000,237.0000,227.2000,235.2000,101840,
2026-05-21,SZG.DE,XETRA,56.4500,56.6500,54.3000,55.5000,160148,
2026-05-21,TKA.DE,XETRA,10.7000,10.8700,10.5600,10.6000,2270093,
2026-05-21,TUI1.DE,XETRA,6.5600,6.6800,6.4800,6.4800,3572513,
2026-05-21,VOW3.DE,XETRA,88.5000,89.4800,87.5600,88.6000,700399,
2026-05-21,WAF.DE,XETRA,88.9500,91.2000,87.5500,91.2000,46402,
2026-05-21,ZAL.DE,XETRA,20.2000,20.7800,20.1400,20.6500,1566769,
2026-05-22,ADS.DE,XETRA,154.8000,157.4500,151.5000,154.5000,738267,
2026-05-22,AFX.DE,XETRA,26.1400,26.6000,26.0800,26.2800,149768,
2026-05-22,AIR.DE,XETRA,169.1200,170.3400,166.4600,169.6600,284178,
2026-05-22,AIXA.DE,XETRA,53.9400,54.5600,53.2800,53.6800,597694,
2026-05-22,ALV.DE,XETRA,385.6000,387.7000,383.7000,385.6000,549956,
2026-05-22,BAYN.DE,XETRA,39.1300,39.1300,38.3900,38.5100,1784027,
2026-05-22,BC8.DE,XETRA,30.6400,31.0200,30.1000,30.5600,274342,
2026-05-22,BMW.DE,XETRA,74.4800,74.8000,74.0800,74.4800,1215243,
2026-05-22,CBK.DE,XETRA,36.0100,36.4200,35.6700,36.2800,1830278,
2026-05-22,CON.DE,XETRA,66.7200,67.9400,66.6000,67.2200,307093,
2026-05-22,DBK.DE,XETRA,28.3450,28.3500,27.8050,28.1650,3592923,
2026-05-22,DHER.DE,XETRA,33.3000,34.5800,33.0600,33.5900,1656103,
2026-05-22,ENR.DE,XETRA,176.1400,176.1400,172.2200,175.4200,1956558,
2026-05-22,EOAN.DE,XETRA,18.3700,18.5800,18.3000,18.3000,2518332,
2026-05-22,EVT.DE,XETRA,5.1400,5.2300,5.0650,5.2300,605744,
2026-05-22,FRE.DE,XETRA,40.0100,40.0100,38.7400,38.7800,1770657,
2026-05-22,HAG.DE,XETRA,88.4800,90.2000,88.0200,89.0400,331748,
2026-05-22,HFG.DE,XETRA,4.3630,4.4700,4.2800,4.2800,480969,
2026-05-22,HNR1.DE,XETRA,242.2000,244.6000,241.2000,241.4000,171580,
2026-05-22,IFX.DE,XETRA,69.9500,73.8300,69.7100,73.4200,6540322,
2026-05-22,JEN.DE,XETRA,43.4000,44.8000,43.3000,44.4600,232260,
2026-05-22,KGX.DE,XETRA,44.2100,44.7400,43.5800,44.1900,248288,
2026-05-22,LHA.DE,XETRA,7.9180,7.9640,7.6980,7.8900,5866220,
2026-05-22,MBG.DE,XETRA,49.9500,50.1800,49.6500,50.1200,1984999,
2026-05-22,MRK.DE,XETRA,128.1000,129.8000,127.2500,128.6000,371842,
2026-05-22,MTX.DE,XETRA,291.9000,296.7000,285.4000,296.0000,206151,
2026-05-22,MUV2.DE,XETRA,475.0000,476.5000,468.0000,469.0000,520955,
2026-05-22,NDX1.DE,XETRA,43.7400,44.1400,42.1800,43.1200,650942,
2026-05-22,NEM.DE,XETRA,64.2000,65.5000,63.0500,63.3500,229005,
2026-05-22,P911.DE,XETRA,45.8000,46.5800,45.8000,46.2200,392184,
2026-05-22,PUM.DE,XETRA,27.8600,29.5800,27.8400,28.7800,1795335,
2026-05-22,QIA.DE,XETRA,30.2950,30.5400,30.0800,30.2900,563126,
2026-05-22,R3NK.DE,XETRA,48.4600,49.8000,48.3250,49.0300,468716,
2026-05-22,RHM.DE,XETRA,1222.8000,1248.0000,1211.6000,1227.2000,169100,
2026-05-22,RWE.DE,XETRA,55.9000,57.1800,55.6200,56.6400,1092050,
2026-05-22,S92.DE,XETRA,66.0000,67.7000,64.1500,67.7000,176379,
2026-05-22,SAP.DE,XETRA,153.3800,154.8400,150.2600,151.7800,2037817,
2026-05-22,SHL.DE,XETRA,35.0000,35.0100,34.4500,34.5000,945022,
2026-05-22,SIE.DE,XETRA,267.1500,270.0500,265.3000,268.6000,1033013,
2026-05-22,SRT3.DE,XETRA,237.0000,238.8000,232.3000,232.5000,79171,
2026-05-22,SZG.DE,XETRA,56.5000,58.0000,55.5500,57.0000,144920,
2026-05-22,TKA.DE,XETRA,10.7000,10.9900,10.6800,10.9050,2075519,
2026-05-22,TUI1.DE,XETRA,6.5800,6.6500,6.4980,6.5640,2899309,
2026-05-22,VOW3.DE,XETRA,89.1200,90.0600,88.6200,89.6800,612982,
2026-05-22,WAF.DE,XETRA,92.7500,94.1000,91.2000,93.3500,60761,
2026-05-22,ZAL.DE,XETRA,20.8000,21.2900,20.7800,20.8400,1427287,
2026-05-25,ADS.DE,XETRA,155.9500,159.0000,155.3000,157.8500,414561,
2026-05-25,AFX.DE,XETRA,26.5800,26.6000,26.2000,26.5000,83771,
2026-05-25,AIR.DE,XETRA,172.5000,175.3800,172.4200,174.4000,222702,
2026-05-25,AIXA.DE,XETRA,54.9800,55.1000,53.3400,54.0000,404581,
2026-05-25,ALV.DE,XETRA,388.0000,391.6000,387.5000,391.0000,491067,
2026-05-25,BAYN.DE,XETRA,38.9200,38.9200,38.2800,38.4100,1465421,
2026-05-25,BC8.DE,XETRA,31.0000,31.0200,30.8000,30.9800,76928,
2026-05-25,BMW.DE,XETRA,75.1200,75.9800,75.0800,75.4400,1048048,
2026-05-25,CBK.DE,XETRA,36.5700,37.5200,36.5500,37.3200,2071324,
2026-05-25,CON.DE,XETRA,68.2600,69.1200,68.2600,68.6200,142960,
2026-05-25,DBK.DE,XETRA,28.4850,29.4000,28.4350,29.2800,4070257,
2026-05-25,DHER.DE,XETRA,36.1100,37.8500,36.1100,37.6000,1824977,
2026-05-25,ENR.DE,XETRA,178.8000,181.9600,177.5400,181.2800,1176336,
2026-05-25,EOAN.DE,XETRA,18.4850,18.5550,18.4350,18.4350,1385844,
2026-05-25,EVT.DE,XETRA,5.2500,5.3350,5.0350,5.0350,459053,
2026-05-25,FRE.DE,XETRA,38.4300,38.5700,38.2800,38.4400,477702,
2026-05-25,HAG.DE,XETRA,88.4600,89.6800,87.1000,89.0200,225824,
2026-05-25,HFG.DE,XETRA,4.3600,4.3790,4.2820,4.2910,222657,
2026-05-25,HNR1.DE,XETRA,241.8000,244.6000,241.8000,244.2000,56327,
2026-05-25,IFX.DE,XETRA,75.5300,76.7300,73.2700,76.7300,3258179,
2026-05-25,JEN.DE,XETRA,45.0600,45.3000,44.7000,45.0400,91699,
2026-05-25,KGX.DE,XETRA,45.1900,46.2600,45.0000,46.0000,216513,
2026-05-25,LHA.DE,XETRA,8.2000,8.2760,8.1380,8.1720,4835296,
2026-05-25,MBG.DE,XETRA,50.5700,51.1500,50.5700,50.7600,1793674,
2026-05-25,MRK.DE,XETRA,129.9000,130.0500,128.3000,130.0000,128383,
2026-05-25,MTX.DE,XETRA,308.7000,317.9000,308.1000,314.1000,179222,
2026-05-25,MUV2.DE,XETRA,471.3000,475.8000,471.1000,474.0000,211414,
2026-05-25,NDX1.DE,XETRA,43.4200,43.6200,42.3200,42.5000,261318,
2026-05-25,NEM.DE,XETRA,64.1500,64.8000,63.5500,64.8000,70398,
2026-05-25,P911.DE,XETRA,46.2200,46.6700,46.2200,46.4100,167965,
2026-05-25,PUM.DE,XETRA,29.0400,29.4200,27.8500,27.8500,611327,
2026-05-25,QIA.DE,XETRA,30.4550,30.6700,30.3500,30.5950,242844,
2026-05-25,R3NK.DE,XETRA,49.3100,50.8900,49.3100,50.6100,481202,
2026-05-25,RHM.DE,XETRA,1230.0000,1245.6000,1218.0000,1243.6000,99965,
2026-05-25,RWE.DE,XETRA,56.8200,57.4800,56.7200,57.3400,686386,
2026-05-25,S92.DE,XETRA,67.9000,68.0500,65.3000,66.9000,72533,
2026-05-25,SAP.DE,XETRA,153.1200,154.6400,151.8400,154.4800,1212676,
2026-05-25,SHL.DE,XETRA,34.8800,35.1600,34.7800,35.1200,314024,
2026-05-25,SIE.DE,XETRA,271.3500,277.7000,271.0000,276.7500,769136,
2026-05-25,SRT3.DE,XETRA,232.5000,236.9000,232.2000,234.5000,25018,
2026-05-25,SZG.DE,XETRA,57.9000,58.4500,57.1000,58.4500,113488,
2026-05-25,TKA.DE,XETRA,11.0100,11.4650,11.0050,11.3850,2796729,
2026-05-25,TUI1.DE,XETRA,6.7300,6.9060,6.7300,6.8840,3342756,
2026-05-25,VOW3.DE,XETRA,90.7400,91.6200,90.5400,90.9400,370903,
2026-05-25,WAF.DE,XETRA,95.0000,95.7500,92.8500,94.6000,21390,
2026-05-25,ZAL.DE,XETRA,21.0000,21.7800,20.9600,21.7200,781222,
2026-05-26,ADS.DE,XETRA,157.5500,157.6500,155.1000,157.2000,390133,
2026-05-26,AFX.DE,XETRA,26.5000,26.6600,26.2200,26.4000,87314,
2026-05-26,AIR.DE,XETRA,175.1200,175.2000,172.1600,172.3200,122039,
2026-05-26,AIXA.DE,XETRA,54.0400,54.0600,52.2200,52.7600,535419,
2026-05-26,ALV.DE,XETRA,391.1000,393.1000,388.5000,388.9000,440980,
2026-05-26,BAYN.DE,XETRA,38.0000,38.2600,37.4800,37.8200,1695578,
2026-05-26,BC8.DE,XETRA,31.0600,31.0600,30.3200,30.6600,143748,
2026-05-26,BMW.DE,XETRA,75.1600,76.0200,74.8600,75.2600,654110,
2026-05-26,CBK.DE,XETRA,37.1800,37.3500,36.7100,36.7100,2052141,
2026-05-26,CON.DE,XETRA,68.3000,69.1000,68.1000,69.0200,251177,
2026-05-26,DBK.DE,XETRA,29.2800,29.5000,28.6300,28.6300,5102190,
2026-05-26,DHER.DE,XETRA,37.2700,38.7500,36.8800,38.7500,2331458,
2026-05-26,ENR.DE,XETRA,180.1400,182.5800,178.4400,181.3000,1719516,
2026-05-26,EOAN.DE,XETRA,18.5500,18.7500,18.4200,18.5750,2573290,
2026-05-26,EVT.DE,XETRA,4.9720,5.0500,4.9520,5.0100,552172,
2026-05-26,FRE.DE,XETRA,38.5600,38.5600,37.6900,37.7900,1090539,
2026-05-26,HAG.DE,XETRA,88.6000,88.6000,83.9600,86.0200,466113,
2026-05-26,HFG.DE,XETRA,4.2900,4.3880,4.2340,4.2890,530598,
2026-05-26,HNR1.DE,XETRA,244.4000,245.2000,241.6000,242.0000,93158,
2026-05-26,IFX.DE,XETRA,76.8000,78.0600,74.7300,77.5500,5757751,
2026-05-26,JEN.DE,XETRA,45.2200,45.9200,44.7600,45.7200,154244,
2026-05-26,KGX.DE,XETRA,45.9000,46.0200,44.6000,44.6000,370467,
2026-05-26,LHA.DE,XETRA,8.0140,8.1820,7.9920,8.1180,3870949,
2026-05-26,MBG.DE,XETRA,50.5300,51.1300,50.5200,50.9200,1544606,
2026-05-26,MRK.DE,XETRA,129.1000,129.1500,126.9500,128.3500,371744,
2026-05-26,MTX.DE,XETRA,314.0000,314.9000,302.3000,302.3000,220924,
2026-05-26,MUV2.DE,XETRA,474.5000,477.7000,470.3000,473.1000,242085,
2026-05-26,NDX1.DE,XETRA,42.8200,42.8200,41.8400,42.5000,622913,
2026-05-26,NEM.DE,XETRA,64.6000,64.6000,62.4000,63.4000,176387,
2026-05-26,P911.DE,XETRA,46.0200,46.3200,45.6800,45.6800,285497,
2026-05-26,PUM.DE,XETRA,27.9300,28.3800,27.5400,28.1200,556161,
2026-05-26,QIA.DE,XETRA,30.6150,30.6150,30.1900,30.3900,389858,
2026-05-26,R3NK.DE,XETRA,51.0000,52.0700,50.1700,51.6300,362222,
2026-05-26,RHM.DE,XETRA,1243.6000,1249.6000,1229.2000,1237.2000,148392,
2026-05-26,RWE.DE,XETRA,57.7200,57.7200,56.9800,57.0200,1016777,
2026-05-26,S92.DE,XETRA,67.0500,68.3500,65.5500,68.0500,72290,
2026-05-26,SAP.DE,XETRA,154.4600,154.5800,150.4000,151.4600,1564674,
2026-05-26,SHL.DE,XETRA,35.0900,35.1200,34.3900,34.6200,682349,
2026-05-26,SIE.DE,XETRA,275.0000,276.2000,272.5500,272.5500,613256,
2026-05-26,SRT3.DE,XETRA,232.1000,234.6000,228.7000,233.0000,37039,
2026-05-26,SZG.DE,XETRA,57.6500,60.1000,57.4000,58.7500,242501,
2026-05-26,TKA.DE,XETRA,11.3600,11.6200,11.3000,11.3950,2428731,
2026-05-26,TUI1.DE,XETRA,6.8560,6.8560,6.6920,6.7060,4089063,
2026-05-26,VOW3.DE,XETRA,90.7400,91.5200,90.3800,90.5000,448519,
2026-05-26,WAF.DE,XETRA,94.7000,98.5000,93.6500,97.0500,84098,
2026-05-26,ZAL.DE,XETRA,21.6400,22.4400,21.4300,22.3600,1359354,
2026-05-27,ADS.DE,XETRA,159.0000,168.9500,159.0000,165.6500,1196927,
2026-05-27,AFX.DE,XETRA,26.4200,27.0200,26.1400,26.2400,140994,
2026-05-27,AIR.DE,XETRA,171.9600,177.8200,171.6600,173.8000,185260,
2026-05-27,AIXA.DE,XETRA,54.5200,58.0400,53.2000,57.2000,1230920,
2026-05-27,ALV.DE,XETRA,390.2000,391.2000,387.4000,389.4000,500933,
2026-05-27,BAYN.DE,XETRA,37.6500,38.1200,37.2000,38.1200,2434663,
2026-05-27,BC8.DE,XETRA,31.0200,31.8200,30.7400,31.2400,230961,
2026-05-27,BMW.DE,XETRA,75.1800,77.7000,75.1000,77.0200,1179194,
2026-05-27,CBK.DE,XETRA,36.8000,37.0500,36.4900,36.7000,3475218,
2026-05-27,CON.DE,XETRA,69.5200,73.0800,69.5000,71.7800,616974,
2026-05-27,DBK.DE,XETRA,28.8000,29.0100,28.5650,28.5650,5607872,
2026-05-27,DHER.DE,XETRA,38.0000,39.3800,37.4300,39.3500,2212180,
2026-05-27,ENR.DE,XETRA,186.8400,186.9800,170.8200,174.3600,3124019,
2026-05-27,EOAN.DE,XETRA,18.5450,18.5650,18.0400,18.2800,2584074,
2026-05-27,EVT.DE,XETRA,5.0450,5.0600,4.9200,4.9640,605228,
2026-05-27,FRE.DE,XETRA,37.7000,38.1500,36.9300,36.9300,1683021,
2026-05-27,HAG.DE,XETRA,86.0200,87.4600,83.7400,85.0000,346240,
2026-05-27,HFG.DE,XETRA,4.2600,4.3610,4.2600,4.3070,446254,
2026-05-27,HNR1.DE,XETRA,242.2000,243.4000,240.2000,240.2000,125877,
2026-05-27,IFX.DE,XETRA,78.4800,79.8700,75.3000,76.7300,7060004,
2026-05-27,JEN.DE,XETRA,45.7600,46.1000,44.2400,44.6800,195564,
2026-05-27,KGX.DE,XETRA,44.5700,45.2800,44.3400,44.4500,366321,
2026-05-27,LHA.DE,XETRA,8.1600,8.4460,8.1500,8.3240,6394468,
2026-05-27,MBG.DE,XETRA,51.0300,53.0300,51.0300,52.5100,3676337,
2026-05-27,MRK.DE,XETRA,128.5500,130.6500,128.5500,129.5000,247174,
2026-05-27,MTX.DE,XETRA,304.0000,314.4000,303.1000,311.4000,210482,
2026-05-27,MUV2.DE,XETRA,474.7000,474.8000,467.1000,467.7000,371098,
2026-05-27,NDX1.DE,XETRA,41.9200,41.9200,40.2600,41.2200,857310,
2026-05-27,NEM.DE,XETRA,63.4000,63.8500,62.0500,62.4000,213097,
2026-05-27,P911.DE,XETRA,45.5600,47.3200,45.5500,46.7400,626832,
2026-05-27,PUM.DE,XETRA,28.0400,30.1600,28.0400,29.8600,1175305,
2026-05-27,QIA.DE,XETRA,30.3650,31.2400,30.3650,30.9750,552253,
2026-05-27,R3NK.DE,XETRA,52.4500,53.8400,51.8000,52.5900,506819,
2026-05-27,RHM.DE,XETRA,1233.0000,1256.8000,1226.6000,1232.8000,191647,
2026-05-27,RWE.DE,XETRA,56.8400,56.8400,54.6800,55.1800,2110362,
2026-05-27,S92.DE,XETRA,67.8500,68.0000,65.0500,67.4500,169504,
2026-05-27,SAP.DE,XETRA,150.2000,152.0000,148.3400,150.0000,1722051,
2026-05-27,SHL.DE,XETRA,34.6600,35.6000,34.6600,35.0800,756237,
2026-05-27,SIE.DE,XETRA,273.5000,279.6000,272.4000,274.0500,868708,
2026-05-27,SRT3.DE,XETRA,234.9000,241.4000,234.1000,235.2000,97451,
2026-05-27,SZG.DE,XETRA,59.1500,59.8500,58.4000,59.2000,124856,
2026-05-27,TKA.DE,XETRA,11.4000,11.4900,11.1050,11.2950,2244602,
2026-05-27,TUI1.DE,XETRA,6.7600,7.0080,6.7560,6.8640,4243212,
2026-05-27,VOW3.DE,XETRA,90.6000,93.4800,90.6000,92.3800,910173,
2026-05-27,WAF.DE,XETRA,90.5000,95.5500,90.2000,93.2000,260929,
2026-05-27,ZAL.DE,XETRA,22.2800,22.9300,22.2800,22.7600,1537041,
2026-05-28,ADS.DE,XETRA,166.4500,170.1000,166.1500,167.1500,818569,
2026-05-28,AFX.DE,XETRA,26.0600,26.6800,25.7000,26.4600,257857,
2026-05-28,AIR.DE,XETRA,173.0000,179.0000,172.3000,177.7600,229720,
2026-05-28,AIXA.DE,XETRA,57.2000,59.5800,57.1800,59.2000,766141,
2026-05-28,ALV.DE,XETRA,387.0000,387.6000,379.4000,380.9000,727475,
2026-05-28,BAYN.DE,XETRA,37.5600,38.0500,37.0100,37.8400,2351365,
2026-05-28,BC8.DE,XETRA,31.0400,31.5400,30.9000,31.3400,159133,
2026-05-28,BMW.DE,XETRA,76.4800,76.8000,75.4600,75.9400,869511,
2026-05-28,CBK.DE,XETRA,36.3200,36.9800,36.1000,36.7900,1937779,
2026-05-28,CON.DE,XETRA,71.5000,72.2400,71.1200,71.4800,335428,
2026-05-28,DBK.DE,XETRA,28.4650,28.6200,28.0950,28.4000,4871096,
2026-05-28,DHER.DE,XETRA,38.6200,39.4100,37.0500,39.0000,2447053,
2026-05-28,ENR.DE,XETRA,172.4000,172.9400,165.0600,166.7600,3202302,
2026-05-28,EOAN.DE,XETRA,18.2250,18.3400,17.9900,17.9900,3338890,
2026-05-28,EVT.DE,XETRA,4.9320,5.1400,4.8100,5.1100,792472,
2026-05-28,FRE.DE,XETRA,36.8800,36.9300,35.9600,36.7100,1619054,
2026-05-28,HAG.DE,XETRA,84.3400,90.0000,84.1600,90.0000,533551,
2026-05-28,HFG.DE,XETRA,4.2800,4.4160,4.2390,4.4010,697134,
2026-05-28,HNR1.DE,XETRA,238.6000,238.6000,234.8000,234.8000,193752,
2026-05-28,IFX.DE,XETRA,76.9600,80.3700,76.9600,80.1100,5092952,
2026-05-28,JEN.DE,XETRA,45.1600,45.6400,44.6600,45.1800,139947,
2026-05-28,KGX.DE,XETRA,43.8300,44.5200,43.2000,43.8500,342275,
2026-05-28,LHA.DE,XETRA,8.2560,8.4740,8.2280,8.3340,3662135,
2026-05-28,MBG.DE,XETRA,52.1200,53.0400,51.7000,52.7100,1866991,
2026-05-28,MRK.DE,XETRA,128.5500,130.8500,127.7500,129.9500,300429,
2026-05-28,MTX.DE,XETRA,309.0000,318.0000,307.3000,315.4000,203956,
2026-05-28,MUV2.DE,XETRA,465.8000,466.1000,456.6000,456.8000,415705,
2026-05-28,NDX1.DE,XETRA,41.2200,42.0400,40.8000,41.8200,518944,
2026-05-28,NEM.DE,XETRA,61.7000,62.2000,59.3000,60.5500,242642,
2026-05-28,P911.DE,XETRA,46.3300,47.6600,46.1600,47.6500,526375,
2026-05-28,PUM.DE,XETRA,29.2800,30.1000,29.2000,30.0000,915621,
2026-05-28,QIA.DE,XETRA,30.8850,31.7250,30.7150,31.5100,823708,
2026-05-28,R3NK.DE,XETRA,52.7200,56.6300,52.7200,55.4500,1080720,
2026-05-28,RHM.DE,XETRA,1226.0000,1298.2000,1217.4000,1284.0000,290075,
2026-05-28,RWE.DE,XETRA,55.1400,55.6200,54.2200,54.4800,1862666,
2026-05-28,S92.DE,XETRA,67.9500,68.7500,67.3000,68.1000,116938,
2026-05-28,SAP.DE,XETRA,150.0000,153.1600,147.6000,151.6000,2281432,
2026-05-28,SHL.DE,XETRA,34.8900,35.0000,34.4400,34.8800,632649,
2026-05-28,SIE.DE,XETRA,273.6000,275.9000,267.1000,271.6500,991015,
2026-05-28,SRT3.DE,XETRA,233.7000,241.1000,230.8000,240.0000,90412,
2026-05-28,SZG.DE,XETRA,58.6500,61.0000,58.6500,61.0000,131303,
2026-05-28,TKA.DE,XETRA,11.2000,11.6600,11.1900,11.6150,1987641,
2026-05-28,TUI1.DE,XETRA,6.7500,6.9740,6.7380,6.8800,3135759,
2026-05-28,VOW3.DE,XETRA,91.8400,93.1000,91.4000,92.5600,572118,
2026-05-28,WAF.DE,XETRA,95.5000,98.1000,93.4000,95.9000,134680,
2026-05-28,ZAL.DE,XETRA,22.6300,22.9300,22.2600,22.7900,1197693,
2026-05-29,ADS.DE,XETRA,170.0000,170.3000,166.6000,166.6000,1645971,
2026-05-29,AFX.DE,XETRA,26.5800,26.6800,25.5400,25.8800,202435,
2026-05-29,AIR.DE,XETRA,180.8200,183.0000,178.9200,179.6200,279154,
2026-05-29,AIXA.DE,XETRA,59.4800,60.2200,57.7000,58.2400,717073,
2026-05-29,ALV.DE,XETRA,383.5000,384.2000,379.5000,381.6000,2162754,
2026-05-29,BAYN.DE,XETRA,38.2200,38.2200,35.9500,36.5300,7701911,
2026-05-29,BC8.DE,XETRA,31.4800,34.0600,31.3400,33.4200,757968,
2026-05-29,BMW.DE,XETRA,76.3000,76.6000,74.7600,74.7600,1961879,
2026-05-29,CBK.DE,XETRA,36.9800,37.4000,36.8300,37.0600,11851592,
2026-05-29,CON.DE,XETRA,71.9200,73.0000,71.3600,71.3600,869435,
2026-05-29,DBK.DE,XETRA,27.6600,28.0800,27.5950,27.8600,11042543,
2026-05-29,DHER.DE,XETRA,38.2800,38.8600,36.8800,36.9800,4707597,
2026-05-29,ENR.DE,XETRA,165.0000,165.0400,159.2400,163.2400,5124395,
2026-05-29,EOAN.DE,XETRA,18.0200,18.2000,17.9050,18.2000,15413297,
2026-05-29,EVT.DE,XETRA,5.2000,5.3100,5.1200,5.2800,1013420,
2026-05-29,FRE.DE,XETRA,37.0100,37.0400,36.2600,36.2700,3253791,
2026-05-29,HAG.DE,XETRA,89.9000,91.2600,87.2400,88.4200,740184,
2026-05-29,HFG.DE,XETRA,4.4110,4.5200,4.3040,4.3180,1025743,
2026-05-29,HNR1.DE,XETRA,236.2000,236.2000,231.2000,232.4000,500839,
2026-05-29,IFX.DE,XETRA,79.2200,83.1700,78.9500,81.1100,16232391,
2026-05-29,JEN.DE,XETRA,45.8200,46.4200,45.1000,46.0000,432168,
2026-05-29,KGX.DE,XETRA,43.6800,44.0500,43.3000,43.8500,395345,
2026-05-29,LHA.DE,XETRA,8.4900,8.6700,8.4820,8.5800,11277133,
2026-05-29,MBG.DE,XETRA,52.9400,53.1800,52.0400,52.1900,5540821,
2026-05-29,MRK.DE,XETRA,131.7500,131.8500,129.9500,130.8500,718510,
2026-05-29,MTX.DE,XETRA,318.0000,322.4000,311.7000,313.3000,384241,
2026-05-29,MUV2.DE,XETRA,458.6000,458.8000,450.6000,452.3000,884453,
2026-05-29,NDX1.DE,XETRA,41.7800,42.1600,41.0600,41.4000,776544,
2026-05-29,NEM.DE,XETRA,61.1500,62.0000,60.2000,61.8000,337673,
2026-05-29,P911.DE,XETRA,47.6900,48.0000,46.8900,46.8900,986883,
2026-05-29,PUM.DE,XETRA,30.2900,30.3100,28.8500,29.0700,783725,
2026-05-29,QIA.DE,XETRA,31.7600,31.9200,31.3750,31.6450,1307818,
2026-05-29,R3NK.DE,XETRA,56.3300,56.8500,55.2500,56.8500,789427,
2026-05-29,RHM.DE,XETRA,1286.0000,1304.8000,1281.4000,1293.4000,451405,
2026-05-29,RWE.DE,XETRA,54.6800,55.0200,54.2800,54.5600,7027097,
2026-05-29,S92.DE,XETRA,67.3500,67.9500,65.2500,65.7500,132523,
2026-05-29,SAP.DE,XETRA,151.1400,156.3400,150.2600,155.2600,7257453,
2026-05-29,SHL.DE,XETRA,35.1600,35.2500,34.7200,34.9200,1850162,
2026-05-29,SIE.DE,XETRA,272.8500,273.4000,269.4000,269.8000,1569616,
2026-05-29,SRT3.DE,XETRA,243.9000,249.8000,240.4000,245.1000,228223,
2026-05-29,SZG.DE,XETRA,61.0000,62.3500,59.9000,61.4000,429070,
2026-05-29,TKA.DE,XETRA,11.6800,11.9550,11.5700,11.7450,3611537,
2026-05-29,TUI1.DE,XETRA,6.9900,7.2180,6.9580,7.0700,6133430,
2026-05-29,VOW3.DE,XETRA,93.0200,93.7200,91.8200,91.8200,1281657,
2026-05-29,WAF.DE,XETRA,101.0000,108.8000,101.0000,104.7000,522292,
2026-05-29,ZAL.DE,XETRA,22.8100,23.7500,22.8100,23.2900,2752509,
2026-06-01,ADS.DE,XETRA,167.4000,168.0000,163.2000,165.0000,596130,
2026-06-01,AFX.DE,XETRA,25.8000,26.3800,25.5400,26.0200,191956,
2026-06-01,AIR.DE,XETRA,178.1000,178.4400,171.5800,173.2200,296319,
2026-06-01,AIXA.DE,XETRA,59.3200,59.3800,55.0000,55.6200,829509,
2026-06-01,ALV.DE,XETRA,379.9000,382.0000,371.2000,374.9000,698749,
2026-06-01,BAYN.DE,XETRA,36.4000,36.4000,35.0900,35.1300,3542019,
2026-06-01,BC8.DE,XETRA,33.7000,34.0600,33.1000,33.9600,236339,
2026-06-01,BMW.DE,XETRA,74.5000,75.7000,73.5400,73.7200,1367856,
2026-06-01,CBK.DE,XETRA,37.2700,38.1700,36.8700,36.9800,3669367,
2026-06-01,CON.DE,XETRA,71.7000,72.8600,70.6800,70.7200,395366,
2026-06-01,DBK.DE,XETRA,27.7500,27.8550,27.2100,27.5200,5455163,
2026-06-01,DHER.DE,XETRA,36.5100,38.4000,36.1300,37.6700,1785387,
2026-06-01,ENR.DE,XETRA,164.3800,166.8000,159.0400,160.0000,2599221,
2026-06-01,EOAN.DE,XETRA,18.0100,18.2200,17.8950,18.0050,2857087,
2026-06-01,EVT.DE,XETRA,5.2600,5.3200,5.1700,5.3050,536929,
2026-06-01,FRE.DE,XETRA,36.1000,36.3000,35.4500,35.4500,1390665,
2026-06-01,HAG.DE,XETRA,89.3600,89.3600,82.3000,83.2800,539686,
2026-06-01,HFG.DE,XETRA,4.4000,4.4600,4.2610,4.3430,860673,
2026-06-01,HNR1.DE,XETRA,230.2000,231.2000,227.0000,227.4000,236423,
2026-06-01,IFX.DE,XETRA,82.5000,83.9700,78.7800,80.3500,7449371,
2026-06-01,JEN.DE,XETRA,46.6800,46.6800,44.9400,45.9000,221689,
2026-06-01,KGX.DE,XETRA,43.7300,43.7300,41.2400,41.6000,244910,
2026-06-01,LHA.DE,XETRA,8.5500,8.5540,8.2460,8.3200,5372601,
2026-06-01,MBG.DE,XETRA,51.9000,53.1900,51.1400,51.4400,3442319,
2026-06-01,MRK.DE,XETRA,130.0000,132.1000,128.8500,130.8500,325094,
2026-06-01,MTX.DE,XETRA,311.5000,313.0000,301.1000,301.8000,160616,
2026-06-01,MUV2.DE,XETRA,450.1000,452.1000,442.2000,444.9000,419062,
2026-06-01,NDX1.DE,XETRA,41.3400,42.8200,41.3200,42.5200,740140,
2026-06-01,NEM.DE,XETRA,63.4000,67.2000,62.8000,67.2000,354638,
2026-06-01,P911.DE,XETRA,46.8900,48.1800,46.6700,47.0800,320454,
2026-06-01,PUM.DE,XETRA,29.3600,29.3600,27.6700,27.8100,900165,
2026-06-01,QIA.DE,XETRA,31.2200,31.4750,30.5250,30.8150,363474,
2026-06-01,R3NK.DE,XETRA,56.5000,56.6100,50.4000,52.3900,890454,
2026-06-01,RHM.DE,XETRA,1296.0000,1298.8000,1207.0000,1207.0000,300167,
2026-06-01,RWE.DE,XETRA,54.5000,55.8600,54.5000,55.2400,1194218,
2026-06-01,S92.DE,XETRA,66.5000,67.7000,64.3000,65.0000,71804,
2026-06-01,SAP.DE,XETRA,157.5200,168.8400,157.3600,167.9000,5267172,
2026-06-01,SHL.DE,XETRA,34.5400,35.0100,34.1400,34.2600,1013182,
2026-06-01,SIE.DE,XETRA,270.0500,275.5000,268.9000,272.6500,952139,
2026-06-01,SRT3.DE,XETRA,244.3000,246.4000,240.0000,243.9000,80501,
2026-06-01,SZG.DE,XETRA,60.9500,62.8500,60.1000,61.5500,130490,
2026-06-01,TKA.DE,XETRA,11.6850,11.7450,11.3000,11.4250,1593370,
2026-06-01,TUI1.DE,XETRA,7.0480,7.1200,6.7860,6.8120,5084212,
2026-06-01,VOW3.DE,XETRA,91.2800,93.1200,90.2600,90.5600,844973,
2026-06-01,WAF.DE,XETRA,105.4000,106.6000,97.9500,98.1500,145040,
2026-06-01,ZAL.DE,XETRA,23.2100,23.5700,22.6900,22.9300,1321584,
2026-06-02,ADS.DE,XETRA,166.7500,169.2000,165.4000,166.8500,606438,
2026-06-02,AFX.DE,XETRA,26.0000,26.7800,25.9000,26.1000,133334,
2026-06-02,AIR.DE,XETRA,174.8400,176.3000,172.1800,172.6000,206242,
2026-06-02,AIXA.DE,XETRA,56.4000,58.6000,54.3400,57.9200,879012,
2026-06-02,ALV.DE,XETRA,374.7000,377.6000,372.8000,376.7000,440995,
2026-06-02,BAYN.DE,XETRA,35.0100,35.0100,32.9600,34.1000,5983600,
2026-06-02,BC8.DE,XETRA,34.0800,34.7000,33.3400,33.6800,261012,
2026-06-02,BMW.DE,XETRA,74.1000,74.9800,72.5600,72.9800,1333090,
2026-06-02,CBK.DE,XETRA,37.1400,37.8800,37.1100,37.1700,2969910,
2026-06-02,CON.DE,XETRA,71.3200,72.9000,71.3200,72.8600,349895,
2026-06-02,DBK.DE,XETRA,27.7550,28.2000,27.7400,27.9500,3928091,
2026-06-02,DHER.DE,XETRA,37.6700,39.0000,37.6200,38.3300,1070205,
2026-06-02,ENR.DE,XETRA,162.4600,163.0000,157.0200,158.5200,2998149,
2026-06-02,EOAN.DE,XETRA,17.9750,18.1800,17.7950,17.7950,3048757,
2026-06-02,EVT.DE,XETRA,5.3100,5.3300,5.0750,5.0950,474317,
2026-06-02,FRE.DE,XETRA,35.7500,36.7900,35.1100,36.4500,2488950,
2026-06-02,HAG.DE,XETRA,85.4200,85.9200,80.0600,80.0600,465768,
2026-06-02,HFG.DE,XETRA,4.3500,4.4700,4.1870,4.2300,1078501,
2026-06-02,HNR1.DE,XETRA,226.4000,227.6000,223.4000,225.2000,172655,
2026-06-02,IFX.DE,XETRA,82.5200,88.4600,82.5000,88.0000,7294667,
2026-06-02,JEN.DE,XETRA,45.8200,47.4000,45.8000,47.0200,238016,
2026-06-02,KGX.DE,XETRA,41.9300,42.6300,41.4000,42.6100,335540,
2026-06-02,LHA.DE,XETRA,8.4560,8.5080,8.3460,8.3600,2654736,
2026-06-02,MBG.DE,XETRA,51.6000,52.0200,50.9100,51.6700,1460842,
2026-06-02,MRK.DE,XETRA,131.9000,132.3000,129.8500,130.7500,285652,
2026-06-02,MTX.DE,XETRA,307.8000,310.8000,299.3000,300.2000,111310,
2026-06-02,MUV2.DE,XETRA,444.8000,446.7000,437.4000,442.4000,362272,
2026-06-02,NDX1.DE,XETRA,42.5200,42.8600,40.8600,40.8600,510488,
2026-06-02,NEM.DE,XETRA,67.8000,70.9000,64.9500,65.4000,576604,
2026-06-02,P911.DE,XETRA,47.1500,48.1000,47.1500,47.8900,358069,
2026-06-02,PUM.DE,XETRA,28.0200,28.2700,27.2700,27.4800,860307,
2026-06-02,QIA.DE,XETRA,30.9150,31.4200,30.6700,30.7050,439765,
2026-06-02,R3NK.DE,XETRA,53.6500,53.6500,49.1250,50.0100,700704,
2026-06-02,RHM.DE,XETRA,1215.0000,1220.0000,1161.8000,1190.0000,286055,
2026-06-02,RWE.DE,XETRA,55.3000,55.7400,54.7600,55.1200,1192784,
2026-06-02,S92.DE,XETRA,65.1000,65.6500,62.6500,64.4000,115046,
2026-06-02,SAP.DE,XETRA,170.0000,173.2400,160.5400,162.8600,4129222,
2026-06-02,SHL.DE,XETRA,34.4200,34.7400,33.9200,34.0400,699164,
2026-06-02,SIE.DE,XETRA,275.0000,280.2000,275.0000,278.7000,851124,
2026-06-02,SRT3.DE,XETRA,246.3000,251.8000,240.4000,242.9000,79810,
2026-06-02,SZG.DE,XETRA,65.0000,67.3000,63.2000,65.3000,164188,
2026-06-02,TKA.DE,XETRA,11.6000,11.7600,11.3350,11.7100,2014786,
2026-06-02,TUI1.DE,XETRA,6.9160,7.0100,6.8320,6.8480,2709696,
2026-06-02,VOW3.DE,XETRA,91.4800,91.9800,89.8200,91.0200,792851,
2026-06-02,WAF.DE,XETRA,99.4500,105.0000,99.4500,103.6000,138372,
2026-06-02,ZAL.DE,XETRA,23.1200,24.0800,23.0400,23.5800,1693028,
2026-06-03,ADS.DE,XETRA,165.7000,166.4000,161.6000,161.6000,553769,
2026-06-03,AFX.DE,XETRA,25.8400,26.2600,25.5000,26.2400,116086,
2026-06-03,AIR.DE,XETRA,170.7000,171.0000,167.9000,169.3200,271506,
2026-06-03,AIXA.DE,XETRA,58.1400,60.8000,57.1000,60.3200,626615,
2026-06-03,ALV.DE,XETRA,373.6000,374.9000,368.3000,368.6000,696160,
2026-06-03,BAYN.DE,XETRA,33.6400,34.7700,33.5300,34.7000,3013210,
2026-06-03,BC8.DE,XETRA,33.4400,33.5800,32.5400,32.6000,201454,
2026-06-03,BMW.DE,XETRA,72.1000,72.1400,71.1200,71.3200,1411136,
2026-06-03,CBK.DE,XETRA,36.9000,37.1500,36.4100,36.4100,2715159,
2026-06-03,CON.DE,XETRA,72.5400,72.6400,70.8200,70.8200,469801,
2026-06-03,DBK.DE,XETRA,27.5700,27.7050,26.4450,26.9300,7948005,
2026-06-03,DHER.DE,XETRA,37.8200,39.4600,37.8100,38.4900,968785,
2026-06-03,ENR.DE,XETRA,154.2000,161.8600,151.7600,160.1600,2215794,
2026-06-03,EOAN.DE,XETRA,17.8050,18.2050,17.8000,18.1050,2989684,
2026-06-03,EVT.DE,XETRA,5.1300,5.1350,4.9860,5.0250,578438,
2026-06-03,FRE.DE,XETRA,36.1700,36.2300,35.1900,35.9600,1683779,
2026-06-03,HAG.DE,XETRA,79.5200,79.7600,78.1000,79.2800,315841,
2026-06-03,HFG.DE,XETRA,4.2220,4.2530,4.0290,4.0570,670730,
2026-06-03,HNR1.DE,XETRA,224.8000,226.2000,224.0000,224.4000,154216,
2026-06-03,IFX.DE,XETRA,87.5600,88.2700,85.0200,88.0000,7303465,
2026-06-03,JEN.DE,XETRA,47.1200,48.3000,46.4000,47.7600,174389,
2026-06-03,KGX.DE,XETRA,42.1800,42.1800,40.5900,40.9000,283235,
2026-06-03,LHA.DE,XETRA,8.2800,8.3840,8.2360,8.3140,2930397,
2026-06-03,MBG.DE,XETRA,50.9300,50.9600,49.7200,49.9550,1957678,
2026-06-03,MRK.DE,XETRA,131.7000,133.7500,130.5000,133.5000,351158,
2026-06-03,MTX.DE,XETRA,296.3000,296.8000,290.8000,294.0000,134841,
2026-06-03,MUV2.DE,XETRA,440.4000,443.8000,437.9000,439.0000,308718,
2026-06-03,NDX1.DE,XETRA,40.6400,41.3600,39.7200,41.0000,535384,
2026-06-03,NEM.DE,XETRA,65.2000,65.7000,61.3000,62.0000,303051,
2026-06-03,P911.DE,XETRA,47.6300,47.8000,47.0400,47.5800,324441,
2026-06-03,PUM.DE,XETRA,27.0400,27.1900,26.3400,26.4400,883786,
2026-06-03,QIA.DE,XETRA,30.1750,31.0050,30.1750,30.9750,526401,
2026-06-03,R3NK.DE,XETRA,49.6150,52.2500,49.5900,51.3500,379587,
2026-06-03,RHM.DE,XETRA,1180.0000,1200.4000,1158.6000,1200.4000,194598,
2026-06-03,RWE.DE,XETRA,55.0600,57.3400,55.0000,57.1400,1457319,
2026-06-03,S92.DE,XETRA,64.0000,64.9500,63.2000,64.2000,69886,
2026-06-03,SAP.DE,XETRA,164.4800,165.5400,155.4600,155.9400,2462389,
2026-06-03,SHL.DE,XETRA,33.8900,33.9500,33.5000,33.5000,1055169,
2026-06-03,SIE.DE,XETRA,274.1500,277.0500,273.6500,275.0000,1048073,
2026-06-03,SRT3.DE,XETRA,242.5000,244.0000,237.8000,244.0000,64588,
2026-06-03,SZG.DE,XETRA,65.6500,66.7500,64.2500,66.0500,94985,
2026-06-03,TKA.DE,XETRA,11.6300,11.8500,11.4650,11.8300,1999100,
2026-06-03,TUI1.DE,XETRA,6.7800,6.8780,6.7280,6.8320,3309021,
2026-06-03,VOW3.DE,XETRA,89.8000,89.8600,88.1000,89.3200,985037,
2026-06-03,WAF.DE,XETRA,104.0000,105.8000,102.5000,104.5000,92603,
2026-06-03,ZAL.DE,XETRA,23.4300,24.3800,23.2200,23.3600,1712215,
2026-06-04,ADS.DE,XETRA,162.2000,163.5000,160.0500,160.5500,442622,
2026-06-04,AFX.DE,XETRA,26.6200,26.8600,26.3000,26.6400,144027,
2026-06-04,AIR.DE,XETRA,170.2400,177.0800,169.8000,177.0200,248577,
2026-06-04,AIXA.DE,XETRA,59.6600,59.9000,56.5600,57.4000,702020,
2026-06-04,ALV.DE,XETRA,370.7000,373.2000,369.3000,371.3000,483718,
2026-06-04,BAYN.DE,XETRA,34.9300,35.6700,34.5200,35.5600,3159759,
2026-06-04,BC8.DE,XETRA,32.4800,33.3000,32.4800,32.9800,142070,
2026-06-04,BMW.DE,XETRA,71.5000,72.1000,69.9000,70.2400,1311482,
2026-06-04,CBK.DE,XETRA,36.4000,37.2300,36.4000,36.6700,1752735,
2026-06-04,CON.DE,XETRA,71.0800,71.2400,68.8200,69.1200,377050,
2026-06-04,DBK.DE,XETRA,27.0550,27.8000,27.0500,27.7350,4200003,
2026-06-04,DHER.DE,XETRA,38.4300,39.0500,37.9700,38.1100,898921,
2026-06-04,ENR.DE,XETRA,161.2000,161.3800,155.9000,159.4800,1673571,
2026-06-04,EOAN.DE,XETRA,18.1450,18.1800,17.9450,18.0600,2801935,
2026-06-04,EVT.DE,XETRA,5.0250,5.1150,4.9940,5.1150,365399,
2026-06-04,FRE.DE,XETRA,36.2000,36.7800,36.0200,36.6700,1408603,
2026-06-04,HAG.DE,XETRA,78.8800,79.5400,77.0800,78.8200,208495,
2026-06-04,HFG.DE,XETRA,4.0620,4.1600,4.0520,4.1390,371881,
2026-06-04,HNR1.DE,XETRA,225.4000,229.2000,224.4000,225.0000,209156,
2026-06-04,IFX.DE,XETRA,86.9900,87.1500,82.2600,85.0500,6624548,
2026-06-04,JEN.DE,XETRA,47.4800,47.4800,45.7400,46.3000,184160,
2026-06-04,KGX.DE,XETRA,41.0800,41.5700,40.7100,40.9000,229418,
2026-06-04,LHA.DE,XETRA,8.3660,8.5520,8.3640,8.4520,5440620,
2026-06-04,MBG.DE,XETRA,50.0800,50.5900,49.0600,49.0750,1850490,
2026-06-04,MRK.DE,XETRA,134.0000,139.5000,133.9500,139.5000,462101,
2026-06-04,MTX.DE,XETRA,294.7000,301.0000,294.7000,300.6000,113417,
2026-06-04,MUV2.DE,XETRA,439.0000,445.0000,438.0000,441.2000,307838,
2026-06-04,NDX1.DE,XETRA,41.7000,41.7000,40.1400,40.8800,309591,
2026-06-04,NEM.DE,XETRA,61.4000,67.4500,61.4000,67.4500,365836,
2026-06-04,P911.DE,XETRA,47.6400,48.3300,47.0600,48.3300,473354,
2026-06-04,PUM.DE,XETRA,27.5100,28.6100,27.2000,27.6400,894595,
2026-06-04,QIA.DE,XETRA,31.3150,32.7000,31.1450,32.6300,881756,
2026-06-04,R3NK.DE,XETRA,51.3800,51.8400,50.5500,51.2300,183353,
2026-06-04,RHM.DE,XETRA,1194.2000,1209.2000,1176.8000,1190.2000,155174,
2026-06-04,RWE.DE,XETRA,57.0000,57.0000,55.8000,55.8000,1052060,
2026-06-04,S92.DE,XETRA,64.5000,65.0000,61.9000,62.4000,65632,
2026-06-04,SAP.DE,XETRA,156.2200,165.5600,156.2200,164.5000,3249594,
2026-06-04,SHL.DE,XETRA,33.9500,34.8300,33.7700,34.6500,1201282,
2026-06-04,SIE.DE,XETRA,276.0000,276.9500,269.5000,272.0500,792358,
2026-06-04,SRT3.DE,XETRA,246.0000,250.5000,243.6000,249.8000,77317,
2026-06-04,SZG.DE,XETRA,66.3000,67.6000,65.1000,66.5500,75484,
2026-06-04,TKA.DE,XETRA,11.8300,12.2350,11.6600,11.7350,2122133,
2026-06-04,TUI1.DE,XETRA,6.8500,7.0120,6.8220,6.8860,2807132,
2026-06-04,VOW3.DE,XETRA,89.4000,90.2000,88.4200,88.6000,870930,
2026-06-04,WAF.DE,XETRA,104.5000,106.0000,98.3000,100.2000,119642,
2026-06-04,ZAL.DE,XETRA,23.3800,23.8900,23.3100,23.7700,971464,
2026-06-05,ADS.DE,XETRA,160.7000,164.6000,160.7000,161.4500,459153,
2026-06-05,AFX.DE,XETRA,26.4400,26.9800,26.4000,26.7400,179754,
2026-06-05,AIR.DE,XETRA,178.3800,179.6600,176.8400,179.0000,244612,
2026-06-05,AIXA.DE,XETRA,55.6000,55.8200,54.0400,54.6400,900338,
2026-06-05,ALV.DE,XETRA,371.7000,373.4000,370.8000,372.8000,381342,
2026-06-05,BAYN.DE,XETRA,35.4400,36.3600,35.3000,36.1600,2211444,
2026-06-05,BC8.DE,XETRA,32.9800,33.7600,32.2800,32.2800,163804,
2026-06-05,BMW.DE,XETRA,70.1800,71.0600,70.0800,70.3800,1211685,
2026-06-05,CBK.DE,XETRA,36.5500,37.2600,36.5300,37.1000,2128420,
2026-06-05,CON.DE,XETRA,68.8600,69.3000,68.1800,68.6800,383277,
2026-06-05,DBK.DE,XETRA,27.7200,28.0400,27.5100,27.5300,2978993,
2026-06-05,DHER.DE,XETRA,37.7800,39.2500,37.7800,39.2500,1692021,
2026-06-05,ENR.DE,XETRA,159.1200,159.4400,156.4000,158.0200,1864588,
2026-06-05,EOAN.DE,XETRA,18.2600,18.3800,18.1200,18.2750,2673178,
2026-06-05,EVT.DE,XETRA,5.1200,5.1950,4.9320,4.9320,593705,
2026-06-05,FRE.DE,XETRA,36.6700,37.5200,36.6500,37.2600,1146240,
2026-06-05,HAG.DE,XETRA,79.3600,80.3400,78.0200,78.7800,230664,
2026-06-05,HFG.DE,XETRA,4.1410,4.2970,4.1100,4.1990,434246,
2026-06-05,HNR1.DE,XETRA,226.0000,228.2000,225.6000,227.2000,0,
2026-06-05,IFX.DE,XETRA,80.5000,81.9200,76.9300,77.3000,8277564,
2026-06-05,JEN.DE,XETRA,45.8000,45.8200,43.9800,44.2600,312964,
2026-06-05,KGX.DE,XETRA,40.5000,41.5600,40.3400,40.4000,264060,
2026-06-05,LHA.DE,XETRA,8.4400,8.4920,8.3480,8.4360,3070380,
2026-06-05,MBG.DE,XETRA,49.1800,49.3300,47.8600,47.9950,2316429,
2026-06-05,MRK.DE,XETRA,138.4000,140.2500,136.8000,136.8500,416607,
2026-06-05,MTX.DE,XETRA,300.0000,304.9000,297.8000,301.8000,120210,
2026-06-05,MUV2.DE,XETRA,443.7000,450.6000,443.5000,448.1000,306631,
2026-06-05,NDX1.DE,XETRA,40.8400,41.2400,40.3000,40.8200,481433,
2026-06-05,NEM.DE,XETRA,67.0000,69.7500,64.3500,64.4500,357709,
2026-06-05,P911.DE,XETRA,47.8000,48.2600,46.7300,46.8600,352508,
2026-06-05,PUM.DE,XETRA,27.5800,27.8300,26.7400,26.7400,445423,
2026-06-05,QIA.DE,XETRA,32.2800,32.6600,31.8350,31.9200,516941,
2026-06-05,R3NK.DE,XETRA,51.2900,52.0000,50.4300,51.8500,245815,
2026-06-05,RHM.DE,XETRA,1187.0000,1221.2000,1180.8000,1209.8000,146109,
2026-06-05,RWE.DE,XETRA,56.5600,56.5600,55.8600,56.0000,1136976,
2026-06-05,S92.DE,XETRA,61.9000,62.1000,59.7000,59.7000,79574,
2026-06-05,SAP.DE,XETRA,163.7400,168.7400,161.4800,161.4800,2968649,
2026-06-05,SHL.DE,XETRA,34.7000,35.1500,34.6600,34.8400,1057063,
2026-06-05,SIE.DE,XETRA,272.3500,272.4000,267.9500,268.8000,654828,
2026-06-05,SRT3.DE,XETRA,246.4000,247.9000,236.7000,236.7000,109230,
2026-06-05,SZG.DE,XETRA,66.5000,66.5500,62.8000,62.8000,0,
2026-06-05,TKA.DE,XETRA,11.6550,11.7500,11.5250,11.6200,1639022,
2026-06-05,TUI1.DE,XETRA,6.8700,6.9800,6.8380,6.8440,2631917,
2026-06-05,VOW3.DE,XETRA,89.0000,89.1000,87.5400,87.8400,827145,
2026-06-05,WAF.DE,XETRA,97.0000,97.0000,90.7000,91.3000,140443,
2026-06-05,ZAL.DE,XETRA,23.6800,24.8600,23.5900,24.6400,1620253,
2026-06-08,ADS.DE,XETRA,159.3500,166.3500,158.4500,164.5500,565860,
2026-06-08,AFX.DE,XETRA,26.3800,26.5800,25.9000,26.2400,117239,
2026-06-08,AIR.DE,XETRA,173.4600,179.2400,172.7800,176.9200,195064,
2026-06-08,AIXA.DE,XETRA,51.7600,56.8800,50.9800,56.4600,877338,
2026-06-08,ALV.DE,XETRA,372.2000,375.6000,371.5000,374.1000,519904,
2026-06-08,BAYN.DE,XETRA,35.8000,36.2700,35.3900,35.6900,2443310,
2026-06-08,BC8.DE,XETRA,32.2600,32.8400,31.6200,32.8400,199606,
2026-06-08,BMW.DE,XETRA,69.7400,70.2400,68.9800,69.7400,1175687,
2026-06-08,CBK.DE,XETRA,36.4200,37.0000,36.1900,36.4000,2806022,
2026-06-08,CON.DE,XETRA,67.4000,68.6200,66.8000,68.6200,484446,
2026-06-08,DBK.DE,XETRA,27.0850,27.7100,27.0850,27.3100,3426458,
2026-06-08,DHER.DE,XETRA,38.4000,39.8300,38.1200,38.5000,993312,
2026-06-08,ENR.DE,XETRA,153.8000,159.9800,153.5800,157.6400,1608152,
2026-06-08,EOAN.DE,XETRA,18.3250,18.4000,18.1250,18.1650,2769116,
2026-06-08,EVT.DE,XETRA,4.8280,4.9320,4.7660,4.9320,366540,
2026-06-08,FRE.DE,XETRA,36.9000,37.2500,36.7700,36.9200,1060310,
2026-06-08,HAG.DE,XETRA,77.2200,79.5400,77.0000,77.8000,221427,
2026-06-08,HFG.DE,XETRA,4.1190,4.2330,4.0720,4.2270,225486,
2026-06-08,HNR1.DE,XETRA,227.8000,229.2000,224.8000,225.2000,141062,
2026-06-08,IFX.DE,XETRA,74.7000,79.5800,74.0200,78.2400,6849041,
2026-06-08,JEN.DE,XETRA,42.7000,44.4800,42.3400,43.9600,233192,
2026-06-08,KGX.DE,XETRA,39.0700,39.8000,38.4600,38.9800,368275,
2026-06-08,LHA.DE,XETRA,8.2140,8.4740,8.1160,8.2800,4443764,
2026-06-08,MBG.DE,XETRA,47.5350,48.3550,47.1500,48.3550,1989934,
2026-06-08,MRK.DE,XETRA,135.5500,137.6000,135.3000,137.4500,320174,
2026-06-08,MTX.DE,XETRA,292.0000,304.2000,289.8000,302.1000,188072,
2026-06-08,MUV2.DE,XETRA,450.6000,451.5000,446.0000,448.9000,295807,
2026-06-08,NDX1.DE,XETRA,40.3800,41.9000,40.3800,40.6400,382372,
2026-06-08,NEM.DE,XETRA,63.5500,64.4000,62.7500,63.4500,201177,
2026-06-08,P911.DE,XETRA,47.5600,48.4900,47.3000,47.9400,663095,
2026-06-08,PUM.DE,XETRA,26.4500,27.0900,26.2800,26.9000,374283,
2026-06-08,QIA.DE,XETRA,31.4500,31.9750,31.2550,31.7450,425942,
2026-06-08,R3NK.DE,XETRA,50.5500,51.4400,50.4500,50.5500,193428,
2026-06-08,RHM.DE,XETRA,1196.4000,1220.0000,1181.8000,1199.8000,121555,
2026-06-08,RWE.DE,XETRA,56.1000,56.9200,55.6400,56.1000,897369,
2026-06-08,S92.DE,XETRA,58.4500,59.3500,55.8000,57.2000,150303,
2026-06-08,SAP.DE,XETRA,160.0600,161.0800,157.3200,158.1000,2043998,
2026-06-08,SHL.DE,XETRA,34.4000,34.6300,34.2000,34.3700,968805,
2026-06-08,SIE.DE,XETRA,263.0000,268.3500,259.7500,268.0000,925694,
2026-06-08,SRT3.DE,XETRA,234.0000,241.1000,232.3000,240.3000,65748,
2026-06-08,SZG.DE,XETRA,61.1000,63.2500,60.2000,62.1500,110550,
2026-06-08,TKA.DE,XETRA,11.3700,11.5950,11.3050,11.3550,1575848,
2026-06-08,TUI1.DE,XETRA,6.7380,6.8340,6.6780,6.7260,2236481,
2026-06-08,VOW3.DE,XETRA,87.4800,88.5000,86.7600,87.9000,769304,
2026-06-08,WAF.DE,XETRA,87.9000,96.0000,86.8500,95.8500,117462,
2026-06-08,ZAL.DE,XETRA,24.0900,24.4500,23.8300,24.0100,1341196,
2026-06-09,ADS.DE,XETRA,164.3500,169.7000,164.1000,167.3500,630172,
2026-06-09,AFX.DE,XETRA,26.1000,26.1600,25.5000,25.7800,160411,
2026-06-09,AIR.DE,XETRA,176.6600,179.0200,173.7400,175.6800,287504,
2026-06-09,AIXA.DE,XETRA,57.6800,58.6000,55.1000,55.1000,728447,
2026-06-09,ALV.DE,XETRA,373.0000,381.3000,373.0000,377.9000,525825,
2026-06-09,BAYN.DE,XETRA,35.1500,35.8300,34.8100,35.4900,2325587,
2026-06-09,BC8.DE,XETRA,32.8400,32.8400,31.5400,31.5400,364615,
2026-06-09,BMW.DE,XETRA,69.4000,70.0800,68.7200,68.7200,1267492,
2026-06-09,CBK.DE,XETRA,36.3600,37.4600,36.3600,36.9700,3078203,
2026-06-09,CON.DE,XETRA,68.6000,69.9200,67.9800,68.3400,525510,
2026-06-09,DBK.DE,XETRA,27.2750,28.0850,27.2750,27.3500,5031691,
2026-06-09,DHER.DE,XETRA,38.3200,38.9800,37.9800,37.9800,769837,
2026-06-09,ENR.DE,XETRA,158.8200,159.5200,148.3000,148.3000,3403833,
2026-06-09,EOAN.DE,XETRA,18.1150,18.1800,17.9750,18.0150,3436958,
2026-06-09,EVT.DE,XETRA,4.9100,4.9100,4.7500,4.7500,441689,
2026-06-09,FRE.DE,XETRA,36.6800,37.6500,36.6400,37.1700,1181737,
2026-06-09,HAG.DE,XETRA,77.7000,79.4400,75.7400,77.8600,300439,
2026-06-09,HFG.DE,XETRA,4.2150,4.2900,4.1160,4.2080,485712,
2026-06-09,HNR1.DE,XETRA,224.0000,228.2000,224.0000,228.2000,146813,
2026-06-09,IFX.DE,XETRA,80.0000,81.7800,75.6600,75.6600,5824771,
2026-06-09,JEN.DE,XETRA,44.4000,44.8200,43.2400,43.6400,254169,
2026-06-09,KGX.DE,XETRA,38.8100,39.5300,38.3500,38.5400,247061,
2026-06-09,LHA.DE,XETRA,8.2340,8.3640,8.0760,8.0920,6065090,
2026-06-09,MBG.DE,XETRA,48.2400,48.5350,47.7050,47.7050,2104399,
2026-06-09,MRK.DE,XETRA,136.9500,139.1000,136.4000,138.1500,295752,
2026-06-09,MTX.DE,XETRA,301.0000,308.2000,296.4000,303.5000,176203,
2026-06-09,MUV2.DE,XETRA,449.0000,457.3000,448.6000,456.2000,323493,
2026-06-09,NDX1.DE,XETRA,40.2200,40.8400,39.3000,39.3200,522247,
2026-06-09,NEM.DE,XETRA,62.8000,63.5000,61.4000,62.5000,232834,
2026-06-09,P911.DE,XETRA,48.1700,48.9800,47.9000,48.2900,502584,
2026-06-09,PUM.DE,XETRA,26.6900,27.6300,26.6400,27.0000,511078,
2026-06-09,QIA.DE,XETRA,31.5500,31.9400,31.3450,31.7400,461379,
2026-06-09,R3NK.DE,XETRA,50.3000,51.5700,49.5300,51.5700,351398,
2026-06-09,RHM.DE,XETRA,1194.0000,1230.0000,1172.0000,1207.2000,159435,
2026-06-09,RWE.DE,XETRA,55.9400,56.7600,55.5800,56.0400,1284177,
2026-06-09,S92.DE,XETRA,57.0000,57.1500,51.0000,51.3500,186584,
2026-06-09,SAP.DE,XETRA,157.0000,157.9400,153.7400,154.7000,2387460,
2026-06-09,SHL.DE,XETRA,34.2100,35.1300,34.1500,35.0900,989059,
2026-06-09,SIE.DE,XETRA,266.9500,271.0500,262.6500,264.3000,944365,
2026-06-09,SRT3.DE,XETRA,241.6000,242.6000,235.7000,235.7000,50394,
2026-06-09,SZG.DE,XETRA,62.0500,62.0500,56.5500,56.8500,266641,
2026-06-09,TKA.DE,XETRA,11.3000,11.3650,10.8600,10.8750,2424059,
2026-06-09,TUI1.DE,XETRA,6.7520,6.8400,6.6000,6.6120,3250668,
2026-06-09,VOW3.DE,XETRA,87.8000,88.6400,86.9400,87.2800,824864,
2026-06-09,WAF.DE,XETRA,96.6000,96.8500,88.5000,89.1000,125470,
2026-06-09,ZAL.DE,XETRA,23.9900,24.6700,23.9600,24.5000,1516226,
2026-06-10,ADS.DE,XETRA,170.0000,172.6000,167.5000,172.1000,809716,
2026-06-10,AFX.DE,XETRA,25.7800,25.8800,25.2600,25.7000,127131,
2026-06-10,AIR.DE,XETRA,176.0600,176.6600,171.8400,174.7400,218472,
2026-06-10,AIXA.DE,XETRA,54.3200,55.9000,52.8200,53.8600,809922,
2026-06-10,ALV.DE,XETRA,379.4000,382.6000,376.6000,381.5000,539632,
2026-06-10,BAYN.DE,XETRA,35.7300,35.8000,35.0400,35.3700,1640161,
2026-06-10,BC8.DE,XETRA,31.6000,31.9200,30.6600,31.1200,197049,
2026-06-10,BMW.DE,XETRA,69.0000,69.4200,67.3600,67.6200,1394234,
2026-06-10,CBK.DE,XETRA,36.8500,37.4500,35.9900,36.2200,3374971,
2026-06-10,CON.DE,XETRA,68.3600,68.8200,67.6600,68.5400,448440,
2026-06-10,DBK.DE,XETRA,27.5000,27.6100,26.8400,27.0950,4704131,
2026-06-10,DHER.DE,XETRA,37.7200,38.3100,36.5100,36.9400,915710,
2026-06-10,ENR.DE,XETRA,148.5400,149.1800,138.6800,138.6800,5097741,
2026-06-10,EOAN.DE,XETRA,17.9550,18.2050,17.8250,18.0000,3164136,
2026-06-10,EVT.DE,XETRA,4.7520,4.7840,4.5880,4.5920,367305,
2026-06-10,FRE.DE,XETRA,37.4600,37.8600,37.4100,37.6900,1339913,
2026-06-10,HAG.DE,XETRA,78.3200,79.8400,77.4000,77.9000,270621,
2026-06-10,HFG.DE,XETRA,4.2530,4.2780,4.0300,4.1060,778859,
2026-06-10,HNR1.DE,XETRA,228.4000,231.2000,227.6000,230.8000,138944,
2026-06-10,IFX.DE,XETRA,76.2900,77.9900,74.6000,75.1000,4992246,
2026-06-10,JEN.DE,XETRA,43.0000,43.6600,41.6400,42.6400,167571,
2026-06-10,KGX.DE,XETRA,38.5000,38.5000,37.1100,37.7700,309564,
2026-06-10,LHA.DE,XETRA,8.0900,8.1400,7.9540,8.0440,4622406,
2026-06-10,MBG.DE,XETRA,47.7050,48.1500,47.0250,47.1100,1820905,
2026-06-10,MRK.DE,XETRA,138.2000,139.0000,136.1000,136.4500,384517,
2026-06-10,MTX.DE,XETRA,302.8000,304.8000,295.4000,300.3000,144891,
2026-06-10,MUV2.DE,XETRA,458.8000,461.1000,453.9000,460.3000,281834,
2026-06-10,NDX1.DE,XETRA,39.0000,39.1000,37.5400,38.2000,1026902,
2026-06-10,NEM.DE,XETRA,62.4000,62.7000,59.4000,61.3000,312428,
2026-06-10,P911.DE,XETRA,48.3500,48.5500,47.0700,47.7300,567676,
2026-06-10,PUM.DE,XETRA,26.9800,27.2400,26.2600,26.8800,555877,
2026-06-10,QIA.DE,XETRA,32.3200,32.4200,31.7200,32.2650,861228,
2026-06-10,R3NK.DE,XETRA,51.0200,52.1200,50.3200,50.4800,257631,
2026-06-10,RHM.DE,XETRA,1211.0000,1216.4000,1187.6000,1197.2000,142201,
2026-06-10,RWE.DE,XETRA,55.8200,56.6600,55.3000,55.6000,1293298,
2026-06-10,S92.DE,XETRA,50.7500,52.3500,49.0800,49.0800,159113,
2026-06-10,SAP.DE,XETRA,154.1000,154.3200,146.1400,149.7000,3601973,
2026-06-10,SHL.DE,XETRA,35.2000,35.4400,34.5000,35.1000,1164013,
2026-06-10,SIE.DE,XETRA,264.8500,265.0500,256.3500,258.4000,1186472,
2026-06-10,SRT3.DE,XETRA,242.7000,242.8000,234.3000,236.3000,53446,
2026-06-10,SZG.DE,XETRA,56.6000,56.6000,53.1000,54.1500,229258,
2026-06-10,TKA.DE,XETRA,10.8250,10.8800,10.2800,10.6500,2335201,
2026-06-10,TUI1.DE,XETRA,6.6820,6.7080,6.5060,6.5160,3438142,
2026-06-10,VOW3.DE,XETRA,87.5800,87.9200,86.2800,86.3000,1094005,
2026-06-10,WAF.DE,XETRA,88.2000,88.5000,84.7500,85.5000,149459,
2026-06-10,ZAL.DE,XETRA,24.4400,25.1500,24.3500,25.1500,1328542,
2026-06-11,ADS.DE,XETRA,171.5000,175.0000,171.4500,173.3000,650956,
2026-06-11,AFX.DE,XETRA,25.3400,25.5800,24.4800,24.8200,180358,
2026-06-11,AIR.DE,XETRA,175.5800,176.9400,174.3600,175.3200,208541,
2026-06-11,AIXA.DE,XETRA,54.3400,56.1600,53.6800,55.0200,502517,
2026-06-11,ALV.DE,XETRA,380.7000,385.4000,380.3000,383.3000,431867,
2026-06-11,BAYN.DE,XETRA,35.4500,36.3900,35.4500,35.7900,1861117,
2026-06-11,BC8.DE,XETRA,30.8600,31.1000,30.1200,30.4600,287041,
2026-06-11,BMW.DE,XETRA,67.9000,67.9600,65.5000,66.5400,2219844,
2026-06-11,CBK.DE,XETRA,36.3500,36.6100,35.5800,35.7800,2694212,
2026-06-11,CON.DE,XETRA,68.3600,70.0000,68.1800,69.7600,607569,
2026-06-11,DBK.DE,XETRA,27.0900,27.5000,26.8900,26.9600,4043527,
2026-06-11,DHER.DE,XETRA,37.0200,38.2000,36.8300,37.8500,903625,
2026-06-11,ENR.DE,XETRA,140.6400,147.9200,140.3000,147.0000,3146858,
2026-06-11,EOAN.DE,XETRA,17.9950,18.4500,17.8950,18.3900,3154648,
2026-06-11,EVT.DE,XETRA,4.6520,4.6820,4.5700,4.6560,419498,
2026-06-11,FRE.DE,XETRA,37.2300,37.5400,36.8700,37.2500,1185557,
2026-06-11,HAG.DE,XETRA,77.8000,79.9600,76.8800,78.8800,245982,
2026-06-11,HFG.DE,XETRA,4.1330,4.2900,4.0400,4.1450,723112,
2026-06-11,HNR1.DE,XETRA,231.2000,232.6000,229.2000,231.0000,132812,
2026-06-11,IFX.DE,XETRA,75.8000,77.6700,75.0300,77.0600,3418769,
2026-06-11,JEN.DE,XETRA,42.9800,43.9600,42.8400,43.4800,160401,
2026-06-11,KGX.DE,XETRA,37.4800,37.5200,35.8000,36.0800,351202,
2026-06-11,LHA.DE,XETRA,7.9880,8.0860,7.9140,8.0300,3867061,
2026-06-11,MBG.DE,XETRA,47.4150,47.7050,46.8850,47.4350,1876571,
2026-06-11,MRK.DE,XETRA,136.1000,138.1000,135.4000,135.4000,569587,
2026-06-11,MTX.DE,XETRA,297.4000,306.7000,296.0000,306.7000,226739,
2026-06-11,MUV2.DE,XETRA,461.7000,464.7000,457.2000,461.5000,280982,
2026-06-11,NDX1.DE,XETRA,38.3000,39.2200,38.2400,39.0600,554572,
2026-06-11,NEM.DE,XETRA,60.9000,60.9500,57.1000,57.1000,303077,
2026-06-11,P911.DE,XETRA,49.5700,49.5700,47.8600,48.5100,731429,
2026-06-11,PUM.DE,XETRA,27.0000,28.2700,26.9800,27.7900,736614,
2026-06-11,QIA.DE,XETRA,31.7400,32.3050,31.7050,32.0700,870824,
2026-06-11,R3NK.DE,XETRA,49.8000,49.8650,47.2900,48.6250,599740,
2026-06-11,RHM.DE,XETRA,1206.8000,1241.4000,1198.0000,1220.0000,201678,
2026-06-11,RWE.DE,XETRA,56.0000,57.6000,55.6400,57.5000,1521605,
2026-06-11,S92.DE,XETRA,48.8800,49.7800,46.2200,47.9800,231176,
2026-06-11,SAP.DE,XETRA,148.5400,148.5400,139.3200,139.9000,5026187,
2026-06-11,SHL.DE,XETRA,34.8800,34.9900,34.1700,34.4000,1000923,
2026-06-11,SIE.DE,XETRA,259.3000,262.1500,257.5500,258.5000,1058637,
2026-06-11,SRT3.DE,XETRA,235.4000,239.0000,230.4000,230.4000,65758,
2026-06-11,SZG.DE,XETRA,54.5000,56.0000,54.1500,55.8000,104528,
2026-06-11,TKA.DE,XETRA,10.6650,10.9000,10.6250,10.8450,1331772,
2026-06-11,TUI1.DE,XETRA,6.4820,6.5520,6.4100,6.5140,5009037,
2026-06-11,VOW3.DE,XETRA,86.4800,86.6600,84.3600,85.4200,1311390,
2026-06-11,WAF.DE,XETRA,87.7500,91.5000,86.5000,87.7000,141433,
2026-06-11,ZAL.DE,XETRA,24.8600,25.3500,24.5500,25.1000,1006440,
2026-06-12,ADS.DE,XETRA,175.8500,179.6000,175.4500,176.3500,814476,
2026-06-12,AFX.DE,XETRA,24.9800,25.5200,24.7000,25.0000,118525,
2026-06-12,AIR.DE,XETRA,180.5600,183.7800,177.6600,179.2600,299852,
2026-06-12,AIXA.DE,XETRA,56.0000,57.0000,53.9400,57.0000,613113,
2026-06-12,ALV.DE,XETRA,385.0000,388.3000,383.1000,386.4000,495283,
2026-06-12,BAYN.DE,XETRA,35.7200,36.3700,35.5900,36.1900,1759181,
2026-06-12,BC8.DE,XETRA,30.8800,31.3000,30.2400,30.6600,144597,
2026-06-12,BMW.DE,XETRA,68.3800,68.5000,66.7800,67.0000,1653121,
2026-06-12,CBK.DE,XETRA,36.5000,37.5000,36.3700,36.8300,4003571,
2026-06-12,CON.DE,XETRA,71.6000,72.7800,71.3600,72.3000,565722,
2026-06-12,DBK.DE,XETRA,27.7700,28.7400,27.7400,28.7400,8313018,
2026-06-12,DHER.DE,XETRA,37.9800,38.2000,36.6400,37.6400,1044192,
2026-06-12,ENR.DE,XETRA,154.0200,154.4200,149.6200,153.5800,3243473,
2026-06-12,EOAN.DE,XETRA,18.3950,18.4200,18.1150,18.4100,3162404,
2026-06-12,EVT.DE,XETRA,4.7160,4.7800,4.6640,4.7680,513487,
2026-06-12,FRE.DE,XETRA,37.5000,38.0800,37.4700,37.6700,861281,
2026-06-12,HAG.DE,XETRA,79.6000,79.6400,74.0400,75.6200,429410,
2026-06-12,HFG.DE,XETRA,4.1220,4.2030,4.0840,4.1500,864666,
2026-06-12,HNR1.DE,XETRA,230.6000,233.0000,228.2000,228.2000,180402,
2026-06-12,IFX.DE,XETRA,79.0000,80.0600,76.3800,80.0600,3678190,
2026-06-12,JEN.DE,XETRA,44.7000,44.7200,43.1400,44.1200,131654,
2026-06-12,KGX.DE,XETRA,37.2700,38.2300,36.7900,37.2800,410003,
2026-06-12,LHA.DE,XETRA,8.3220,8.6820,8.3220,8.4460,11370810,
2026-06-12,MBG.DE,XETRA,48.4650,48.9300,47.7600,48.0150,1940877,
2026-06-12,MRK.DE,XETRA,136.7000,137.2500,133.2500,133.2500,423107,
2026-06-12,MTX.DE,XETRA,316.7000,321.9000,308.6000,312.0000,221170,
2026-06-12,MUV2.DE,XETRA,461.7000,464.8000,457.5000,458.9000,286842,
2026-06-12,NDX1.DE,XETRA,39.0800,40.4000,38.9400,40.1000,498984,
2026-06-12,NEM.DE,XETRA,58.3000,58.3000,55.7500,56.3000,388778,
2026-06-12,P911.DE,XETRA,49.4800,50.0000,49.0100,49.1000,626816,
2026-06-12,PUM.DE,XETRA,28.2000,28.6400,28.0500,28.0500,821917,
2026-06-12,QIA.DE,XETRA,31.9900,32.2200,31.7950,31.9800,756677,
2026-06-12,R3NK.DE,XETRA,49.3500,49.3500,46.2100,46.2100,680963,
2026-06-12,RHM.DE,XETRA,1238.0000,1238.0000,1177.0000,1205.6000,184098,
2026-06-12,RWE.DE,XETRA,57.3400,57.5600,56.3000,57.4600,1299018,
2026-06-12,S92.DE,XETRA,49.9600,50.0000,46.5200,49.5000,150811,
2026-06-12,SAP.DE,XETRA,140.0000,143.3800,138.2600,140.2600,2852066,
2026-06-12,SHL.DE,XETRA,34.7100,35.1500,34.4300,34.6300,830237,
2026-06-12,SIE.DE,XETRA,265.4000,269.7000,262.4000,264.5000,1371338,
2026-06-12,SRT3.DE,XETRA,239.8000,239.8000,228.7000,231.2000,54861,
2026-06-12,SZG.DE,XETRA,57.6000,59.3500,56.6000,58.8500,168009,
2026-06-12,TKA.DE,XETRA,11.1200,11.5950,11.0650,11.4050,3000294,
2026-06-12,TUI1.DE,XETRA,6.8000,7.1140,6.7920,7.0800,9975465,
2026-06-12,VOW3.DE,XETRA,87.6000,89.0000,87.2800,88.4200,1109511,
2026-06-12,WAF.DE,XETRA,90.2500,93.9000,87.7000,93.9000,156611,
2026-06-12,ZAL.DE,XETRA,25.2300,25.9700,24.6300,24.6300,1375267,
2026-06-15,ADS.DE,XETRA,180.0000,180.5000,175.3500,176.3500,648533,
2026-06-15,AFX.DE,XETRA,25.4200,25.6600,25.0400,25.0400,186910,
2026-06-15,AIR.DE,XETRA,183.9000,187.3200,183.7000,183.7600,286922,
2026-06-15,AIXA.DE,XETRA,58.1600,59.3000,57.3600,58.8600,571510,
2026-06-15,ALV.DE,XETRA,391.0000,396.5000,388.8000,394.7000,736982,
2026-06-15,BAYN.DE,XETRA,36.5200,36.6600,36.0600,36.3100,1904808,
2026-06-15,BC8.DE,XETRA,32.0200,32.1600,31.2200,31.2400,167862,
2026-06-15,BMW.DE,XETRA,69.1000,69.7800,68.3400,68.3400,1207351,
2026-06-15,CBK.DE,XETRA,37.3000,37.5500,35.9000,36.2100,4073870,
2026-06-15,CON.DE,XETRA,74.3000,75.2800,73.5400,73.5400,676032,
2026-06-15,DBK.DE,XETRA,29.6000,30.0200,29.5300,29.9800,9519441,
2026-06-15,DHER.DE,XETRA,37.8000,38.0300,37.1100,37.7000,955817,
2026-06-15,ENR.DE,XETRA,158.4000,159.4000,154.4600,156.2000,2478196,
2026-06-15,EOAN.DE,XETRA,18.4250,18.4400,18.1100,18.2150,3442362,
2026-06-15,EVT.DE,XETRA,4.8700,4.9060,4.7680,4.8840,641468,
2026-06-15,FRE.DE,XETRA,38.2300,38.9300,38.1800,38.8500,1538771,
2026-06-15,HAG.DE,XETRA,75.9600,76.9800,71.7400,71.7400,397499,
2026-06-15,HFG.DE,XETRA,4.1660,4.2290,4.1080,4.1250,786865,
2026-06-15,HNR1.DE,XETRA,231.0000,231.4000,228.0000,229.4000,140389,
2026-06-15,IFX.DE,XETRA,82.6300,82.7200,78.5200,80.7500,4945560,
2026-06-15,JEN.DE,XETRA,45.3800,45.4000,44.1800,44.7000,129528,
2026-06-15,KGX.DE,XETRA,39.2200,41.5000,38.8700,39.9600,542669,
2026-06-15,LHA.DE,XETRA,8.9000,9.0000,8.7700,8.8280,7665880,
2026-06-15,MBG.DE,XETRA,49.3300,49.7450,49.1000,49.3750,2284326,
2026-06-15,MRK.DE,XETRA,134.9000,135.2500,132.7000,132.7000,387395,
2026-06-15,MTX.DE,XETRA,327.6000,335.6000,324.8000,325.2000,228330,
2026-06-15,MUV2.DE,XETRA,461.0000,464.4000,459.4000,462.7000,252246,
2026-06-15,NDX1.DE,XETRA,40.2000,41.2600,39.9200,40.7000,626005,
2026-06-15,NEM.DE,XETRA,57.5500,58.7000,56.3500,56.3500,244905,
2026-06-15,P911.DE,XETRA,50.0000,50.4200,49.7700,49.8100,804646,
2026-06-15,PUM.DE,XETRA,28.7800,29.0800,27.9900,28.0100,507774,
2026-06-15,QIA.DE,XETRA,32.3800,32.4400,31.6450,31.7650,554032,
2026-06-15,R3NK.DE,XETRA,46.7250,47.0350,44.4400,45.3200,784693,
2026-06-15,RHM.DE,XETRA,1192.8000,1216.4000,1145.4000,1150.2000,222583,
2026-06-15,RWE.DE,XETRA,57.1200,57.1800,56.1200,56.1800,1572618,
2026-06-15,S92.DE,XETRA,50.5500,50.9000,48.8800,49.1600,103847,
2026-06-15,SAP.DE,XETRA,143.0000,146.6400,142.9400,143.1800,2314357,
2026-06-15,SHL.DE,XETRA,35.3500,35.5500,34.9000,34.9600,909517,
2026-06-15,SIE.DE,XETRA,270.7000,273.4500,269.7500,270.3500,1066610,
2026-06-15,SRT3.DE,XETRA,238.0000,242.3000,228.3000,229.0000,78896,
2026-06-15,SZG.DE,XETRA,62.7000,63.0000,58.9500,59.0000,129560,
2026-06-15,TKA.DE,XETRA,11.6550,11.7150,11.3050,11.3500,2075395,
2026-06-15,TUI1.DE,XETRA,7.3800,7.7360,7.3180,7.3240,9024703,
2026-06-15,VOW3.DE,XETRA,91.1000,91.5600,89.8400,90.4200,1036890,
2026-06-15,WAF.DE,XETRA,97.1500,99.1000,94.9000,97.7000,143269,
2026-06-15,ZAL.DE,XETRA,25.0400,25.2700,24.0600,24.2700,1114513,
2026-06-16,ADS.DE,XETRA,175.5000,176.0500,173.2000,174.2000,351974,
2026-06-16,AFX.DE,XETRA,25.2000,25.3600,24.5200,24.8000,240886,
2026-06-16,AIR.DE,XETRA,184.4800,186.8400,184.2000,185.3200,167491,
2026-06-16,AIXA.DE,XETRA,58.7000,58.8600,55.9000,56.2200,551359,
2026-06-16,ALV.DE,XETRA,397.0000,399.2000,394.0000,399.0000,473410,
2026-06-16,BAYN.DE,XETRA,36.0600,36.2900,35.6700,36.0100,1458211,
2026-06-16,BC8.DE,XETRA,31.3600,31.7200,31.1200,31.4800,207736,
2026-06-16,BMW.DE,XETRA,68.0000,68.1600,66.8400,67.9000,1516629,
2026-06-16,CBK.DE,XETRA,36.0000,36.8300,35.8300,36.3000,3513037,
2026-06-16,CON.DE,XETRA,73.3000,74.3800,73.0000,73.7800,502384,
2026-06-16,DBK.DE,XETRA,29.8300,30.3950,29.6500,30.2000,5242155,
2026-06-16,DHER.DE,XETRA,37.3300,38.9400,37.3300,38.2000,905623,
2026-06-16,ENR.DE,XETRA,156.8400,160.0000,154.8600,156.1200,1848509,
2026-06-16,EOAN.DE,XETRA,18.2150,18.3100,18.0700,18.2300,3483575,
2026-06-16,EVT.DE,XETRA,4.8740,4.9120,4.6680,4.7000,542946,
2026-06-16,FRE.DE,XETRA,39.0900,39.2700,38.2100,38.7700,942763,
2026-06-16,HAG.DE,XETRA,72.3200,74.1200,70.5400,70.6600,374120,
2026-06-16,HFG.DE,XETRA,4.1250,4.1800,4.0410,4.1030,1075053,
2026-06-16,HNR1.DE,XETRA,231.0000,232.4000,229.2000,232.2000,126538,
2026-06-16,IFX.DE,XETRA,80.2700,81.3900,79.1500,79.2800,3622191,
2026-06-16,JEN.DE,XETRA,45.0000,45.0200,44.0400,44.4800,104013,
2026-06-16,KGX.DE,XETRA,40.3600,41.3800,40.0900,41.3800,489401,
2026-06-16,LHA.DE,XETRA,8.8600,8.9660,8.8100,8.9100,5049232,
2026-06-16,MBG.DE,XETRA,49.1950,49.3300,48.3600,48.8800,1786505,
2026-06-16,MRK.DE,XETRA,133.0000,133.2000,131.4000,132.0500,188218,
2026-06-16,MTX.DE,XETRA,325.7000,333.0000,323.9000,323.9000,159336,
2026-06-16,MUV2.DE,XETRA,465.8000,469.3000,461.6000,468.8000,226569,
2026-06-16,NDX1.DE,XETRA,40.9600,41.4600,40.3000,40.4400,412073,
2026-06-16,NEM.DE,XETRA,56.0000,57.0500,55.4000,55.4000,276113,
2026-06-16,P911.DE,XETRA,50.5000,50.6600,48.4000,49.0000,566753,
2026-06-16,PUM.DE,XETRA,29.1000,29.5100,28.3500,28.5500,975974,
2026-06-16,QIA.DE,XETRA,32.0500,32.4350,32.0000,32.1700,634554,
2026-06-16,R3NK.DE,XETRA,45.2500,47.0000,45.1000,45.1000,495593,
2026-06-16,RHM.DE,XETRA,1157.0000,1195.0000,1134.6000,1145.6000,226345,
2026-06-16,RWE.DE,XETRA,56.2200,56.5600,54.9600,54.9600,1657403,
2026-06-16,S92.DE,XETRA,49.2000,53.4000,48.5000,51.8500,171958,
2026-06-16,SAP.DE,XETRA,142.4400,145.9200,142.4000,142.9000,1906476,
2026-06-16,SHL.DE,XETRA,35.0100,35.3900,34.9400,35.3000,928096,
2026-06-16,SIE.DE,XETRA,272.3000,275.9500,271.2500,273.0500,778238,
2026-06-16,SRT3.DE,XETRA,232.0000,234.5000,229.0000,230.7000,50214,
2026-06-16,SZG.DE,XETRA,58.7500,58.7500,56.8000,57.2500,96265,
2026-06-16,TKA.DE,XETRA,11.3000,11.4250,11.1650,11.1800,1516443,
2026-06-16,TUI1.DE,XETRA,7.3780,7.4020,7.2460,7.3320,3164219,
2026-06-16,VOW3.DE,XETRA,90.1200,90.1400,88.5800,89.6600,928838,
2026-06-16,WAF.DE,XETRA,92.0000,98.3000,91.5000,94.0000,313544,
2026-06-16,ZAL.DE,XETRA,24.2500,24.4300,23.7700,23.7700,988655,
2026-06-17,ADS.DE,XETRA,173.8500,174.9000,172.8000,173.1000,478326,
2026-06-17,AFX.DE,XETRA,24.9400,25.2800,24.7600,25.2000,152087,
2026-06-17,AIR.DE,XETRA,185.2800,188.5200,185.1400,187.0200,273711,
2026-06-17,AIXA.DE,XETRA,59.0200,60.3600,57.8000,60.0000,781198,
2026-06-17,ALV.DE,XETRA,398.8000,400.2000,396.1000,400.2000,688339,
2026-06-17,BAYN.DE,XETRA,36.1700,38.5800,35.9300,37.7400,4919906,
2026-06-17,BC8.DE,XETRA,31.3200,32.0400,31.1800,31.4400,248537,
2026-06-17,BMW.DE,XETRA,61.1200,63.9800,60.0800,62.2400,5736376,
2026-06-17,CBK.DE,XETRA,36.3000,38.2700,36.3000,38.1800,4779854,
2026-06-17,CON.DE,XETRA,72.9800,74.0800,72.3200,72.7200,527632,
2026-06-17,DBK.DE,XETRA,30.2600,31.0550,30.2550,30.9400,7423816,
2026-06-17,DHER.DE,XETRA,38.2900,38.4600,37.7000,37.9000,575460,
2026-06-17,ENR.DE,XETRA,156.6000,162.2000,154.8000,161.7400,2142609,
2026-06-17,EOAN.DE,XETRA,18.2500,18.3200,17.9400,18.3200,3962104,
2026-06-17,EVT.DE,XETRA,4.6000,4.7300,4.5160,4.7300,648553,
2026-06-17,FRE.DE,XETRA,38.4600,39.0400,38.4200,39.0400,786497,
2026-06-17,HAG.DE,XETRA,71.3000,72.7800,70.8600,72.0800,383571,
2026-06-17,HFG.DE,XETRA,4.1210,4.2480,4.1190,4.1530,806927,
2026-06-17,HNR1.DE,XETRA,232.2000,232.4000,228.2000,231.0000,153812,
2026-06-17,IFX.DE,XETRA,78.8100,79.8200,75.3300,77.0600,4519850,
2026-06-17,JEN.DE,XETRA,44.4000,45.5400,44.2200,44.7400,145725,
2026-06-17,KGX.DE,XETRA,41.2900,41.7300,41.0000,41.7300,509928,
2026-06-17,LHA.DE,XETRA,8.9380,9.0700,8.7280,8.8860,6631330,
2026-06-17,MBG.DE,XETRA,46.8800,47.6400,46.2300,46.7500,3919697,
2026-06-17,MRK.DE,XETRA,132.4500,134.2500,132.0000,133.4000,384071,
2026-06-17,MTX.DE,XETRA,325.0000,332.5000,324.5000,330.3000,193610,
2026-06-17,MUV2.DE,XETRA,467.2000,467.3000,458.7000,464.6000,420801,
2026-06-17,NDX1.DE,XETRA,40.5600,43.2000,40.2400,43.2000,824755,
2026-06-17,NEM.DE,XETRA,55.3500,55.8000,54.3500,54.8500,320517,
2026-06-17,P911.DE,XETRA,47.2000,49.0300,46.6900,49.0300,582952,
2026-06-17,PUM.DE,XETRA,28.6000,28.7000,27.7000,28.0600,798606,
2026-06-17,QIA.DE,XETRA,32.0150,32.7300,31.9350,32.2050,892436,
2026-06-17,R3NK.DE,XETRA,45.1150,47.3300,45.1150,47.0600,581855,
2026-06-17,RHM.DE,XETRA,1145.0000,1182.6000,1144.0000,1170.2000,197680,
2026-06-17,RWE.DE,XETRA,54.8600,55.1200,53.8600,54.8400,1970934,
2026-06-17,S92.DE,XETRA,51.7000,55.0000,51.3000,53.3000,97066,
2026-06-17,SAP.DE,XETRA,143.3400,143.7200,139.7000,141.1800,2502892,
2026-06-17,SHL.DE,XETRA,35.1800,35.5500,34.6500,34.6500,884867,
2026-06-17,SIE.DE,XETRA,272.5000,275.7500,271.5500,273.1000,1106818,
2026-06-17,SRT3.DE,XETRA,232.4000,234.4000,227.1000,228.2000,84553,
2026-06-17,SZG.DE,XETRA,57.1000,57.1000,54.8000,56.4500,107419,
2026-06-17,TKA.DE,XETRA,11.2100,11.2100,10.6550,11.0550,2499179,
2026-06-17,TUI1.DE,XETRA,7.3320,7.4140,7.1620,7.2740,3063063,
2026-06-17,VOW3.DE,XETRA,87.8000,88.0800,86.0000,86.5400,1649241,
2026-06-17,WAF.DE,XETRA,95.0000,95.0000,91.4000,92.5000,121072,
2026-06-17,ZAL.DE,XETRA,23.8000,25.2700,23.8000,24.3100,1215087,
2026-06-18,ADS.DE,XETRA,171.0000,178.1500,169.5000,177.9500,952981,
2026-06-18,AFX.DE,XETRA,24.8600,25.0000,24.4000,24.8400,209621,
2026-06-18,AIR.DE,XETRA,189.0000,193.7000,188.1600,191.7800,326298,
2026-06-18,AIXA.DE,XETRA,60.3600,62.6600,59.5600,60.1000,565624,
2026-06-18,ALV.DE,XETRA,400.2000,401.6000,397.9000,400.0000,813275,
2026-06-18,BAYN.DE,XETRA,38.4500,38.4500,36.5100,37.1500,5774085,
2026-06-18,BC8.DE,XETRA,30.3400,30.8800,30.0800,30.2600,322181,
2026-06-18,BMW.DE,XETRA,62.1000,62.1000,58.7600,59.7400,3967431,
2026-06-18,CBK.DE,XETRA,38.0000,38.3800,37.9400,38.3800,2480443,
2026-06-18,CON.DE,XETRA,72.3400,72.9200,71.4800,71.7200,475014,
2026-06-18,DBK.DE,XETRA,30.7650,31.0050,30.6000,30.9250,7061998,
2026-06-18,DHER.DE,XETRA,37.5400,37.8900,36.9400,37.2500,600326,
2026-06-18,ENR.DE,XETRA,163.7800,172.1400,162.2200,169.3400,4050461,
2026-06-18,EOAN.DE,XETRA,18.4000,18.4000,17.9450,18.1850,6223562,
2026-06-18,EVT.DE,XETRA,4.6840,4.8500,4.5380,4.5380,495161,
2026-06-18,FRE.DE,XETRA,38.9300,39.3400,38.7600,39.3100,1566372,
2026-06-18,HAG.DE,XETRA,72.2800,73.4600,70.0800,71.5800,286089,
2026-06-18,HFG.DE,XETRA,4.1330,4.1700,4.0410,4.0850,1069618,
2026-06-18,HNR1.DE,XETRA,232.0000,232.8000,230.0000,232.2000,128903,
2026-06-18,IFX.DE,XETRA,78.5000,82.9500,78.0600,82.0100,6781614,
2026-06-18,JEN.DE,XETRA,45.0000,45.1800,44.0200,44.0200,378067,
2026-06-18,KGX.DE,XETRA,41.2700,42.4000,41.1000,42.4000,788613,
2026-06-18,LHA.DE,XETRA,8.9380,9.1700,8.9100,9.1700,8392101,
2026-06-18,MBG.DE,XETRA,46.5900,46.5950,43.9650,44.6000,5410661,
2026-06-18,MRK.DE,XETRA,132.8000,133.1500,131.5000,133.0500,357868,
2026-06-18,MTX.DE,XETRA,332.6000,341.9000,328.3000,341.2000,270556,
2026-06-18,MUV2.DE,XETRA,465.3000,467.6000,461.7000,464.7000,370512,
2026-06-18,NDX1.DE,XETRA,43.6400,45.3800,42.8400,45.3800,1013905,
2026-06-18,NEM.DE,XETRA,54.2000,54.9000,53.4000,54.6500,310831,
2026-06-18,P911.DE,XETRA,48.4800,48.7400,47.2600,48.1600,618624,
2026-06-18,PUM.DE,XETRA,27.6600,28.2600,26.9800,28.2200,1142766,
2026-06-18,QIA.DE,XETRA,31.9950,32.1000,31.4400,32.0000,804479,
2026-06-18,R3NK.DE,XETRA,47.9450,48.6050,45.7150,46.8550,863648,
2026-06-18,RHM.DE,XETRA,1176.8000,1197.8000,1148.8000,1178.6000,251187,
2026-06-18,RWE.DE,XETRA,55.1800,55.3400,53.8800,54.5800,1319358,
2026-06-18,S92.DE,XETRA,54.4000,55.7500,52.7000,55.3000,182990,
2026-06-18,SAP.DE,XETRA,139.7800,140.5000,134.3000,134.8600,4843939,
2026-06-18,SHL.DE,XETRA,34.6500,34.6500,33.7300,34.4300,1628276,
2026-06-18,SIE.DE,XETRA,274.4500,277.6500,272.9000,276.8000,1640427,
2026-06-18,SRT3.DE,XETRA,224.6000,225.5000,207.4000,217.1000,196599,
2026-06-18,SZG.DE,XETRA,56.2000,56.2000,51.9000,51.9000,296702,
2026-06-18,TKA.DE,XETRA,11.1700,11.2500,10.5600,10.5850,2445734,
2026-06-18,TUI1.DE,XETRA,7.2680,7.3940,7.2160,7.3580,3081648,
2026-06-18,VOW3.DE,XETRA,86.7000,86.7000,83.5600,84.1000,2086628,
2026-06-18,WAF.DE,XETRA,93.0000,94.6500,91.4000,93.0000,130482,
2026-06-18,ZAL.DE,XETRA,24.3200,24.7400,23.9700,24.4900,1237145,
2026-06-19,ADS.DE,XETRA,176.4000,177.5000,173.4000,174.9000,1261231,
2026-06-19,AFX.DE,XETRA,24.7600,25.0400,24.4800,24.9400,240872,
2026-06-19,AIR.DE,XETRA,191.2400,193.1400,189.4200,189.4800,851143,
2026-06-19,AIXA.DE,XETRA,60.1200,62.1800,59.3000,59.8400,920819,
2026-06-19,ALV.DE,XETRA,400.0000,402.7000,398.1000,400.4000,1656425,
2026-06-19,BAYN.DE,XETRA,37.2700,37.8400,36.8400,37.8400,8873145,
2026-06-19,BC8.DE,XETRA,30.5400,30.6400,30.1600,30.5000,863066,
2026-06-19,BMW.DE,XETRA,60.0000,61.2000,59.9800,59.9800,3960197,
2026-06-19,CBK.DE,XETRA,38.1000,38.8600,37.9900,38.3700,13964909,
2026-06-19,CON.DE,XETRA,71.4000,72.9200,71.4000,72.4600,837472,
2026-06-19,DBK.DE,XETRA,30.6800,31.4650,30.5900,31.1200,12064119,
2026-06-19,DHER.DE,XETRA,37.0000,37.4600,36.7000,36.7200,2028501,
2026-06-19,ENR.DE,XETRA,170.2000,172.1200,167.2400,168.9200,5910775,
2026-06-19,EOAN.DE,XETRA,18.2550,18.2650,18.0150,18.0250,16949421,
2026-06-19,EVT.DE,XETRA,4.5980,4.6400,4.5400,4.6300,600986,
2026-06-19,FRE.DE,XETRA,39.3100,39.9800,39.1600,39.6100,3178811,
2026-06-19,HAG.DE,XETRA,71.8400,73.7800,71.5800,72.4600,516352,
2026-06-19,HFG.DE,XETRA,4.1130,4.1130,4.0270,4.0270,692890,
2026-06-19,HNR1.DE,XETRA,232.8000,234.2000,232.2000,234.2000,476027,
2026-06-19,IFX.DE,XETRA,82.1000,84.3700,81.9700,81.9700,11683284,
2026-06-19,JEN.DE,XETRA,44.9800,46.9600,44.6200,46.9600,376433,
2026-06-19,KGX.DE,XETRA,41.9600,42.4700,41.7100,41.8500,460632,
2026-06-19,LHA.DE,XETRA,9.0000,9.1120,8.9320,9.0640,9572653,
2026-06-19,MBG.DE,XETRA,44.7400,45.5500,44.7400,45.2750,6573313,
2026-06-19,MRK.DE,XETRA,133.0500,133.3500,132.1500,132.9000,671589,
2026-06-19,MTX.DE,XETRA,339.5000,343.2000,332.8000,332.8000,456642,
2026-06-19,MUV2.DE,XETRA,467.0000,471.7000,465.1000,471.0000,1224538,
2026-06-19,NDX1.DE,XETRA,45.8000,47.9400,45.5400,47.7200,1764593,
2026-06-19,NEM.DE,XETRA,54.7000,54.8500,52.8500,53.3000,477256,
2026-06-19,P911.DE,XETRA,47.8000,48.1200,47.3100,47.9900,1111681,
2026-06-19,PUM.DE,XETRA,28.1800,28.3500,27.6200,28.2300,1534105,
2026-06-19,QIA.DE,XETRA,32.3400,32.4400,31.8500,32.1350,1514280,
2026-06-19,R3NK.DE,XETRA,46.8000,48.9750,46.8000,47.9950,1350516,
2026-06-19,RHM.DE,XETRA,1179.4000,1223.8000,1179.4000,1202.6000,438000,
2026-06-19,RWE.DE,XETRA,54.7600,55.4600,53.8400,55.1000,4149985,
2026-06-19,S92.DE,XETRA,54.8500,59.6500,54.8500,58.6000,239728,
2026-06-19,SAP.DE,XETRA,135.8000,136.7200,132.2400,134.1400,7123362,
2026-06-19,SHL.DE,XETRA,34.2300,34.6400,34.0000,34.2300,2530779,
2026-06-19,SIE.DE,XETRA,276.9000,278.3500,274.4500,274.5000,2382150,
2026-06-19,SRT3.DE,XETRA,217.2000,219.2000,210.7000,213.0000,214399,
2026-06-19,SZG.DE,XETRA,52.0000,52.4000,51.1500,51.6500,328601,
2026-06-19,TKA.DE,XETRA,10.5200,10.6650,10.4600,10.4950,2418140,
2026-06-19,TUI1.DE,XETRA,7.3020,7.3200,7.0700,7.1580,4636231,
2026-06-19,VOW3.DE,XETRA,80.4000,81.3600,79.9000,80.4400,2383894,
2026-06-19,WAF.DE,XETRA,93.7500,96.3000,91.9500,91.9500,658132,
2026-06-19,ZAL.DE,XETRA,24.3400,24.4400,23.9800,24.2500,1951779,
2026-06-22,ADS.DE,XETRA,173.1500,174.5000,170.7500,174.5000,564821,
2026-06-22,AFX.DE,XETRA,24.9800,27.6400,24.7600,27.4200,687728,
2026-06-22,AIR.DE,XETRA,190.1000,190.1200,187.1400,189.6400,194557,
2026-06-22,AIXA.DE,XETRA,61.4800,61.9800,59.3800,60.4200,414859,
2026-06-22,ALV.DE,XETRA,403.0000,406.9000,400.8000,406.6000,577803,
2026-06-22,BAYN.DE,XETRA,37.6900,38.1800,37.0500,38.1800,3357951,
2026-06-22,BC8.DE,XETRA,30.5800,30.6400,29.8600,30.0800,154055,
2026-06-22,BMW.DE,XETRA,60.6400,61.0600,59.4800,60.9400,2075742,
2026-06-22,CBK.DE,XETRA,38.6000,38.6000,37.7000,38.1000,2328220,
2026-06-22,CON.DE,XETRA,72.3400,73.5200,71.7000,73.4600,360623,
2026-06-22,DBK.DE,XETRA,31.2400,31.5300,30.9000,31.5000,3506580,
2026-06-22,DHER.DE,XETRA,36.9000,37.1500,36.3900,36.4800,499980,
2026-06-22,ENR.DE,XETRA,169.5600,174.1600,167.9000,169.1400,2211843,
2026-06-22,EOAN.DE,XETRA,18.1200,18.1800,17.7100,17.8050,5669193,
2026-06-22,EVT.DE,XETRA,4.6440,4.7080,4.6000,4.6700,330860,
2026-06-22,FRE.DE,XETRA,39.3700,39.5400,38.8500,39.5400,1710838,
2026-06-22,HAG.DE,XETRA,71.8800,73.3600,67.6200,69.1000,473986,
2026-06-22,HFG.DE,XETRA,3.9800,4.0270,3.8400,3.9350,637922,
2026-06-22,HNR1.DE,XETRA,235.2000,236.4000,233.2000,236.2000,166323,
2026-06-22,IFX.DE,XETRA,83.6900,88.8300,83.6400,85.9400,5833118,
2026-06-22,JEN.DE,XETRA,47.5000,47.9800,46.9200,47.4600,156392,
2026-06-22,KGX.DE,XETRA,41.8400,42.5100,41.6100,42.1100,381989,
2026-06-22,LHA.DE,XETRA,9.0500,9.2080,9.0060,9.1360,4197067,
2026-06-22,MBG.DE,XETRA,45.1100,45.5900,44.2450,45.5300,2680448,
2026-06-22,MRK.DE,XETRA,133.4500,133.6500,132.1000,133.0000,292736,
2026-06-22,MTX.DE,XETRA,333.7000,338.7000,331.9000,337.8000,173254,
2026-06-22,MUV2.DE,XETRA,472.0000,478.0000,468.2000,478.0000,392165,
2026-06-22,NDX1.DE,XETRA,48.6600,49.3400,48.4000,48.8400,877331,
2026-06-22,NEM.DE,XETRA,53.5000,54.2500,52.6500,53.5000,267430,
2026-06-22,P911.DE,XETRA,48.1500,48.1500,46.8500,47.9400,476333,
2026-06-22,PUM.DE,XETRA,28.2800,28.7800,27.9600,28.1300,771337,
2026-06-22,QIA.DE,XETRA,32.1950,32.3900,31.8150,32.0550,615634,
2026-06-22,R3NK.DE,XETRA,47.5000,48.3000,44.9700,45.2400,707787,
2026-06-22,RHM.DE,XETRA,1200.0000,1233.8000,1146.0000,1189.4000,263461,
2026-06-22,RWE.DE,XETRA,55.8600,56.1400,55.4800,55.6000,1102912,
2026-06-22,S92.DE,XETRA,58.7500,59.4000,56.8000,57.6500,132624,
2026-06-22,SAP.DE,XETRA,132.5000,133.7000,130.6200,132.2200,3549485,
2026-06-22,SHL.DE,XETRA,34.1500,34.6200,34.1300,34.5000,1433892,
2026-06-22,SIE.DE,XETRA,275.5000,279.8000,274.0500,279.0000,812669,
2026-06-22,SRT3.DE,XETRA,214.8000,219.0000,210.1000,213.1000,101706,
2026-06-22,SZG.DE,XETRA,51.6500,52.4000,50.5500,51.8500,62681,
2026-06-22,TKA.DE,XETRA,10.5750,10.6250,10.2900,10.5650,1265782,
2026-06-22,TUI1.DE,XETRA,7.1480,7.2480,7.1080,7.2100,2308230,
2026-06-22,VOW3.DE,XETRA,80.3000,80.6000,77.8800,80.3200,1354740,
2026-06-22,WAF.DE,XETRA,94.9500,99.0000,93.1500,96.3000,77110,
2026-06-22,ZAL.DE,XETRA,24.1100,25.7600,23.9800,25.2400,1498022,
2026-06-23,ADS.DE,XETRA,173.1500,176.5500,171.1000,171.1000,635447,
2026-06-23,AFX.DE,XETRA,27.2600,27.3200,26.5000,26.9400,287325,
2026-06-23,AIR.DE,XETRA,188.4400,194.8400,187.5600,193.3200,222601,
2026-06-23,AIXA.DE,XETRA,57.7000,57.8600,55.4200,55.4200,0,
2026-06-23,ALV.DE,XETRA,403.5000,405.8000,401.1000,405.2000,490282,
2026-06-23,BAYN.DE,XETRA,38.0600,39.1900,37.6900,38.6000,2443976,
2026-06-23,BC8.DE,XETRA,29.7200,31.1600,29.6200,30.8600,292781,
2026-06-23,BMW.DE,XETRA,60.1600,61.2600,59.9800,61.0600,1558638,
2026-06-23,CBK.DE,XETRA,37.6400,38.0800,37.4100,37.8800,2226345,
2026-06-23,CON.DE,XETRA,72.1600,73.0000,71.4200,72.5800,374037,
2026-06-23,DBK.DE,XETRA,31.0500,31.2650,30.8450,30.9600,4415885,
2026-06-23,DHER.DE,XETRA,35.5100,36.2200,34.1500,35.7500,836071,
2026-06-23,ENR.DE,XETRA,164.4400,165.1200,159.0400,162.5000,2191618,
2026-06-23,EOAN.DE,XETRA,17.7350,17.9450,17.4700,17.8200,4413892,
2026-06-23,EVT.DE,XETRA,4.6020,4.7640,4.5680,4.7020,329621,
2026-06-23,FRE.DE,XETRA,39.7000,40.3000,39.3600,39.9000,1020495,
2026-06-23,HAG.DE,XETRA,69.2400,71.9600,68.5200,71.3000,396858,
2026-06-23,HFG.DE,XETRA,3.9110,4.0400,3.8630,4.0050,540431,
2026-06-23,HNR1.DE,XETRA,236.2000,236.8000,233.4000,236.0000,129033,
2026-06-23,IFX.DE,XETRA,82.0000,83.1900,80.3200,80.5600,4914676,
2026-06-23,JEN.DE,XETRA,46.2800,48.4200,46.0000,47.2000,240335,
2026-06-23,KGX.DE,XETRA,41.8000,41.8100,40.5400,40.9200,362525,
2026-06-23,LHA.DE,XETRA,9.1000,9.2460,9.0780,9.1900,4430332,
2026-06-23,MBG.DE,XETRA,45.0650,45.6700,44.8600,45.2400,2496738,
2026-06-23,MRK.DE,XETRA,133.0000,135.6500,132.5000,135.0000,409351,
2026-06-23,MTX.DE,XETRA,334.5000,344.3000,332.7000,337.8000,202071,
2026-06-23,MUV2.DE,XETRA,476.0000,478.4000,469.7000,475.3000,336497,
2026-06-23,NDX1.DE,XETRA,47.8800,47.8800,45.0600,45.5400,824241,
2026-06-23,NEM.DE,XETRA,52.8500,54.9500,52.6500,54.0000,230888,
2026-06-23,P911.DE,XETRA,47.1500,48.4800,46.4500,46.4500,667251,
2026-06-23,PUM.DE,XETRA,27.6500,28.2500,25.4400,26.1400,2241129,
2026-06-23,QIA.DE,XETRA,32.2350,32.8350,32.1900,32.6100,577616,
2026-06-23,R3NK.DE,XETRA,45.0500,47.3300,45.0000,45.7350,669644,
2026-06-23,RHM.DE,XETRA,1189.4000,1216.0000,1155.0000,1166.6000,193777,
2026-06-23,RWE.DE,XETRA,54.5000,56.2200,54.1400,55.6400,4100740,
2026-06-23,S92.DE,XETRA,56.5000,57.0000,52.8500,53.3000,137258,
2026-06-23,SAP.DE,XETRA,131.3000,136.2600,131.1600,134.5200,2524792,
2026-06-23,SHL.DE,XETRA,34.4000,34.7800,34.1800,34.5200,818936,
2026-06-23,SIE.DE,XETRA,274.1000,274.8000,269.3000,272.2500,1113608,
2026-06-23,SRT3.DE,XETRA,211.3000,217.0000,210.4000,212.7000,96763,
2026-06-23,SZG.DE,XETRA,50.1000,51.6000,49.4600,51.2500,99316,
2026-06-23,TKA.DE,XETRA,10.2600,10.7800,10.2100,10.7400,1564296,
2026-06-23,TUI1.DE,XETRA,7.1200,7.2760,7.0760,7.2260,2626104,
2026-06-23,VOW3.DE,XETRA,79.0200,79.0400,77.7800,77.9200,1435239,
2026-06-23,WAF.DE,XETRA,92.3000,93.0000,88.4000,88.8000,117261,
2026-06-23,ZAL.DE,XETRA,25.0000,25.6200,24.7900,25.5000,1104700,
2026-06-24,ADS.DE,XETRA,172.0000,176.6000,170.7500,176.0000,596012,
2026-06-24,AFX.DE,XETRA,27.2800,28.2400,26.5200,27.7600,226846,
2026-06-24,AIR.DE,XETRA,192.8800,195.0400,191.5800,195.0400,230652,
2026-06-24,AIXA.DE,XETRA,55.6400,56.1400,53.0400,53.3400,513228,
2026-06-24,ALV.DE,XETRA,401.9000,405.8000,401.5000,404.5000,570645,
2026-06-24,BAYN.DE,XETRA,38.6700,40.3700,38.6700,39.5900,3571930,
2026-06-24,BC8.DE,XETRA,30.7800,30.8200,29.8000,30.5200,223020,
2026-06-24,BMW.DE,XETRA,61.0000,61.7000,60.2600,60.9000,1320803,
2026-06-24,CBK.DE,XETRA,37.9500,38.2200,37.2600,37.3800,2941064,
2026-06-24,CON.DE,XETRA,73.0000,73.9000,71.9800,73.6200,742945,
2026-06-24,DBK.DE,XETRA,30.8100,30.9450,30.1150,30.1600,4320584,
2026-06-24,DHER.DE,XETRA,35.5000,35.8700,34.8600,35.2000,658521,
2026-06-24,ENR.DE,XETRA,163.5000,163.5000,157.0200,159.8600,1940579,
2026-06-24,EOAN.DE,XETRA,17.7000,17.7250,17.3150,17.6150,5945554,
2026-06-24,EVT.DE,XETRA,4.7160,4.9680,4.6660,4.8100,1008360,
2026-06-24,FRE.DE,XETRA,39.5700,40.1500,39.5700,40.0700,1102316,
2026-06-24,HAG.DE,XETRA,70.4000,70.5400,66.6600,68.9600,679366,
2026-06-24,HFG.DE,XETRA,4.0200,4.0800,3.9550,4.0120,826718,
2026-06-24,HNR1.DE,XETRA,234.0000,238.2000,232.8000,238.0000,114115,
2026-06-24,IFX.DE,XETRA,81.0200,81.8500,77.6000,79.5600,4449187,
2026-06-24,JEN.DE,XETRA,47.8000,48.1000,45.3000,46.0800,166332,
2026-06-24,KGX.DE,XETRA,40.8200,40.9300,38.5600,39.4200,365050,
2026-06-24,LHA.DE,XETRA,9.2000,9.6000,9.1880,9.6000,8324420,
2026-06-24,MBG.DE,XETRA,45.0500,45.0500,44.2600,44.4050,2661930,
2026-06-24,MRK.DE,XETRA,136.2000,140.1000,135.4500,140.1000,378923,
2026-06-24,MTX.DE,XETRA,343.9000,359.3000,340.6000,357.9000,256585,
2026-06-24,MUV2.DE,XETRA,470.8000,480.1000,470.7000,479.5000,258276,
2026-06-24,NDX1.DE,XETRA,45.7800,45.9000,43.1000,43.3400,607334,
2026-06-24,NEM.DE,XETRA,53.7000,54.1000,52.7500,53.7500,124450,
2026-06-24,P911.DE,XETRA,46.0000,46.0800,44.0000,45.0800,697568,
2026-06-24,PUM.DE,XETRA,26.3000,27.3400,26.2200,26.6600,953144,
2026-06-24,QIA.DE,XETRA,32.8800,34.5500,32.7350,34.0050,973690,
2026-06-24,R3NK.DE,XETRA,45.1150,45.2700,42.3000,42.4400,1439716,
2026-06-24,RHM.DE,XETRA,1075.0000,1080.4000,930.0000,949.0000,1511597,
2026-06-24,RWE.DE,XETRA,56.0000,56.0400,53.9800,54.5200,2240580,
2026-06-24,S92.DE,XETRA,53.3500,53.5000,50.5500,51.7000,96047,
2026-06-24,SAP.DE,XETRA,133.8200,136.1000,132.1000,134.8600,1990009,
2026-06-24,SHL.DE,XETRA,34.4000,34.8200,34.0900,34.2300,1660618,
2026-06-24,SIE.DE,XETRA,272.8000,273.5000,265.7500,271.4000,877887,
2026-06-24,SRT3.DE,XETRA,212.8000,221.1000,211.9000,219.4000,106014,
2026-06-24,SZG.DE,XETRA,51.6000,51.6000,48.0600,48.4800,147192,
2026-06-24,TKA.DE,XETRA,10.7850,10.9250,10.3900,10.7100,4351333,
2026-06-24,TUI1.DE,XETRA,7.2000,7.3940,7.0960,7.3920,3975621,
2026-06-24,VOW3.DE,XETRA,77.9800,78.1000,76.0200,76.0200,1307957,
2026-06-24,WAF.DE,XETRA,90.0000,90.8500,86.3000,87.2000,74959,
2026-06-24,ZAL.DE,XETRA,25.3000,26.3700,25.2500,26.3700,1394429,
2026-06-25,ADS.DE,XETRA,176.9500,182.0000,176.7500,177.9000,764670,
2026-06-25,AFX.DE,XETRA,27.9000,28.3000,27.6400,28.0000,204559,
2026-06-25,AIR.DE,XETRA,194.9600,196.8600,193.2200,195.1600,236523,
2026-06-25,AIXA.DE,XETRA,55.0600,55.5400,51.3200,52.9200,652011,
2026-06-25,ALV.DE,XETRA,403.2000,407.7000,402.5000,407.1000,537625,
2026-06-25,BAYN.DE,XETRA,39.5600,47.5000,39.0300,47.0000,10547832,
2026-06-25,BC8.DE,XETRA,30.3400,31.8600,30.1000,30.8800,311997,
2026-06-25,BMW.DE,XETRA,60.9800,61.5200,60.7800,60.7800,1608412,
2026-06-25,CBK.DE,XETRA,37.3800,37.3800,37.3800,37.3800,0,
2026-06-25,CON.DE,XETRA,73.3200,74.5600,73.2800,73.8600,497808,
2026-06-25,DBK.DE,XETRA,30.1100,30.4850,29.9050,30.4800,3644002,
2026-06-25,DHER.DE,XETRA,35.2000,35.2000,35.2000,35.2000,0,
2026-06-25,ENR.DE,XETRA,162.4000,166.3400,161.1600,163.4600,2027750,
2026-06-25,EOAN.DE,XETRA,17.6800,18.1600,17.6500,17.9950,4264516,
2026-06-25,EVT.DE,XETRA,4.8280,4.8980,4.6980,4.8380,719954,
2026-06-25,FRE.DE,XETRA,39.7300,40.3100,39.5500,40.1100,1008971,
2026-06-25,HAG.DE,XETRA,68.8200,68.9800,63.5600,64.3400,721326,
2026-06-25,HFG.DE,XETRA,4.0120,4.0120,4.0120,4.0120,0,
2026-06-25,HNR1.DE,XETRA,236.0000,239.4000,235.8000,238.0000,121132,
2026-06-25,IFX.DE,XETRA,84.0900,84.6100,79.3700,82.0100,4555400,
2026-06-25,JEN.DE,XETRA,47.0000,47.8000,45.3400,46.9000,264951,
2026-06-25,KGX.DE,XETRA,40.0500,40.1200,39.2000,39.5200,270122,
2026-06-25,LHA.DE,XETRA,9.6000,9.6000,9.6000,9.6000,0,
2026-06-25,MBG.DE,XETRA,44.4600,45.0100,44.3700,44.6350,1722955,
2026-06-25,MRK.DE,XETRA,140.5000,147.7000,137.5000,147.0000,1061481,
2026-06-25,MTX.DE,XETRA,359.2000,367.8000,354.0000,362.8000,222373,
2026-06-25,MUV2.DE,XETRA,476.1000,484.6000,475.7000,480.5000,232952,
2026-06-25,NDX1.DE,XETRA,43.1000,44.3400,42.8000,43.7000,462010,
2026-06-25,NEM.DE,XETRA,53.7500,53.8000,52.0500,52.0500,221432,
2026-06-25,P911.DE,XETRA,45.2100,45.2600,43.8900,44.2400,617873,
2026-06-25,PUM.DE,XETRA,26.6600,26.6600,26.6600,26.6600,0,
2026-06-25,QIA.DE,XETRA,33.7750,34.7800,33.5400,34.5200,811723,
2026-06-25,R3NK.DE,XETRA,43.0000,43.5000,40.3400,40.8950,1004575,
2026-06-25,RHM.DE,XETRA,949.0000,949.0000,949.0000,949.0000,0,
2026-06-25,RWE.DE,XETRA,55.2000,56.0000,54.7800,55.4800,8111119,
2026-06-25,S92.DE,XETRA,51.7000,51.7000,51.7000,51.7000,0,
2026-06-25,SAP.DE,XETRA,133.7400,134.1600,131.1600,132.2800,2502826,
2026-06-25,SHL.DE,XETRA,34.2300,34.2300,34.2300,34.2300,0,
2026-06-25,SIE.DE,XETRA,272.4000,276.1500,271.2000,272.4000,929952,
2026-06-25,SRT3.DE,XETRA,217.3000,232.0000,215.7000,230.2000,198388,
2026-06-25,SZG.DE,XETRA,48.0800,48.0800,46.8800,47.3400,147548,
2026-06-25,TKA.DE,XETRA,10.7900,11.1000,10.5900,11.0900,3521144,
2026-06-25,TUI1.DE,XETRA,7.3920,7.3920,7.3920,7.3920,0,
2026-06-25,VOW3.DE,XETRA,76.0200,76.0200,76.0200,76.0200,0,
2026-06-25,WAF.DE,XETRA,91.5000,91.8500,85.1500,86.9000,99301,
2026-06-25,ZAL.DE,XETRA,26.3700,26.3700,26.3700,26.3700,0,
2026-06-26,ADS.DE,XETRA,178.6500,181.7000,176.4500,181.7000,612529,
2026-06-26,AFX.DE,XETRA,27.7600,27.8800,26.6000,27.3000,204025,
2026-06-26,AIR.DE,XETRA,194.3600,194.5800,190.3000,191.9200,182053,
2026-06-26,AIXA.DE,XETRA,50.2000,52.6400,49.2300,52.1200,749871,
2026-06-26,ALV.DE,XETRA,406.9000,408.8000,405.2000,407.9000,447618,
2026-06-26,BAYN.DE,XETRA,46.5000,47.6000,46.0600,47.0000,7734078,
2026-06-26,BC8.DE,XETRA,31.0000,31.0000,29.8200,30.8200,236004,
2026-06-26,BMW.DE,XETRA,60.8800,60.9000,58.3800,59.0600,1661635,
2026-06-26,CBK.DE,XETRA,37.6700,37.8300,37.2700,37.8300,1849881,
2026-06-26,CON.DE,XETRA,73.0800,73.9400,72.1400,72.5200,351310,
2026-06-26,DBK.DE,XETRA,30.1000,30.2750,29.5250,29.6300,3758791,
2026-06-26,DHER.DE,XETRA,34.7000,35.9000,33.9100,35.8100,686173,
2026-06-26,ENR.DE,XETRA,161.0000,162.3200,153.3400,153.9200,3434852,
2026-06-26,EOAN.DE,XETRA,17.9750,18.2150,17.8850,18.0200,2591215,
2026-06-26,EVT.DE,XETRA,4.8220,4.9320,4.7960,4.9060,459986,
2026-06-26,FRE.DE,XETRA,40.1400,40.3400,39.5800,39.8200,746563,
2026-06-26,HAG.DE,XETRA,64.2800,64.9000,63.1800,64.9000,404156,
2026-06-26,HFG.DE,XETRA,3.8300,3.8500,3.6200,3.8310,1772557,
2026-06-26,HNR1.DE,XETRA,237.6000,239.0000,236.6000,238.4000,107742,
2026-06-26,IFX.DE,XETRA,79.5000,80.4900,77.3700,78.3000,4780674,
2026-06-26,JEN.DE,XETRA,45.2000,46.5800,45.2000,46.2400,189987,
2026-06-26,KGX.DE,XETRA,39.2800,39.6200,37.8800,38.1000,387509,
2026-06-26,LHA.DE,XETRA,9.7200,9.8480,9.5720,9.7960,5109765,
2026-06-26,MBG.DE,XETRA,44.6350,44.6850,43.1850,43.3350,2677704,
2026-06-26,MRK.DE,XETRA,145.6500,146.5000,142.5500,145.6500,310914,
2026-06-26,MTX.DE,XETRA,358.4000,362.5000,351.3000,358.4000,147610,
2026-06-26,MUV2.DE,XETRA,475.7000,478.4000,472.0000,477.7000,247688,
2026-06-26,NDX1.DE,XETRA,43.0600,44.9200,42.6800,44.0600,465864,
2026-06-26,NEM.DE,XETRA,51.8000,52.4500,50.4500,52.4500,459119,
2026-06-26,P911.DE,XETRA,44.1400,44.1500,42.6000,43.2200,633261,
2026-06-26,PUM.DE,XETRA,26.2900,26.8400,26.1000,26.8000,555188,
2026-06-26,QIA.DE,XETRA,34.1750,34.3550,33.7450,34.3150,887082,
2026-06-26,R3NK.DE,XETRA,41.8850,43.0700,41.4800,42.2100,702271,
2026-06-26,RHM.DE,XETRA,936.2000,950.6000,928.8000,946.6000,280461,
2026-06-26,RWE.DE,XETRA,55.2000,55.3800,54.0600,54.0600,2460093,
2026-06-26,S92.DE,XETRA,50.5000,55.5500,50.5000,53.9500,151195,
2026-06-26,SAP.DE,XETRA,132.3800,135.4200,130.9200,135.1400,2078018,
2026-06-26,SHL.DE,XETRA,34.4200,34.8000,33.9700,34.2200,1034943,
2026-06-26,SIE.DE,XETRA,271.2000,274.2000,266.1000,267.5000,937893,
2026-06-26,SRT3.DE,XETRA,226.7000,230.7000,222.7000,224.0000,59469,
2026-06-26,SZG.DE,XETRA,46.4200,47.0400,43.7800,43.9000,130060,
2026-06-26,TKA.DE,XETRA,11.0550,11.1450,10.2150,10.2550,4656185,
2026-06-26,TUI1.DE,XETRA,7.7000,7.7000,7.3140,7.3900,3779037,
2026-06-26,VOW3.DE,XETRA,77.2400,78.2400,74.0800,74.2800,2250935,
2026-06-26,WAF.DE,XETRA,84.8000,85.1500,81.7500,82.0000,167058,
2026-06-26,ZAL.DE,XETRA,24.3100,25.5200,23.7700,24.9200,4272305,
2026-06-29,ADS.DE,XETRA,180.7500,183.1500,179.1000,180.9000,687102,
2026-06-29,AFX.DE,XETRA,27.4400,27.5600,26.6000,26.6000,198349,
2026-06-29,AIR.DE,XETRA,191.9000,192.1800,189.2400,191.6200,128076,
2026-06-29,AIXA.DE,XETRA,52.0400,53.2200,49.9400,51.9400,467888,
2026-06-29,ALV.DE,XETRA,407.9000,410.7000,407.8000,408.8000,476862,
2026-06-29,BAYN.DE,XETRA,47.2900,47.4500,46.0300,46.0300,4216959,
2026-06-29,BC8.DE,XETRA,31.0000,31.3800,30.9200,31.2200,207429,
2026-06-29,BMW.DE,XETRA,59.0000,59.0600,57.5000,57.5000,1879422,
2026-06-29,CBK.DE,XETRA,37.8300,37.8600,37.0600,37.0600,965144,
2026-06-29,CON.DE,XETRA,72.4400,72.4400,70.6200,70.8000,368358,
2026-06-29,DBK.DE,XETRA,29.6300,29.7900,29.4350,29.5250,2689446,
2026-06-29,DHER.DE,XETRA,35.8000,36.4600,35.6500,35.9300,431009,
2026-06-29,ENR.DE,XETRA,154.3000,157.4600,151.7400,157.0600,1923605,
2026-06-29,EOAN.DE,XETRA,18.0900,18.1750,17.9850,18.1100,2696672,
2026-06-29,EVT.DE,XETRA,4.9400,4.9800,4.8500,4.9680,455185,
2026-06-29,FRE.DE,XETRA,39.7100,39.8300,39.2700,39.4400,829196,
2026-06-29,HAG.DE,XETRA,65.2800,67.6200,64.9200,67.5600,383392,
2026-06-29,HFG.DE,XETRA,3.9100,4.1540,3.8890,4.0120,1915709,
2026-06-29,HNR1.DE,XETRA,238.8000,241.0000,236.8000,240.4000,140152,
2026-06-29,IFX.DE,XETRA,79.5700,80.8800,76.4100,78.2400,3528384,
2026-06-29,JEN.DE,XETRA,46.2800,46.7800,44.6200,45.2400,167092,
2026-06-29,KGX.DE,XETRA,38.3000,38.4100,37.7800,37.8400,279566,
2026-06-29,LHA.DE,XETRA,9.7700,9.7920,9.5800,9.7840,4097052,
2026-06-29,MBG.DE,XETRA,43.6000,43.7500,42.6250,43.0800,2623400,
2026-06-29,MRK.DE,XETRA,147.5000,147.8500,145.2000,146.4000,283016,
2026-06-29,MTX.DE,XETRA,357.3000,359.5000,353.2000,359.1000,116632,
2026-06-29,MUV2.DE,XETRA,477.7000,485.5000,475.1000,485.3000,205002,
2026-06-29,NDX1.DE,XETRA,44.6000,45.0400,43.8600,44.5400,457690,
2026-06-29,NEM.DE,XETRA,53.6000,55.3000,52.8500,55.2500,459440,
2026-06-29,P911.DE,XETRA,43.3000,43.4400,42.3400,42.5000,627501,
2026-06-29,PUM.DE,XETRA,26.8000,26.9200,26.4800,26.8800,798873,
2026-06-29,QIA.DE,XETRA,34.8550,34.8800,34.4200,34.5700,610583,
2026-06-29,R3NK.DE,XETRA,42.8300,43.4700,42.0900,42.7650,628671,
2026-06-29,RHM.DE,XETRA,950.0000,979.4000,945.2000,970.9000,325465,
2026-06-29,RWE.DE,XETRA,54.8200,56.0000,54.8000,56.0000,1423110,
2026-06-29,S92.DE,XETRA,54.8500,58.8500,54.7500,56.5500,188990,
2026-06-29,SAP.DE,XETRA,137.1200,138.5400,135.9600,136.6400,2076994,
2026-06-29,SHL.DE,XETRA,34.3300,34.4000,34.0500,34.0600,830290,
2026-06-29,SIE.DE,XETRA,269.1000,270.0000,266.6500,269.2000,874698,
2026-06-29,SRT3.DE,XETRA,224.0000,230.5000,223.9000,223.9000,97619,
2026-06-29,SZG.DE,XETRA,44.1800,44.3000,42.4000,42.4000,117637,
2026-06-29,TKA.DE,XETRA,10.3000,10.6800,10.0250,10.0750,2854396,
2026-06-29,TUI1.DE,XETRA,7.4000,7.4000,7.2740,7.2880,2187707,
2026-06-29,VOW3.DE,XETRA,74.5200,74.5200,71.3600,71.3600,2020580,
2026-06-29,WAF.DE,XETRA,82.6000,84.4500,80.3500,80.5500,114194,
2026-06-29,ZAL.DE,XETRA,25.0000,25.8300,24.9200,25.1500,1536941,
2026-06-30,ADS.DE,XETRA,178.0000,181.5500,176.7500,179.4000,734648,
2026-06-30,AFX.DE,XETRA,26.4000,26.8400,26.2200,26.6200,235912,
2026-06-30,AIR.DE,XETRA,192.6600,195.2000,191.8400,194.4400,284388,
2026-06-30,AIXA.DE,XETRA,53.9000,54.0000,52.3600,52.6200,418957,
2026-06-30,ALV.DE,XETRA,410.0000,414.1000,409.7000,414.1000,741597,
2026-06-30,BAYN.DE,XETRA,45.9000,48.4100,45.4100,48.4100,5443016,
2026-06-30,BC8.DE,XETRA,30.9200,31.3600,30.7000,30.9800,264977,
2026-06-30,BMW.DE,XETRA,57.7400,58.0600,57.0200,57.2600,3500213,
2026-06-30,CBK.DE,XETRA,37.1500,37.4500,37.0800,37.2300,1622906,
2026-06-30,CON.DE,XETRA,71.1200,72.3200,70.7000,72.1600,356120,
2026-06-30,DBK.DE,XETRA,29.6000,29.7250,29.3650,29.6250,4699363,
2026-06-30,DHER.DE,XETRA,35.8000,36.2100,35.5600,36.0000,528985,
2026-06-30,ENR.DE,XETRA,163.6000,166.4400,163.4000,165.8000,2577971,
2026-06-30,EOAN.DE,XETRA,18.1650,18.2450,17.9550,18.0250,4282244,
2026-06-30,EVT.DE,XETRA,5.0200,5.0850,4.9360,4.9980,670936,
2026-06-30,FRE.DE,XETRA,39.1300,40.1400,39.1300,39.9700,1217876,
2026-06-30,HAG.DE,XETRA,67.5000,68.7200,66.2600,67.7600,284644,
2026-06-30,HFG.DE,XETRA,3.9800,3.9990,3.9050,3.9470,489158,
2026-06-30,HNR1.DE,XETRA,240.6000,242.8000,240.4000,242.4000,144876,
2026-06-30,IFX.DE,XETRA,80.7600,81.9200,79.8500,81.6700,4224301,
2026-06-30,JEN.DE,XETRA,46.8000,47.2400,46.1600,46.9400,150143,
2026-06-30,KGX.DE,XETRA,38.8500,38.8600,37.9600,38.7700,286358,
2026-06-30,LHA.DE,XETRA,9.8200,10.0100,9.7280,10.0100,6442817,
2026-06-30,MBG.DE,XETRA,43.2900,43.9200,42.8100,43.9200,3600910,
2026-06-30,MRK.DE,XETRA,147.0000,147.4500,145.9500,146.8500,382801,
2026-06-30,MTX.DE,XETRA,358.8000,367.7000,357.7000,363.9000,189375,
2026-06-30,MUV2.DE,XETRA,485.3000,489.6000,484.0000,488.5000,270581,
2026-06-30,NDX1.DE,XETRA,45.2800,46.6000,45.2800,46.2000,575026,
2026-06-30,NEM.DE,XETRA,55.0500,55.0500,52.7500,53.1000,338724,
2026-06-30,P911.DE,XETRA,42.5100,43.7800,42.2200,43.5100,550000,
2026-06-30,PUM.DE,XETRA,26.8900,27.0500,26.2000,26.5800,694162,
2026-06-30,QIA.DE,XETRA,34.2250,34.6400,33.8000,33.9000,739164,
2026-06-30,R3NK.DE,XETRA,42.6650,43.0950,41.4900,42.1750,670806,
2026-06-30,RHM.DE,XETRA,975.4000,1007.6000,960.9000,990.5000,330074,
2026-06-30,RWE.DE,XETRA,56.7000,56.8400,56.1600,56.6200,1778853,
2026-06-30,S92.DE,XETRA,58.9500,64.6000,57.2000,62.9500,263826,
2026-06-30,SAP.DE,XETRA,136.3600,136.4200,133.1000,134.0000,2895462,
2026-06-30,SHL.DE,XETRA,34.0700,34.4500,33.8700,34.2000,885476,
2026-06-30,SIE.DE,XETRA,274.4500,282.5500,273.5000,281.1500,1693904,
2026-06-30,SRT3.DE,XETRA,224.6000,230.0000,223.8000,229.6000,94731,
2026-06-30,SZG.DE,XETRA,43.3600,45.6600,43.1400,45.2600,164664,
2026-06-30,TKA.DE,XETRA,10.2150,10.5000,10.0500,10.4050,2549950,
2026-06-30,TUI1.DE,XETRA,7.2820,7.3300,7.1700,7.2400,2164879,
2026-06-30,VOW3.DE,XETRA,71.3600,71.4200,70.0000,70.1000,1718885,
2026-06-30,WAF.DE,XETRA,85.0000,85.1500,81.5000,81.5000,123115,
2026-06-30,ZAL.DE,XETRA,25.3400,25.8300,24.9700,25.3700,1054623,
2026-07-01,ADS.DE,XETRA,179.0000,181.0000,175.5000,181.0000,652108,
2026-07-01,AFX.DE,XETRA,26.6000,28.1800,26.5600,27.8200,277474,
2026-07-01,AIR.DE,XETRA,195.1600,199.7000,194.9800,198.2600,303069,
2026-07-01,AIXA.DE,XETRA,53.0000,54.3200,51.0000,51.6000,428052,
2026-07-01,ALV.DE,XETRA,413.7000,414.3000,409.7000,414.1000,436332,
2026-07-01,BAYN.DE,XETRA,48.5000,49.0000,47.7600,49.0000,4784681,
2026-07-01,BC8.DE,XETRA,31.4200,32.0400,30.7400,31.9400,248133,
2026-07-01,BMW.DE,XETRA,57.8800,58.3400,57.1600,58.2000,1584041,
2026-07-01,CBK.DE,XETRA,36.9800,37.3300,36.7200,37.1400,1884598,
2026-07-01,CON.DE,XETRA,72.0200,72.5400,71.7600,72.3400,227063,
2026-07-01,DBK.DE,XETRA,29.5600,29.8950,29.4100,29.7450,3327727,
2026-07-01,DHER.DE,XETRA,36.0000,36.9000,36.0000,36.7300,421828,
2026-07-01,ENR.DE,XETRA,166.2200,168.5800,161.5000,163.3400,2373644,
2026-07-01,EOAN.DE,XETRA,17.9350,17.9650,17.6400,17.6600,3400272,
2026-07-01,EVT.DE,XETRA,5.0500,5.2300,5.0350,5.0950,716379,
2026-07-01,FRE.DE,XETRA,40.0100,41.2800,39.7900,41.0300,1442044,
2026-07-01,HAG.DE,XETRA,68.3000,71.3000,68.1800,70.9000,348579,
2026-07-01,HFG.DE,XETRA,3.9500,4.3270,3.9500,4.2450,1661011,
2026-07-01,HNR1.DE,XETRA,242.4000,243.8000,239.8000,243.4000,116131,
2026-07-01,IFX.DE,XETRA,81.6800,82.8600,77.2000,77.9000,3387265,
2026-07-01,JEN.DE,XETRA,47.0000,47.7800,45.2200,45.4000,153044,
2026-07-01,KGX.DE,XETRA,38.9800,40.5900,38.8500,39.7800,518341,
2026-07-01,LHA.DE,XETRA,9.9740,9.9920,9.6960,9.7700,4017331,
2026-07-01,MBG.DE,XETRA,44.2000,44.2000,43.5100,43.7900,1921937,
2026-07-01,MRK.DE,XETRA,146.9500,148.6500,144.5000,144.5000,294306,
2026-07-01,MTX.DE,XETRA,365.0000,374.2000,364.8000,369.7000,219920,
2026-07-01,MUV2.DE,XETRA,488.2000,491.6000,483.7000,490.7000,197838,
2026-07-01,NDX1.DE,XETRA,46.2800,47.6000,46.0000,46.5600,674973,
2026-07-01,NEM.DE,XETRA,53.9000,56.7000,53.2000,56.6000,226424,
2026-07-01,P911.DE,XETRA,43.9000,44.1100,43.0700,44.1100,580021,
2026-07-01,PUM.DE,XETRA,26.6200,27.0700,26.0500,27.0000,907413,
2026-07-01,QIA.DE,XETRA,34.1800,34.5950,34.0400,34.4400,860697,
2026-07-01,R3NK.DE,XETRA,42.7000,44.4650,42.3500,44.4400,774000,
2026-07-01,RHM.DE,XETRA,1006.0000,1056.8000,998.8000,1050.6000,394721,
2026-07-01,RWE.DE,XETRA,56.7400,56.7400,55.3000,55.9400,1489337,
2026-07-01,S92.DE,XETRA,63.2500,63.2500,58.5000,60.6000,115105,
2026-07-01,SAP.DE,XETRA,135.4600,141.0800,134.6600,140.8800,3028943,
2026-07-01,SHL.DE,XETRA,34.0000,34.5800,33.7400,34.4800,1153101,
2026-07-01,SIE.DE,XETRA,280.0000,281.1500,272.5500,273.4500,1187325,
2026-07-01,SRT3.DE,XETRA,229.3000,232.8000,225.0000,229.4000,61847,
2026-07-01,SZG.DE,XETRA,45.3000,47.4800,43.9800,47.3400,193350,
2026-07-01,TKA.DE,XETRA,10.3450,10.5600,10.1200,10.4450,1801792,
2026-07-01,TUI1.DE,XETRA,7.2500,7.2560,7.0540,7.1640,3551587,
2026-07-01,VOW3.DE,XETRA,70.2200,70.9800,69.2000,69.9400,1614347,
2026-07-01,WAF.DE,XETRA,86.0000,87.6000,82.5000,87.4500,195741,
2026-07-01,ZAL.DE,XETRA,25.4200,25.8800,24.6600,25.6600,0,
2026-07-02,ADS.DE,XETRA,182.5000,186.0000,181.8000,183.7000,913345,
2026-07-02,AFX.DE,XETRA,27.8800,28.2000,27.6800,27.6800,201791,
2026-07-02,AIR.DE,XETRA,197.5600,204.9000,197.5600,204.0000,385829,
2026-07-02,AIXA.DE,XETRA,50.0000,51.0000,46.0000,46.5000,1400543,
2026-07-02,ALV.DE,XETRA,415.0000,420.9000,413.8000,418.4000,697750,
2026-07-02,BAYN.DE,XETRA,49.4200,53.4000,49.2400,53.3600,7973874,
2026-07-02,BC8.DE,XETRA,31.7000,31.8800,31.0800,31.4200,160466,
2026-07-02,BMW.DE,XETRA,58.6800,60.7400,58.6400,60.2000,1814094,
2026-07-02,CBK.DE,XETRA,37.1500,38.2200,36.9900,37.8900,3457081,
2026-07-02,CON.DE,XETRA,72.5800,76.1800,72.5600,74.8200,577944,
2026-07-02,DBK.DE,XETRA,29.9800,31.8250,29.9750,31.3250,8044199,
2026-07-02,DHER.DE,XETRA,36.5000,37.3500,36.0600,36.6600,330641,
2026-07-02,ENR.DE,XETRA,159.0000,167.2400,158.4000,165.8200,2233639,
2026-07-02,EOAN.DE,XETRA,17.7700,18.3700,17.6600,18.3700,4038713,
2026-07-02,EVT.DE,XETRA,5.1050,5.2200,5.0450,5.1450,551841,
2026-07-02,FRE.DE,XETRA,41.6200,42.3200,40.7900,42.1200,1375147,
2026-07-02,HAG.DE,XETRA,71.0000,77.9400,70.9000,76.9600,630131,
2026-07-02,HFG.DE,XETRA,4.2850,4.2850,4.0140,4.0740,841612,
2026-07-02,HNR1.DE,XETRA,245.0000,247.8000,242.8000,246.6000,127321,
2026-07-02,IFX.DE,XETRA,75.5000,79.0700,75.2000,76.3500,4993993,
2026-07-02,JEN.DE,XETRA,44.5400,45.1400,42.6600,42.9000,195772,
2026-07-02,KGX.DE,XETRA,39.9600,41.5600,38.6800,41.4800,561707,
2026-07-02,LHA.DE,XETRA,9.7200,10.0750,9.6900,9.9840,5001335,
2026-07-02,MBG.DE,XETRA,44.0000,45.1600,43.9450,44.8250,2199310,
2026-07-02,MRK.DE,XETRA,145.4000,147.9500,144.7500,147.5000,418779,
2026-07-02,MTX.DE,XETRA,365.9000,379.2000,365.9000,373.8000,246092,
2026-07-02,MUV2.DE,XETRA,494.4000,502.0000,493.0000,498.7000,345434,
2026-07-02,NDX1.DE,XETRA,46.1000,47.0600,44.9800,46.5000,520566,
2026-07-02,NEM.DE,XETRA,56.7500,56.8500,55.2500,55.7000,236729,
2026-07-02,P911.DE,XETRA,44.1500,45.2000,43.8800,45.2000,732414,
2026-07-02,PUM.DE,XETRA,27.4000,27.7200,26.6000,26.7300,520577,
2026-07-02,QIA.DE,XETRA,34.7600,35.0700,34.4050,34.9800,755632,
2026-07-02,R3NK.DE,XETRA,44.8650,47.9750,44.3450,47.2650,794922,
2026-07-02,RHM.DE,XETRA,1061.8000,1120.8000,1048.8000,1115.0000,377448,
2026-07-02,RWE.DE,XETRA,55.7600,56.9000,55.2000,56.8600,1128498,
2026-07-02,S92.DE,XETRA,59.0000,60.9000,57.0000,58.8500,119870,
2026-07-02,SAP.DE,XETRA,141.6000,142.1600,137.7800,141.7200,2900438,
2026-07-02,SHL.DE,XETRA,34.1000,35.0100,33.8300,34.9600,1110809,
2026-07-02,SIE.DE,XETRA,271.7500,279.8000,269.5500,276.9000,1002816,
2026-07-02,SRT3.DE,XETRA,229.7000,232.8000,226.6000,231.1000,53399,
2026-07-02,SZG.DE,XETRA,46.9000,49.7600,46.9000,48.7200,307744,
2026-07-02,TKA.DE,XETRA,10.2800,11.4000,10.2800,11.3700,4519723,
2026-07-02,TUI1.DE,XETRA,7.1800,7.2700,7.1260,7.2300,2062292,
2026-07-02,VOW3.DE,XETRA,70.7000,73.3000,70.7000,73.3000,1541083,
2026-07-02,WAF.DE,XETRA,84.0000,90.2000,83.7500,84.4000,170350,
2026-07-02,ZAL.DE,XETRA,25.5000,26.7400,25.3000,26.7400,1027043,
2026-07-03,ADS.DE,GER,182.2500,186.1000,181.9000,185.3000,276421,
2026-07-03,AFX.DE,GER,27.8200,29.0600,27.6400,28.7400,288340,
2026-07-03,AIR.DE,GER,208.3500,208.9000,205.0500,206.1500,294536,
2026-07-03,AIXA.DE,GER,47.8700,49.5000,47.5600,49.2800,523806,
2026-07-03,ALV.DE,GER,419.2000,421.5000,417.4000,419.8000,388533,
2026-07-03,BAYN.DE,GER,53.4800,53.9200,52.6400,53.3600,4160396,
2026-07-03,BC8.DE,GER,31.1000,31.6800,31.1000,31.6200,110824,
2026-07-03,BMW.DE,GER,60.5000,61.3200,60.1600,60.5600,1313881,
2026-07-03,CBK.DE,GER,37.9500,38.1000,37.5700,37.7200,2161178,
2026-07-03,CON.DE,GER,74.9600,77.5000,74.6200,75.9800,512145,
2026-07-03,DBK.DE,GER,31.8500,32.0200,31.4850,31.8300,5284520,
2026-07-03,DHER.DE,GER,36.7500,37.3800,36.6100,36.9200,406250,
2026-07-03,ENR.DE,GER,168.5000,169.3600,165.8000,168.1200,1392924,
2026-07-03,EOAN.DE,GER,18.5000,19.2150,18.4450,19.1750,5959139,
2026-07-03,EVT.DE,GER,5.2000,5.2100,5.1000,5.1400,398661,
2026-07-03,FRE.DE,GER,42.1900,42.5600,42.0700,42.4300,896713,
2026-07-03,HAG.DE,GER,77.2600,78.0000,75.5800,75.5800,233049,
2026-07-03,HFG.DE,GER,4.0730,4.1210,4.0080,4.0240,507199,
2026-07-03,HNR1.DE,GER,247.2000,247.8000,243.4000,244.2000,110439,
2026-07-03,IFX.DE,GER,77.5300,78.3100,76.9100,77.3800,2823502,
2026-07-03,JEN.DE,GER,43.0600,44.5600,43.0600,44.5600,116126,
2026-07-03,KGX.DE,GER,41.9400,43.6600,41.8800,43.4100,641132,
2026-07-03,LHA.DE,GER,10.0100,10.0900,9.9160,9.9760,3191209,
2026-07-03,MBG.DE,GER,45.1450,45.5600,45.0300,45.2400,1167340,
2026-07-03,MRK.DE,GER,147.0000,147.4000,144.6000,145.6500,265200,
2026-07-03,MTX.DE,GER,376.3000,382.5000,375.5000,378.6000,205694,
2026-07-03,MUV2.DE,GER,499.9000,500.4000,492.4000,496.4000,208967,
2026-07-03,NDX1.DE,GER,47.3000,47.3000,45.5200,45.5200,406958,
2026-07-03,NEM.DE,GER,55.5000,55.6500,54.7500,55.4500,177500,
2026-07-03,P911.DE,GER,45.1200,47.0600,45.1200,45.9700,494520,
2026-07-03,PUM.DE,GER,26.7900,26.9800,26.4600,26.8900,373720,
2026-07-03,QIA.DE,GER,34.8150,34.8900,34.4550,34.6250,345009,
2026-07-03,R3NK.DE,XETRA,48.0000,48.2650,46.3400,46.8000,414458,
2026-07-03,RHM.DE,GER,1117.2000,1121.0000,1073.0000,1093.4000,243877,
2026-07-03,RWE.DE,GER,57.3400,58.0400,57.2200,57.8200,1211279,
2026-07-03,S92.DE,GER,59.2500,60.7000,56.9000,60.1500,99003,
2026-07-03,SAP.DE,GER,141.5000,141.9200,138.7000,139.6400,1383798,
2026-07-03,SHL.DE,GER,34.9500,35.0400,34.6000,34.9700,698220,
2026-07-03,SIE.DE,GER,282.4000,284.6500,280.4000,284.1000,706251,
2026-07-03,SRT3.DE,GER,232.1000,232.1000,224.9000,226.6000,57880,
2026-07-03,SZG.DE,GER,48.9600,51.6500,48.9600,51.6500,374379,
2026-07-03,TKA.DE,GER,11.4650,12.0350,11.4250,12.0350,3294542,
2026-07-03,TUI1.DE,GER,7.2120,7.2580,7.1520,7.2280,1515147,
2026-07-03,VOW3.DE,GER,73.9000,74.8200,73.6800,74.6600,844243,
2026-07-03,WAF.DE,GER,85.7000,92.8000,85.6500,92.5000,118944,
2026-07-03,ZAL.DE,GER,26.6500,27.1400,26.2400,27.0300,968396,
2026-07-04,ADS.DE,GER,182.2500,186.1000,181.9000,185.3000,276421,
2026-07-04,AFX.DE,GER,27.8200,29.0600,27.6400,28.7400,288340,
2026-07-04,AIR.DE,GER,208.3500,208.9000,205.0500,206.1500,294536,
2026-07-04,AIXA.DE,GER,47.8700,49.5000,47.5600,49.2800,523806,
2026-07-04,ALV.DE,GER,419.2000,421.5000,417.4000,419.8000,388533,
2026-07-04,BAYN.DE,GER,53.4800,53.9200,52.6400,53.3600,4160396,
2026-07-04,BC8.DE,GER,31.1000,31.6800,31.1000,31.6200,110824,
2026-07-04,BMW.DE,GER,60.5000,61.3200,60.1600,60.5600,1313881,
2026-07-04,CBK.DE,GER,37.9500,38.1000,37.5700,37.7200,2161178,
2026-07-04,CON.DE,GER,74.9600,77.5000,74.6200,75.9800,512145,
2026-07-04,DBK.DE,GER,31.8500,32.0200,31.4850,31.8300,5284520,
2026-07-04,DHER.DE,GER,36.7500,37.3800,36.6100,36.9200,406250,
2026-07-04,ENR.DE,GER,168.5000,169.3600,165.8000,168.1200,1392924,
2026-07-04,EOAN.DE,GER,18.5000,19.2150,18.4450,19.1750,5959139,
2026-07-04,EVT.DE,GER,5.2000,5.2100,5.1000,5.1400,398661,
2026-07-04,FRE.DE,GER,42.1900,42.5600,42.0700,42.4300,896713,
2026-07-04,HAG.DE,GER,77.2600,78.0000,75.5800,75.5800,233049,
2026-07-04,HFG.DE,GER,4.0730,4.1210,4.0080,4.0240,507199,
2026-07-04,HNR1.DE,GER,247.2000,247.8000,243.4000,244.2000,110439,
2026-07-04,IFX.DE,GER,77.5300,78.3100,76.9100,77.3800,2823502,
2026-07-04,JEN.DE,GER,43.0600,44.5600,43.0600,44.5600,116126,
2026-07-04,KGX.DE,GER,41.9400,43.6600,41.8800,43.4100,641132,
2026-07-04,LHA.DE,GER,10.0100,10.0900,9.9160,9.9760,3191209,
2026-07-04,MBG.DE,GER,45.1450,45.5600,45.0300,45.2400,1167340,
2026-07-04,MRK.DE,GER,147.0000,147.4000,144.6000,145.6500,265200,
2026-07-04,MTX.DE,GER,376.3000,382.5000,375.5000,378.6000,205694,
2026-07-04,MUV2.DE,GER,499.9000,500.4000,492.4000,496.4000,208967,
2026-07-04,NDX1.DE,GER,47.3000,47.3000,45.5200,45.5200,406958,
2026-07-04,NEM.DE,GER,55.5000,55.6500,54.7500,55.4500,177500,
2026-07-04,P911.DE,GER,45.1200,47.0600,45.1200,45.9700,494520,
2026-07-04,PUM.DE,GER,26.7900,26.9800,26.4600,26.8900,373720,
2026-07-04,QIA.DE,GER,34.8150,34.8900,34.4550,34.6250,345009,
2026-07-04,RHM.DE,GER,1117.2000,1121.0000,1073.0000,1093.4000,243877,
2026-07-04,RWE.DE,GER,57.3400,58.0400,57.2200,57.8200,1211279,
2026-07-04,S92.DE,GER,59.2500,60.7000,56.9000,60.1500,99003,
2026-07-04,SAP.DE,GER,141.5000,141.9200,138.7000,139.6400,1383798,
2026-07-04,SHL.DE,GER,34.9500,35.0400,34.6000,34.9700,698220,
2026-07-04,SIE.DE,GER,282.4000,284.6500,280.4000,284.1000,706251,
2026-07-04,SRT3.DE,GER,232.1000,232.1000,224.9000,226.6000,57880,
2026-07-04,SZG.DE,GER,48.9600,51.6500,48.9600,51.6500,374379,
2026-07-04,TKA.DE,GER,11.4650,12.0350,11.4250,12.0350,3294542,
2026-07-04,TUI1.DE,GER,7.2120,7.2580,7.1520,7.2280,1515147,
2026-07-04,VOW3.DE,GER,73.9000,74.8200,73.6800,74.6600,844243,
2026-07-04,WAF.DE,GER,85.7000,92.8000,85.6500,92.5000,118944,
2026-07-04,ZAL.DE,GER,26.6500,27.1400,26.2400,27.0300,968396,
2026-07-06,ADS.DE,GER,185.9500,188.8000,185.0500,185.4000,530863,
2026-07-06,AFX.DE,GER,29.2400,29.9400,28.5200,28.5200,234306,
2026-07-06,AIR.DE,GER,205.9500,210.1000,205.9500,209.4500,196989,
2026-07-06,AIXA.DE,GER,48.5400,50.1400,48.1000,50.0200,639973,
2026-07-06,ALV.DE,GER,422.9000,423.4000,419.5000,420.2000,322655,
2026-07-06,BAYN.DE,GER,53.0600,53.7800,51.1800,51.1800,3664805,
2026-07-06,BC8.DE,GER,31.6600,32.9600,31.6600,32.6000,218022,
2026-07-06,BMW.DE,GER,61.2200,61.4400,59.8800,60.1200,1098615,
2026-07-06,CBK.DE,GER,37.8000,38.1700,37.5600,38.1700,1680054,
2026-07-06,CON.DE,GER,75.2600,75.7000,73.5000,74.3400,546612,
2026-07-06,DBK.DE,GER,31.9000,32.3150,31.7950,32.2950,3838941,
2026-07-06,DHER.DE,GER,36.8500,37.3000,36.3300,36.7300,251638,
2026-07-06,ENR.DE,GER,168.8000,170.6800,164.2000,170.4400,1394792,
2026-07-06,EOAN.DE,GER,19.1800,19.2750,18.9600,18.9950,3223873,
2026-07-06,EVT.DE,GER,5.1550,5.2000,5.0900,5.1500,304965,
2026-07-06,FRE.DE,GER,42.5400,43.2700,42.5000,43.2000,1165635,
2026-07-06,HAG.DE,GER,75.1600,80.4600,75.1000,80.1800,478472,
2026-07-06,HFG.DE,GER,4.0150,4.1100,3.9180,3.9400,851705,
2026-07-06,HNR1.DE,GER,246.0000,247.4000,243.6000,243.6000,112659,
2026-07-06,IFX.DE,GER,76.0700,77.7700,74.5200,77.2100,2869604,
2026-07-06,JEN.DE,GER,43.9200,44.2600,43.1800,43.6800,87537,
2026-07-06,KGX.DE,GER,43.5200,44.2900,43.3800,43.8400,319913,
2026-07-06,LHA.DE,GER,9.9720,10.1050,9.9200,10.0850,3318545,
2026-07-06,MBG.DE,GER,45.5750,45.7200,45.2450,45.4050,1160347,
2026-07-06,MRK.DE,GER,144.8500,146.7500,141.9000,142.8000,248875,
2026-07-06,MTX.DE,GER,378.6000,382.0000,372.9000,376.3000,158010,
2026-07-06,MUV2.DE,GER,499.1000,502.4000,495.0000,495.9000,153481,
2026-07-06,NDX1.DE,GER,46.1000,46.1000,42.5600,43.8800,643907,
2026-07-06,NEM.DE,GER,56.6000,58.6000,56.3000,57.9500,285139,
2026-07-06,P911.DE,GER,46.4900,47.2800,46.3900,47.0400,427433,
2026-07-06,PUM.DE,GER,26.9900,27.9300,26.9800,27.9300,728836,
2026-07-06,QIA.DE,GER,34.8900,35.0800,33.8650,34.0750,642995,
2026-07-06,R3NK.DE,XETRA,46.5900,49.5850,46.4500,48.6900,550030,
2026-07-06,RHM.DE,GER,1087.6000,1133.8000,1087.6000,1130.0000,221659,
2026-07-06,RWE.DE,GER,57.8200,57.8200,57.0600,57.4800,874489,
2026-07-06,S92.DE,GER,58.6500,59.0500,55.3500,57.8000,133973,
2026-07-06,SAP.DE,GER,140.7200,142.7200,139.0400,140.0600,1675308,
2026-07-06,SHL.DE,GER,35.2000,35.5300,34.4100,34.8800,1008121,
2026-07-06,SIE.DE,GER,283.1000,283.7000,277.9000,281.6000,547684,
2026-07-06,SRT3.DE,GER,227.9000,233.4000,225.4000,229.9000,66067,
2026-07-06,SZG.DE,GER,50.8000,51.7000,50.3000,51.1000,144119,
2026-07-06,TKA.DE,GER,11.9700,12.4600,11.8750,12.3700,3739584,
2026-07-06,TUI1.DE,GER,7.3300,7.5020,7.2040,7.2500,3162419,
2026-07-06,VOW3.DE,GER,75.0000,75.6200,74.7800,75.5000,788753,
2026-07-06,WAF.DE,GER,90.6000,93.4500,90.1000,91.7500,91106,
2026-07-06,ZAL.DE,GER,27.1100,27.6600,27.0800,27.1900,928899,
2026-07-07,ADS.DE,GER,186.6000,188.5000,185.9500,187.9000,568002,
2026-07-07,AFX.DE,GER,28.9400,29.3400,28.3000,28.3000,223413,
2026-07-07,AIR.DE,GER,209.5000,210.9500,203.5000,203.9000,193162,
2026-07-07,AIXA.DE,GER,46.8100,48.3400,43.9500,43.9500,1262739,
2026-07-07,ALV.DE,GER,422.0000,424.0000,420.2000,422.8000,450452,
2026-07-07,BAYN.DE,GER,51.2800,51.7000,50.7800,50.8200,2382511,
2026-07-07,BC8.DE,GER,33.0000,33.0200,32.0000,32.1600,172190,
2026-07-07,BMW.DE,GER,60.9400,61.6800,60.6800,60.7400,1531344,
2026-07-07,CBK.DE,GER,38.2500,38.6100,37.9300,38.2800,1721965,
2026-07-07,CON.DE,GER,74.2000,75.5800,72.8800,72.8800,394868,
2026-07-07,DBK.DE,GER,32.4600,32.9900,32.2700,32.3050,6150575,
2026-07-07,DHER.DE,GER,36.6100,37.2500,36.2500,36.4100,367662,
2026-07-07,ENR.DE,GER,160.7200,162.8200,153.6400,155.3000,3188722,
2026-07-07,EOAN.DE,GER,19.0650,19.1500,18.8900,19.0550,3204908,
2026-07-07,EVT.DE,GER,5.1550,5.2000,5.0400,5.0400,330818,
2026-07-07,FRE.DE,GER,43.6900,44.0700,43.4100,43.4100,1159414,
2026-07-07,HAG.DE,GER,79.5600,82.0200,79.2200,80.9200,385078,
2026-07-07,HFG.DE,GER,3.9690,4.0500,3.8400,3.8400,774704,
2026-07-07,HNR1.DE,GER,246.0000,249.8000,244.8000,249.4000,141747,
2026-07-07,IFX.DE,GER,74.8000,75.0400,69.7200,70.8300,5726274,
2026-07-07,JEN.DE,GER,41.3800,41.5600,37.6600,37.8600,510432,
2026-07-07,KGX.DE,GER,46.3400,46.4300,43.1300,43.3000,431854,
2026-07-07,LHA.DE,GER,10.1500,10.2850,9.8900,9.8900,4682925,
2026-07-07,MBG.DE,GER,45.7850,46.3250,45.6950,45.9700,2237596,
2026-07-07,MRK.DE,GER,143.7000,143.8500,141.6500,141.7500,253795,
2026-07-07,MTX.DE,GER,375.0000,380.0000,364.2000,368.1000,218004,
2026-07-07,MUV2.DE,GER,500.4000,511.2000,499.4000,508.0000,238081,
2026-07-07,NDX1.DE,GER,43.6400,43.9000,41.3800,41.4000,497473,
2026-07-07,NEM.DE,GER,59.2000,60.3000,57.6500,58.4500,216654,
2026-07-07,P911.DE,GER,47.3600,48.7200,47.1800,47.2700,405937,
2026-07-07,PUM.DE,GER,28.0000,28.5300,27.9900,28.0300,551447,
2026-07-07,QIA.DE,GER,33.8850,34.8400,33.8850,34.1200,486948,
2026-07-07,R3NK.DE,XETRA,49.3400,49.9550,48.0600,48.2550,489848,
2026-07-07,RHM.DE,GER,1140.0000,1146.0000,1111.6000,1111.6000,205051,
2026-07-07,RWE.DE,GER,57.8200,58.0000,56.2600,56.5800,1074832,
2026-07-07,S92.DE,GER,56.0000,57.6500,52.8500,52.8500,169986,
2026-07-07,SAP.DE,GER,142.4800,145.1000,142.0000,143.9000,2302025,
2026-07-07,SHL.DE,GER,35.1000,35.6800,34.9300,35.2500,991152,
2026-07-07,SIE.DE,GER,280.0000,280.3500,268.3500,269.6000,1067223,
2026-07-07,SRT3.DE,GER,229.7000,234.1000,228.0000,232.2000,84918,
2026-07-07,SZG.DE,GER,50.3500,51.7000,50.2500,51.0500,231169,
2026-07-07,TKA.DE,GER,12.3100,12.4800,11.9050,11.9050,2893118,
2026-07-07,TUI1.DE,GER,7.3000,7.3640,7.1220,7.1880,1874186,
2026-07-07,VOW3.DE,GER,76.3200,76.9600,75.8000,75.8000,763203,
2026-07-07,WAF.DE,GER,87.0500,88.5000,80.8500,80.9000,226599,
2026-07-07,ZAL.DE,GER,27.4700,27.5100,26.8900,27.2400,964764,
2026-07-08,ADS.DE,GER,186.2500,187.1000,178.7500,179.1500,886792,
2026-07-08,AFX.DE,GER,28.6000,29.9000,28.6000,29.1600,410880,
2026-07-08,AIR.DE,GER,201.7000,202.0500,197.2800,197.2800,309881,
2026-07-08,AIXA.DE,GER,44.0600,44.0800,42.3100,42.7500,907127,
2026-07-08,ALV.DE,GER,420.0000,421.1000,412.8000,418.5000,574832,
2026-07-08,BAYN.DE,GER,50.3600,50.7000,49.3600,49.6400,2727776,
2026-07-08,BC8.DE,GER,32.0000,32.0200,30.3800,30.5000,159733,
2026-07-08,BMW.DE,GER,59.5200,59.9200,58.5400,58.6000,1855855,
2026-07-08,CBK.DE,GER,37.8400,38.4500,37.1600,37.4100,2919856,
2026-07-08,CON.DE,GER,71.8400,71.9200,70.0000,70.5200,399032,
2026-07-08,DBK.DE,GER,31.8300,31.8300,30.3350,30.6900,6809871,
2026-07-08,DHER.DE,GER,36.3000,37.2400,36.0800,36.6700,417296,
2026-07-08,ENR.DE,GER,156.7200,156.8400,151.8600,151.9000,2566168,
2026-07-08,EOAN.DE,GER,19.3500,19.4700,19.0950,19.2050,6449777,
2026-07-08,EVT.DE,GER,5.0500,5.0500,4.8140,4.8920,420258,
2026-07-08,FRE.DE,GER,42.6800,43.0100,42.3500,42.4000,1011180,
2026-07-08,HAG.DE,GER,79.8000,81.2400,78.0000,78.6800,272118,
2026-07-08,HFG.DE,GER,3.8200,3.9380,3.7700,3.7960,701965,
2026-07-08,HNR1.DE,GER,248.2000,251.4000,245.2000,251.4000,243307,
2026-07-08,IFX.DE,GER,70.8500,70.9200,68.2100,70.3000,4330884,
2026-07-08,JEN.DE,GER,38.5000,39.0200,37.2200,38.3200,248994,
2026-07-08,KGX.DE,GER,42.1200,42.5800,40.7600,41.0800,346185,
2026-07-08,LHA.DE,GER,9.3660,9.6660,9.1960,9.2460,7646540,
2026-07-08,MBG.DE,GER,45.0500,45.3450,44.0350,44.1250,3333756,
2026-07-08,MRK.DE,GER,140.7500,141.3500,139.1500,139.1500,269040,
2026-07-08,MTX.DE,GER,362.9000,362.9000,348.4000,355.3000,230797,
2026-07-08,MUV2.DE,GER,504.2000,507.2000,497.3000,505.8000,274876,
2026-07-08,NDX1.DE,GER,42.0000,42.3400,40.5200,40.5200,525254,
2026-07-08,NEM.DE,GER,58.0000,58.0000,55.4000,55.6500,178616,
2026-07-08,P911.DE,GER,47.1300,47.1300,45.7100,46.1300,417167,
2026-07-08,PUM.DE,GER,27.7300,27.8300,26.9300,27.6100,570308,
2026-07-08,QIA.DE,GER,33.5800,33.5800,33.0200,33.1500,590183,
2026-07-08,R3NK.DE,XETRA,47.8800,48.3500,45.4950,45.7700,659310,
2026-07-08,RHM.DE,GER,1109.4000,1121.0000,1053.2000,1058.8000,238327,
2026-07-08,RWE.DE,GER,57.0000,57.6400,55.8000,56.1200,1226394,
2026-07-08,S92.DE,GER,53.4500,55.2500,53.0000,53.8500,109270,
2026-07-08,SAP.DE,GER,142.0400,142.8200,137.0800,137.9600,2184949,
2026-07-08,SHL.DE,GER,34.6600,35.0300,34.1400,34.2500,1009114,
2026-07-08,SIE.DE,GER,267.6500,268.4500,262.0500,265.5500,1193066,
2026-07-08,SRT3.DE,GER,230.4000,230.5000,220.3000,220.3000,114982,
2026-07-08,SZG.DE,GER,50.9000,50.9000,48.8400,49.3600,126713,
2026-07-08,TKA.DE,GER,11.7000,11.7800,11.3200,11.5050,2525663,
2026-07-08,TUI1.DE,GER,7.1020,7.3400,6.9740,7.0440,4017240,
2026-07-08,VOW3.DE,GER,74.5000,74.7000,72.3800,72.3800,1283830,
2026-07-08,WAF.DE,GER,81.3000,82.1000,78.3000,80.1500,138652,
2026-07-08,ZAL.DE,GER,27.1000,27.2800,25.7000,26.1700,1205571,
2026-07-09,ADS.DE,GER,180.2500,182.2000,178.7500,181.5500,404819,
2026-07-09,AFX.DE,GER,29.1400,29.4600,28.8800,29.2800,190560,
2026-07-09,AIR.DE,GER,198.9600,200.0500,194.0400,196.4800,317510,
2026-07-09,AIXA.DE,GER,44.4800,45.8100,43.8600,45.2700,498879,
2026-07-09,ALV.DE,GER,419.8000,423.1000,419.5000,422.7000,501242,
2026-07-09,BAYN.DE,GER,51.3200,51.4400,49.9800,50.7000,2129086,
2026-07-09,BC8.DE,GER,31.3600,31.4400,30.2200,30.4200,182035,
2026-07-09,BMW.DE,GER,59.0000,59.0000,57.9600,58.2800,1396214,
2026-07-09,CBK.DE,GER,37.0400,38.0300,36.8700,37.9000,1946320,
2026-07-09,CON.DE,GER,71.2400,72.3800,70.7000,71.9000,314784,
2026-07-09,DBK.DE,GER,30.9850,31.1000,30.6750,30.9300,3675943,
2026-07-09,DHER.DE,GER,36.8000,37.3000,36.6300,36.7900,552830,
2026-07-09,ENR.DE,GER,156.3000,158.6400,153.9400,156.2400,1686792,
2026-07-09,EOAN.DE,GER,19.1150,19.4100,19.1100,19.2400,3957719,
2026-07-09,EVT.DE,GER,4.9260,5.0850,4.8560,4.9900,289624,
2026-07-09,FRE.DE,GER,42.5000,42.8300,42.2200,42.2200,1146550,
2026-07-09,HAG.DE,GER,78.8600,79.5400,73.8400,74.2200,462954,
2026-07-09,HFG.DE,GER,3.7930,3.8050,3.6800,3.7250,965352,
2026-07-09,HNR1.DE,GER,250.0000,251.0000,248.8000,250.6000,140546,
2026-07-09,IFX.DE,GER,72.9700,73.6000,70.9200,73.3500,3899681,
2026-07-09,JEN.DE,GER,40.1800,40.7800,39.5800,40.5600,160964,
2026-07-09,KGX.DE,GER,42.6000,42.6000,40.7600,40.7600,274907,
2026-07-09,LHA.DE,GER,9.4960,9.5220,9.1620,9.3800,4273637,
2026-07-09,MBG.DE,GER,44.3100,44.3450,43.6600,43.9000,1656108,
2026-07-09,MRK.DE,GER,139.5500,140.1000,137.7000,139.6000,224769,
2026-07-09,MTX.DE,GER,361.0000,364.6000,354.0000,362.0000,121404,
2026-07-09,MUV2.DE,GER,503.6000,505.6000,498.7000,499.8000,225771,
2026-07-09,NDX1.DE,GER,42.5200,43.5400,41.5000,42.4600,676471,
2026-07-09,NEM.DE,GER,55.8000,56.8000,55.2500,56.2500,171001,
2026-07-09,P911.DE,GER,46.4400,46.4400,45.1800,46.4300,499805,
2026-07-09,PUM.DE,GER,28.1400,28.2000,27.5900,28.0000,377155,
2026-07-09,QIA.DE,GER,32.8200,37.8700,32.8200,36.6700,1975681,
2026-07-09,R3NK.DE,XETRA,46.1450,46.3000,43.2400,43.7200,736768,
2026-07-09,RHM.DE,GER,1070.0000,1079.0000,1009.2000,1013.2000,263587,
2026-07-09,RWE.DE,GER,56.5000,56.8000,55.8000,56.5200,1304244,
2026-07-09,S92.DE,GER,55.5000,56.7000,54.0000,54.8000,54170,
2026-07-09,SAP.DE,GER,138.0000,138.1200,134.1000,137.7400,1817768,
2026-07-09,SHL.DE,GER,34.3600,34.5900,34.1000,34.3800,754113,
2026-07-09,SIE.DE,GER,270.5000,273.9500,269.4000,273.8000,875244,
2026-07-09,SRT3.DE,GER,219.1000,234.6000,217.7000,233.3000,107452,
2026-07-09,SZG.DE,GER,50.2000,50.5500,47.8600,48.0000,156114,
2026-07-09,TKA.DE,GER,11.8000,11.8000,11.1300,11.2750,1415375,
2026-07-09,TUI1.DE,GER,7.1300,7.1300,6.8900,7.0800,3507864,
2026-07-09,VOW3.DE,GER,72.8000,72.8800,70.9800,71.5200,1066592,
2026-07-09,WAF.DE,GER,84.3000,95.3000,84.1000,90.8500,292498,
2026-07-09,ZAL.DE,GER,26.3400,27.1600,26.0000,27.0500,892661,
2026-07-10,ADS.DE,GER,182.0500,182.5500,179.9500,181.8500,483329,
2026-07-10,AFX.DE,GER,29.5000,30.6200,29.3800,30.6000,381357,
2026-07-10,AIR.DE,GER,197.3000,197.3400,194.7800,197.1200,241197,
2026-07-10,AIXA.DE,GER,43.9500,44.4000,43.3000,43.6300,531243,
2026-07-10,ALV.DE,GER,423.8000,425.5000,421.6000,421.6000,421169,
2026-07-10,BAYN.DE,GER,51.7000,52.0800,49.4800,50.1200,3328447,
2026-07-10,BC8.DE,GER,30.6400,30.6600,30.1200,30.5600,317764,
2026-07-10,BMW.DE,GER,58.8000,59.2200,57.9600,58.1400,1436234,
2026-07-10,CBK.DE,GER,37.8000,38.6400,37.6400,38.6400,2993356,
2026-07-10,CON.DE,GER,72.0600,73.0600,71.8800,72.8600,313174,
2026-07-10,DBK.DE,GER,31.3400,31.5700,31.0950,31.3500,4269009,
2026-07-10,DHER.DE,GER,36.7000,36.8500,36.1900,36.2100,294897,
2026-07-10,ENR.DE,GER,154.7000,155.0000,150.6200,152.1200,1526536,
2026-07-10,EOAN.DE,GER,19.1300,19.3750,18.9600,18.9600,3678453,
2026-07-10,EVT.DE,GER,4.9460,5.0950,4.8960,4.9460,342438,
2026-07-10,FRE.DE,GER,42.2600,43.1700,42.2300,42.5700,1049701,
2026-07-10,HAG.DE,GER,73.5200,74.6800,71.8000,74.3200,282482,
2026-07-10,HFG.DE,GER,3.7180,3.7980,3.6760,3.7060,709331,
2026-07-10,HNR1.DE,GER,250.4000,252.8000,249.4000,250.0000,106702,
2026-07-10,IFX.DE,GER,71.5500,72.7300,70.6300,72.4800,3699154,
2026-07-10,JEN.DE,GER,40.1000,41.3800,40.0200,41.3000,176028,
2026-07-10,KGX.DE,GER,41.1600,41.3100,40.4400,40.9600,189651,
2026-07-10,LHA.DE,GER,9.4760,9.6200,9.3860,9.5120,3253046,
2026-07-10,MBG.DE,GER,44.1900,44.5250,43.7100,43.9900,1559207,
2026-07-10,MRK.DE,GER,140.2000,142.2000,139.0500,139.7000,252421,
2026-07-10,MTX.DE,GER,364.0000,366.8000,358.5000,362.1000,135831,
2026-07-10,MUV2.DE,GER,502.0000,506.4000,498.6000,503.6000,173558,
2026-07-10,NDX1.DE,GER,41.7600,41.9200,40.2600,40.9800,574576,
2026-07-10,NEM.DE,GER,56.5500,57.7500,56.1000,56.2000,153216,
2026-07-10,P911.DE,GER,46.2200,47.2600,45.1300,45.1300,503830,
2026-07-10,PUM.DE,GER,27.9000,28.2300,27.4200,28.1800,462332,
2026-07-10,QIA.DE,GER,36.7300,37.0500,36.2700,36.4050,801592,
2026-07-10,R3NK.DE,XETRA,43.0000,43.7750,42.1000,43.4600,398353,
2026-07-10,RHM.DE,GER,1001.8000,1006.0000,977.3000,992.0000,234608,
2026-07-10,RWE.DE,GER,55.7600,56.7000,55.7600,56.0600,1005042,
2026-07-10,S92.DE,GER,54.7500,55.0000,52.5500,54.1500,74712,
2026-07-10,SAP.DE,GER,137.5400,140.6000,137.0400,137.5800,1510587,
2026-07-10,SHL.DE,GER,34.0000,34.8700,34.0000,34.5900,1020315,
2026-07-10,SIE.DE,GER,273.5500,274.7000,270.6500,272.8500,645459,
2026-07-10,SRT3.DE,GER,235.4000,246.7000,234.6000,242.0000,159916,
2026-07-10,SZG.DE,GER,52.0000,54.4000,50.8500,51.0500,286552,
2026-07-10,TKA.DE,GER,11.4300,11.7300,11.2550,11.5300,1827801,
2026-07-10,TUI1.DE,GER,7.1140,7.2240,7.0760,7.1540,3820070,
2026-07-10,VOW3.DE,GER,72.1200,72.5600,70.3400,70.9800,1107390,
2026-07-10,WAF.DE,GER,89.7000,92.2500,87.9500,89.5000,129255,
2026-07-10,ZAL.DE,GER,27.3000,27.3500,26.7600,26.9500,861738,
2026-07-13,ADS.DE,GER,180.4500,184.3500,180.3000,183.6000,438532,
2026-07-13,AFX.DE,GER,30.3200,31.7200,30.2600,31.5600,351879,
2026-07-13,AIR.DE,GER,195.9400,196.4600,193.9200,195.1800,165730,
2026-07-13,AIXA.DE,GER,42.3000,44.0700,41.8500,42.5800,600468,
2026-07-13,ALV.DE,GER,422.6000,425.0000,420.8000,421.0000,350851,
2026-07-13,BAYN.DE,GER,49.6000,50.3600,49.0100,49.9200,1566778,
2026-07-13,BC8.DE,GER,30.4000,31.1800,30.3800,31.0600,191567,
2026-07-13,BMW.DE,GER,57.5400,58.7600,57.5000,57.9200,1082167,
2026-07-13,CBK.DE,GER,38.2500,38.8500,38.2500,38.8500,1740480,
2026-07-13,CON.DE,GER,72.0000,73.3800,71.8600,72.8600,257123,
2026-07-13,DBK.DE,GER,31.0400,31.3550,30.9400,31.0000,3438089,
2026-07-13,DHER.DE,GER,36.3000,37.3200,36.0500,36.9700,295260,
2026-07-13,ENR.DE,GER,148.1400,153.0000,148.0000,150.6800,1552173,
2026-07-13,EOAN.DE,GER,19.0000,19.1550,18.9350,19.1050,2113651,
2026-07-13,EVT.DE,GER,4.8860,5.0200,4.8660,4.9420,371645,
2026-07-13,FRE.DE,GER,42.2100,42.4900,41.6600,41.6900,819141,
2026-07-13,HAG.DE,GER,74.3000,74.6800,72.3600,73.5000,233267,
2026-07-13,HFG.DE,GER,3.5640,3.7300,3.4510,3.6480,1100318,
2026-07-13,HNR1.DE,GER,251.4000,253.8000,251.2000,252.0000,117856,
2026-07-13,IFX.DE,GER,70.0000,71.6300,69.0100,70.3700,2824881,
2026-07-13,JEN.DE,GER,40.3200,41.4800,40.3000,40.8800,173083,
2026-07-13,KGX.DE,GER,40.2000,41.0400,39.8800,40.3400,251609,
2026-07-13,LHA.DE,GER,9.3060,9.3680,9.1080,9.1180,4359458,
2026-07-13,MBG.DE,GER,43.8550,44.6050,43.8200,44.2900,2145124,
2026-07-13,MRK.DE,GER,138.5000,139.9000,138.0000,139.8500,154022,
2026-07-13,MTX.DE,GER,357.8000,359.2000,352.1000,353.5000,81234,
2026-07-13,MUV2.DE,GER,506.4000,513.4000,505.2000,510.0000,169092,
2026-07-13,NDX1.DE,GER,40.6000,41.0200,40.0200,40.3400,437334,
2026-07-13,NEM.DE,GER,56.8500,57.0500,55.1000,56.0500,187120,
2026-07-13,P911.DE,GER,45.0000,45.2200,44.4300,44.6000,356672,
2026-07-13,PUM.DE,GER,28.0900,28.9600,27.9400,28.9600,750321,
2026-07-13,QIA.DE,GER,36.4100,36.5750,35.9900,36.3300,664232,
2026-07-13,R3NK.DE,GER,43.3250,43.9750,42.4000,42.9400,359814,
2026-07-13,RHM.DE,GER,993.1000,1015.2000,942.0000,979.2000,282020,
2026-07-13,RWE.DE,GER,55.9000,56.5800,55.8600,56.4000,736752,
2026-07-13,S92.DE,GER,53.0000,57.6500,53.0000,57.4000,135495,
2026-07-13,SAP.DE,GER,138.0000,140.8600,137.1600,140.7200,1760416,
2026-07-13,SHL.DE,GER,34.8000,35.7100,34.7800,35.5600,1001273,
2026-07-13,SIE.DE,GER,270.0000,272.5000,268.7000,272.1000,685406,
2026-07-13,SRT3.DE,GER,240.5000,249.7000,237.4000,249.5000,107397,
2026-07-13,SZG.DE,GER,50.1000,52.1000,50.1000,51.4000,178485,
2026-07-13,TKA.DE,GER,11.4050,11.7850,11.3400,11.6800,1194478,
2026-07-13,TUI1.DE,GER,7.0400,7.1120,6.9500,7.0760,2397660,
2026-07-13,VOW3.DE,GER,70.6200,71.9800,70.4000,71.4400,777972,
2026-07-13,WAF.DE,GER,87.0500,94.9500,86.5000,94.9500,124322,
2026-07-13,ZAL.DE,GER,26.6900,27.4900,26.4700,27.1800,833151,
2026-07-14,ADS.DE,GER,180.5000,183.5500,179.5000,180.6000,607038,
2026-07-14,AFX.DE,GER,30.5000,31.1200,28.1200,28.4800,520545,
2026-07-14,AIR.DE,GER,193.1200,195.8600,191.5800,195.8600,269785,
2026-07-14,AIXA.DE,GER,42.4000,44.3600,42.1200,43.9000,435550,
2026-07-14,ALV.DE,GER,419.9000,421.7000,417.6000,421.0000,476223,
2026-07-14,BAYN.DE,GER,49.4600,50.2400,49.0100,49.1200,1707444,
2026-07-14,BC8.DE,GER,30.6000,30.8400,29.6800,30.6000,234929,
2026-07-14,BMW.DE,GER,57.3400,57.8800,56.9200,57.3200,1566605,
2026-07-14,CBK.DE,GER,38.2000,39.1800,38.2000,39.0300,1932982,
2026-07-14,CON.DE,GER,72.3400,72.6800,71.2200,71.7600,369429,
2026-07-14,DBK.DE,GER,30.7150,31.6650,30.6450,31.4450,4373582,
2026-07-14,DHER.DE,GER,36.5500,39.4900,36.2600,39.1000,1259091,
2026-07-14,ENR.DE,GER,149.2200,156.4000,148.4200,154.1200,1683514,
2026-07-14,EOAN.DE,GER,19.0600,19.4600,19.0600,19.4600,4119626,
2026-07-14,EVT.DE,GER,3.8740,3.8740,3.1760,3.7500,6991956,
2026-07-14,FRE.DE,GER,41.2700,41.6500,41.0200,41.0200,774934,
2026-07-14,HAG.DE,GER,72.4200,74.5600,71.6200,73.1600,312495,
2026-07-14,HFG.DE,GER,3.6790,3.7180,3.5170,3.5510,751213,
2026-07-14,HNR1.DE,GER,252.0000,253.6000,250.4000,253.0000,122057,
2026-07-14,IFX.DE,GER,69.7200,72.5400,69.5700,71.8200,3121458,
2026-07-14,JEN.DE,GER,40.4200,41.5200,40.4200,41.0600,108752,
2026-07-14,KGX.DE,GER,39.8000,40.4100,39.4200,40.0900,209123,
2026-07-14,LHA.DE,GER,9.0500,9.1560,8.8220,9.1300,5291550,
2026-07-14,MBG.DE,GER,44.0500,45.3450,43.9400,45.1100,2273871,
2026-07-14,MRK.DE,GER,138.0500,139.5000,137.1500,139.5000,205615,
2026-07-14,MTX.DE,GER,350.0000,354.3000,343.9000,350.8000,130017,
2026-07-14,MUV2.DE,GER,509.8000,513.0000,506.2000,512.0000,218646,
2026-07-14,NDX1.DE,GER,40.1200,41.2000,39.9200,40.8000,358567,
2026-07-14,NEM.DE,GER,55.2000,56.5500,53.3500,56.3000,252187,
2026-07-14,P911.DE,GER,44.2500,44.3000,43.3900,43.5000,496497,
2026-07-14,PUM.DE,GER,28.5000,28.8000,28.1400,28.3400,373147,
2026-07-14,QIA.DE,GER,35.8000,36.3250,35.1050,36.2350,795799,
2026-07-14,R3NK.DE,GER,42.0000,43.4500,41.5600,43.3050,354385,
2026-07-14,RHM.DE,GER,958.0000,989.5000,952.4000,979.9000,205310,
2026-07-14,RWE.DE,GER,56.0000,57.5000,55.9000,57.4400,1276279,
2026-07-14,S92.DE,GER,57.6000,65.9000,56.4500,65.2000,255689,
2026-07-14,SAP.DE,GER,139.2800,140.5400,130.8600,136.7200,4770215,
2026-07-14,SHL.DE,GER,35.2800,35.4100,34.0500,34.2900,1359898,
2026-07-14,SIE.DE,GER,268.4500,274.5500,268.0000,272.9000,911138,
2026-07-14,SRT3.DE,GER,247.7000,250.8000,243.4000,250.0000,59006,
2026-07-14,SZG.DE,GER,53.9000,55.6000,53.1500,55.0500,237024,
2026-07-14,TKA.DE,GER,11.6200,11.8500,11.5800,11.7100,1465841,
2026-07-14,TUI1.DE,GER,6.9760,7.0680,6.8780,7.0460,3686771,
2026-07-14,VOW3.DE,GER,70.7000,72.0000,70.6200,71.8800,747760,
2026-07-14,WAF.DE,GER,96.5000,99.0000,94.1000,97.4000,149158,
2026-07-14,ZAL.DE,GER,27.1600,27.7700,27.0200,27.7500,1242871,
2026-07-15,ADS.DE,GER,180.8000,183.9500,179.0000,182.9000,460909,
2026-07-15,AFX.DE,GER,28.4400,29.5200,28.0000,29.3400,326561,
2026-07-15,AIR.DE,GER,193.5600,196.7600,192.5000,195.3800,171110,
2026-07-15,AIXA.DE,GER,45.0500,45.2800,41.7300,42.2600,616623,
2026-07-15,ALV.DE,GER,418.2000,418.8000,412.5000,416.4000,515720,
2026-07-15,BAYN.DE,GER,48.8500,48.9000,47.5300,47.7100,2370699,
2026-07-15,BC8.DE,GER,30.4600,31.1600,30.2800,30.7000,112583,
2026-07-15,BMW.DE,GER,57.1000,58.9200,56.7000,58.9200,1512262,
2026-07-15,CBK.DE,GER,38.7100,38.8300,38.0300,38.0300,1893909,
2026-07-15,CON.DE,GER,71.4000,72.7000,70.6000,72.4800,275298,
2026-07-15,DBK.DE,GER,31.2000,31.8050,31.0350,31.8050,3882476,
2026-07-15,DHER.DE,GER,38.4900,38.9100,37.6700,38.1800,540920,
2026-07-15,ENR.DE,GER,155.2000,156.6200,151.9400,152.1800,1727283,
2026-07-15,EOAN.DE,GER,19.5000,19.5650,19.3400,19.3400,3383671,
2026-07-15,EVT.DE,GER,3.6800,3.6900,3.3680,3.5060,3409216,
2026-07-15,FRE.DE,GER,40.7900,41.7800,40.4000,41.7700,694868,
2026-07-15,HAG.DE,GER,72.1400,74.2600,71.0800,73.8000,176425,
2026-07-15,HFG.DE,GER,3.6000,3.6000,3.4580,3.5170,1020640,
2026-07-15,HNR1.DE,GER,252.6000,253.0000,248.2000,250.4000,188561,
2026-07-15,IFX.DE,GER,72.6200,72.6200,67.0700,67.3100,4273267,
2026-07-15,JEN.DE,GER,43.0000,43.3400,40.8200,40.9400,273126,
2026-07-15,KGX.DE,GER,39.8800,42.2200,39.5600,40.9200,258616,
2026-07-15,LHA.DE,GER,9.1480,9.1840,9.0300,9.1760,3489621,
2026-07-15,MBG.DE,GER,44.9400,46.4150,44.6100,46.2850,2414453,
2026-07-15,MRK.DE,GER,139.1000,140.3000,138.3500,140.1000,145204,
2026-07-15,MTX.DE,GER,347.5000,351.9000,341.9000,349.0000,94564,
2026-07-15,MUV2.DE,GER,508.6000,511.4000,504.4000,508.2000,189111,
2026-07-15,NDX1.DE,GER,41.1200,41.2200,39.9400,40.2600,316680,
2026-07-15,NEM.DE,GER,55.1500,58.4000,55.1500,57.8500,301450,
2026-07-15,P911.DE,GER,43.3200,44.6400,43.0000,44.4400,387940,
2026-07-15,PUM.DE,GER,28.6400,29.3300,28.0600,29.3100,484741,
2026-07-15,QIA.DE,GER,36.3150,36.8800,36.0950,36.6350,964796,
2026-07-15,R3NK.DE,GER,43.4650,44.4550,42.1100,43.8900,416364,
2026-07-15,RHM.DE,GER,955.0000,983.2000,936.2000,976.1000,184004,
2026-07-15,RWE.DE,GER,57.4000,57.5000,56.6400,56.7200,958467,
2026-07-15,S92.DE,GER,64.6000,65.5000,61.2000,62.0500,133967,
2026-07-15,SAP.DE,GER,134.4200,139.4400,133.5200,136.9800,2629784,
2026-07-15,SHL.DE,GER,34.2400,34.9200,33.9600,34.7500,902499,
2026-07-15,SIE.DE,GER,273.0000,273.5000,269.2500,270.1000,711424,
2026-07-15,SRT3.DE,GER,249.2000,250.3000,247.1000,247.4000,51962,
2026-07-15,SZG.DE,GER,54.9000,56.0000,53.7000,54.6000,106726,
2026-07-15,TKA.DE,GER,11.6550,12.1650,11.6000,11.9600,1502210,
2026-07-15,TUI1.DE,GER,7.0200,7.1360,6.9940,7.1320,2544187,
2026-07-15,VOW3.DE,GER,71.4200,74.4000,70.8400,74.4000,1074780,
2026-07-15,WAF.DE,GER,99.0000,100.5000,90.8000,92.0000,166943,
2026-07-15,ZAL.DE,GER,27.6700,28.0600,26.8700,27.8400,797880,
2026-07-16,ADS.DE,GER,182.1000,183.3000,179.3000,182.9500,596710,
2026-07-16,AFX.DE,GER,29.2800,30.0600,29.1000,30.0000,251614,
2026-07-16,AIR.DE,GER,196.1000,196.4800,193.9000,195.6400,168840,
2026-07-16,AIXA.DE,GER,42.6000,42.6100,39.3900,40.0500,811499,
2026-07-16,ALV.DE,GER,415.7000,419.6000,413.6000,419.6000,426389,
2026-07-16,BAYN.DE,GER,47.5300,47.8400,47.1400,47.7200,1640265,
2026-07-16,BC8.DE,GER,30.7200,30.7200,29.6000,30.1800,120075,
2026-07-16,BMW.DE,GER,58.7800,58.9400,58.2600,58.3200,1329993,
2026-07-16,CBK.DE,GER,38.1600,38.2800,37.7200,38.0300,1355436,
2026-07-16,CON.DE,GER,72.4200,72.6800,71.6400,72.5000,189878,
2026-07-16,DBK.DE,GER,31.9650,32.0800,31.3200,31.6800,3654315,
2026-07-16,DHER.DE,GER,38.7500,38.8500,37.2900,38.2000,4999192,
2026-07-16,ENR.DE,GER,154.0000,154.3000,146.6200,148.7400,1873252,
2026-07-16,EOAN.DE,GER,19.2050,19.2400,18.7650,18.8950,3121749,
2026-07-16,EVT.DE,GER,3.4000,3.5560,3.4000,3.4620,1211987,
2026-07-16,FRE.DE,GER,42.0700,42.1000,41.3200,41.8300,784302,
2026-07-16,HAG.DE,GER,73.8600,74.0800,72.2400,73.2800,172665,
2026-07-16,HFG.DE,GER,3.5800,3.6110,3.5060,3.5900,710238,
2026-07-16,HNR1.DE,GER,249.0000,252.2000,247.0000,252.0000,100152,
2026-07-16,IFX.DE,GER,67.4000,67.5100,63.5700,64.7100,5391520,
2026-07-16,JEN.DE,GER,41.0000,41.3000,39.6400,39.9000,130849,
2026-07-16,KGX.DE,GER,41.0300,41.6700,40.7400,41.6700,267780,
2026-07-16,LHA.DE,GER,9.2300,9.2720,9.0480,9.1200,2872772,
2026-07-16,MBG.DE,GER,46.3500,46.4550,45.7650,45.8600,1548360,
2026-07-16,MRK.DE,GER,138.8000,140.0000,136.8500,137.9500,330492,
2026-07-16,MTX.DE,GER,347.0000,349.1000,339.7000,346.1000,106510,
2026-07-16,MUV2.DE,GER,508.0000,512.2000,505.0000,512.2000,144723,
2026-07-16,NDX1.DE,GER,40.3400,40.6400,39.7400,40.6200,450696,
2026-07-16,NEM.DE,GER,57.6000,57.8000,54.6000,56.1500,269327,
2026-07-16,P911.DE,GER,44.5500,45.2400,44.3000,44.9300,223632,
2026-07-16,PUM.DE,GER,29.2700,29.4500,28.4300,29.3700,422737,
2026-07-16,QIA.DE,GER,36.1600,36.4600,36.0150,36.1650,652040,
2026-07-16,R3NK.DE,GER,43.6100,44.1500,42.6450,42.9100,440470,
2026-07-16,RHM.DE,GER,970.0000,977.8000,959.8000,963.9000,148822,
2026-07-16,RWE.DE,GER,56.4800,56.6200,54.8800,55.6000,1372007,
2026-07-16,S92.DE,GER,62.6500,62.6500,57.7500,58.2000,70593,
2026-07-16,SAP.DE,GER,137.2000,138.2400,135.1400,137.6400,1805234,
2026-07-16,SHL.DE,GER,34.5600,35.3300,34.5200,35.1600,776320,
2026-07-16,SIE.DE,GER,273.3000,274.1000,264.6500,270.7000,1073223,
2026-07-16,SRT3.DE,GER,246.1000,248.6000,243.0000,247.0000,102374,
2026-07-16,SZG.DE,GER,54.8500,56.1500,52.9000,53.3000,102569,
2026-07-16,TKA.DE,GER,12.0500,12.1900,11.7250,11.8600,1766370,
2026-07-16,TUI1.DE,GER,7.1200,7.1980,7.0820,7.1040,2281525,
2026-07-16,VOW3.DE,GER,74.0800,74.6200,73.1800,73.4600,660586,
2026-07-16,WAF.DE,GER,92.2000,92.8000,86.6500,88.9500,121559,
2026-07-16,ZAL.DE,GER,27.4900,27.9700,27.3500,27.9700,1729562,
2026-07-17,ADS.DE,GER,181.0000,182.9000,180.3000,181.1000,421913,
2026-07-17,AFX.DE,GER,29.1000,30.2200,29.0000,29.3000,282242,
2026-07-17,AIR.DE,GER,193.2200,194.6600,191.9000,194.2800,349924,
2026-07-17,AIXA.DE,GER,38.0900,39.4600,36.7900,39.4600,1036549,
2026-07-17,ALV.DE,GER,419.2000,423.5000,418.6000,422.9000,532472,
2026-07-17,BAYN.DE,GER,47.5700,48.4900,46.8200,48.4600,2726363,
2026-07-17,BC8.DE,GER,30.2600,30.4200,29.9200,30.2800,140313,
2026-07-17,BMW.DE,GER,59.2800,59.3000,58.4600,58.5400,1749989,
2026-07-17,CBK.DE,GER,37.5000,37.9500,36.4500,36.8500,4751481,
2026-07-17,CON.DE,GER,72.0000,72.2800,70.8000,72.2800,428205,
2026-07-17,DBK.DE,GER,31.2500,31.3250,30.2650,30.8350,5022471,
2026-07-17,DHER.DE,GER,38.2000,38.9600,37.9900,38.9600,1973749,
2026-07-17,ENR.DE,GER,144.0000,148.1000,143.3800,147.6600,2413570,
2026-07-17,EOAN.DE,GER,19.0450,19.3500,19.0000,19.2350,4333408,
2026-07-17,EVT.DE,GER,3.4300,3.5800,3.3800,3.4400,1417956,
2026-07-17,FRE.DE,GER,42.1500,42.3500,41.5600,41.7300,1399084,
2026-07-17,HAG.DE,GER,71.0000,76.7400,71.0000,76.3200,364274,
2026-07-17,HFG.DE,GER,3.6010,3.7210,3.5760,3.7120,772209,
2026-07-17,HNR1.DE,GER,252.4000,256.0000,252.4000,255.0000,115344,
2026-07-17,IFX.DE,GER,61.1300,63.9900,60.6300,63.6600,6783353,
2026-07-17,JEN.DE,GER,39.0000,39.1800,38.0800,38.6400,199974,
2026-07-17,KGX.DE,GER,41.0300,41.3700,40.3100,40.8800,265369,
2026-07-17,LHA.DE,GER,9.0940,9.1080,8.9060,9.0020,2964185,
2026-07-17,MBG.DE,GER,45.8000,46.2500,45.5100,45.5100,2621785,
2026-07-17,MRK.DE,GER,138.1500,139.0500,134.3000,136.3000,326174,
2026-07-17,MTX.DE,GER,340.8000,343.7000,337.9000,341.7000,120466,
2026-07-17,MUV2.DE,GER,513.4000,519.4000,513.0000,515.6000,309836,
2026-07-17,NDX1.DE,GER,39.5600,40.0600,39.2400,39.5800,942570,
2026-07-17,NEM.DE,GER,56.6000,57.0500,55.1000,55.7500,256319,
2026-07-17,P911.DE,GER,44.6900,45.5700,44.6900,45.0000,384278,
2026-07-17,PUM.DE,GER,28.7700,29.0800,28.6200,28.6800,356625,
2026-07-17,QIA.DE,GER,36.3200,36.6600,35.8050,35.9650,682794,
2026-07-17,R3NK.DE,GER,42.1400,44.5200,41.6600,43.8550,425610,
2026-07-17,RHM.DE,GER,948.7000,990.0000,937.6000,984.2000,240241,
2026-07-17,RWE.DE,GER,55.7000,56.3000,55.5400,56.0000,1346138,
2026-07-17,S92.DE,GER,64.0000,66.8500,60.3500,61.5500,317100,
2026-07-17,SAP.DE,GER,140.6000,141.5400,137.3200,137.9200,2624453,
2026-07-17,SHL.DE,GER,35.2600,35.6900,35.0400,35.1200,1063544,
2026-07-17,SIE.DE,GER,263.4500,265.3500,260.6500,264.5500,1162436,
2026-07-17,SRT3.DE,GER,245.4000,251.3000,243.4000,243.4000,76400,
2026-07-17,SZG.DE,GER,51.3500,56.6500,50.4500,55.3500,229778,
2026-07-17,TKA.DE,GER,11.6000,11.9450,11.4400,11.8150,1819589,
2026-07-17,TUI1.DE,GER,7.0320,7.0760,6.9620,7.0380,2343094,
2026-07-17,VOW3.DE,GER,73.2800,73.8200,72.9800,73.1200,661261,
2026-07-17,WAF.DE,GER,85.0000,87.1000,81.3500,85.8000,173624,
2026-07-17,ZAL.DE,GER,27.7100,28.2100,27.5000,27.9100,922286,
2026-07-20,ADS.DE,GER,180.7500,183.0500,180.4000,181.5000,424164,
2026-07-20,AFX.DE,GER,28.9800,29.2400,28.5600,28.7600,278449,
2026-07-20,AIR.DE,GER,192.4000,194.2600,191.3600,191.7000,200400,
2026-07-20,AIXA.DE,GER,39.5100,40.1900,38.3300,39.1900,331503,
2026-07-20,ALV.DE,GER,420.5000,425.0000,420.5000,422.8000,331225,
2026-07-20,BAYN.DE,GER,48.0500,48.2800,47.2600,47.3100,1487498,
2026-07-20,BC8.DE,GER,30.0200,30.7600,30.0000,30.3800,144542,
2026-07-20,BMW.DE,GER,58.3000,59.0400,57.9600,58.3400,1125030,
2026-07-20,CBK.DE,GER,36.5500,37.0300,36.3500,36.9100,2876991,
2026-07-20,CON.DE,GER,71.6200,72.1800,71.0400,71.3400,264459,
2026-07-20,DBK.DE,GER,30.6950,30.9350,30.4900,30.6600,3188618,
2026-07-20,DHER.DE,GER,38.4300,38.4700,38.1900,38.4400,870103,
2026-07-20,ENR.DE,GER,149.1200,155.3000,148.2600,152.6400,2243535,
2026-07-20,EOAN.DE,GER,19.1250,19.2800,19.0550,19.2450,3430997,
2026-07-20,EVT.DE,GER,3.4100,3.6700,3.4100,3.5560,1076058,
2026-07-20,FRE.DE,GER,41.8800,43.1600,41.8800,43.0000,1266199,
2026-07-20,HAG.DE,GER,76.6200,77.1600,74.5600,75.2000,176073,
2026-07-20,HFG.DE,GER,3.7430,3.7840,3.6540,3.7110,814505,
2026-07-20,HNR1.DE,GER,254.8000,256.2000,250.8000,253.6000,113723,
2026-07-20,IFX.DE,GER,64.2000,64.3900,62.8600,64.0000,2966158,
2026-07-20,JEN.DE,GER,39.0600,39.8000,38.5600,38.5600,115310,
2026-07-20,KGX.DE,GER,40.6400,41.0600,39.5300,39.8600,165728,
2026-07-20,LHA.DE,GER,8.8980,9.0180,8.7280,8.8400,3607024,
2026-07-20,MBG.DE,GER,45.1200,45.6000,44.8200,45.1350,1837973,
2026-07-20,MRK.DE,GER,135.4000,137.0000,134.7500,134.9500,206421,
2026-07-20,MTX.DE,GER,339.9000,341.0000,333.7000,334.1000,149791,
2026-07-20,MUV2.DE,GER,513.4000,521.0000,510.8000,516.6000,203955,
2026-07-20,NDX1.DE,GER,39.9000,42.1400,39.5600,41.4000,541633,
2026-07-20,NEM.DE,GER,55.8000,56.6500,54.5500,55.9000,266529,
2026-07-20,P911.DE,GER,44.8700,45.4700,44.6900,44.8500,276419,
2026-07-20,PUM.DE,GER,28.4000,29.5300,28.3000,29.3000,439251,
2026-07-20,QIA.DE,GER,35.9000,36.0550,35.6350,35.7600,391594,
2026-07-20,R3NK.DE,GER,44.0250,44.2950,43.0400,44.0200,343815,
2026-07-20,RHM.DE,GER,988.7000,998.0000,978.7000,990.3000,156492,
2026-07-20,RWE.DE,GER,56.1400,58.3000,56.0400,58.0200,2216220,
2026-07-20,S92.DE,GER,62.5000,63.0000,58.7000,59.0000,155433,
2026-07-20,SAP.DE,GER,138.0000,140.0400,134.9800,138.2600,1993141,
2026-07-20,SHL.DE,GER,34.7200,35.5400,34.7200,35.3500,887014,
2026-07-20,SIE.DE,GER,264.0000,268.0500,262.6500,265.1500,735425,
2026-07-20,SRT3.DE,GER,242.7000,246.3000,236.4000,237.4000,66945,
2026-07-20,SZG.DE,GER,56.6000,57.9000,55.1000,55.7500,176964,
2026-07-20,TKA.DE,GER,11.7800,12.2350,11.6600,12.0100,2142369,
2026-07-20,TUI1.DE,GER,6.9700,7.0560,6.8780,6.9240,2008509,
2026-07-20,VOW3.DE,GER,72.5800,73.8800,72.3000,72.5400,552130,
2026-07-20,WAF.DE,GER,87.0000,87.0000,82.1000,82.2500,147958,
2026-07-20,ZAL.DE,GER,27.7400,28.5800,27.7000,28.3500,1028890,
2026-07-21,ADS.DE,GER,180.4500,181.6000,178.8000,179.4000,480193,
2026-07-21,AFX.DE,GER,28.5200,28.6800,27.5000,27.7800,335213,
2026-07-21,AIR.DE,GER,190.8000,196.3800,190.8000,194.5400,259264,
2026-07-21,AIXA.DE,GER,40.5600,42.4400,39.7700,42.4400,715330,
2026-07-21,ALV.DE,GER,422.3000,423.8000,420.0000,422.8000,412669,
2026-07-21,BAYN.DE,GER,47.1000,47.8000,47.0100,47.6200,1471031,
2026-07-21,BC8.DE,GER,30.4000,30.8600,30.1400,30.8400,119477,
2026-07-21,BMW.DE,GER,58.2200,58.3800,57.3200,57.5600,1541212,
2026-07-21,CBK.DE,GER,36.8800,37.7500,36.8800,37.7500,2259508,
2026-07-21,CON.DE,GER,71.2200,71.9800,70.9800,71.8400,305779,
2026-07-21,DBK.DE,GER,30.6600,31.0700,30.6600,31.0700,2102797,
2026-07-21,DHER.DE,GER,38.3200,38.5000,38.2500,38.4100,578879,
2026-07-21,ENR.DE,GER,154.6000,158.7400,153.5000,158.1400,2101499,
2026-07-21,EOAN.DE,GER,19.2100,19.4000,19.1150,19.2650,3984589,
2026-07-21,EVT.DE,GER,3.5500,3.6480,3.4620,3.5340,1236552,
2026-07-21,FRE.DE,GER,43.0100,44.0000,42.8000,44.0000,1299659,
2026-07-21,HAG.DE,GER,75.8800,77.5800,75.0400,76.1800,190123,
2026-07-21,HFG.DE,GER,3.7000,3.7220,3.6180,3.6520,584577,
2026-07-21,HNR1.DE,GER,253.4000,253.6000,246.0000,247.0000,112487,
2026-07-21,IFX.DE,GER,66.0000,67.7500,64.9400,67.5400,4216508,
2026-07-21,JEN.DE,GER,39.4200,40.0800,38.9800,40.0600,167536,
2026-07-21,KGX.DE,GER,40.4600,40.9600,39.7700,40.8900,288704,
2026-07-21,LHA.DE,GER,8.8000,8.9600,8.7740,8.9500,2532768,
2026-07-21,MBG.DE,GER,44.9700,45.3900,44.6700,44.9050,1368897,
2026-07-21,MRK.DE,GER,133.8000,136.0500,130.1000,134.2500,532238,
2026-07-21,MTX.DE,GER,336.1000,337.9000,332.1000,336.0000,85814,
2026-07-21,MUV2.DE,GER,516.0000,517.8000,500.0000,502.4000,296371,
2026-07-21,NDX1.DE,GER,41.5200,41.8800,40.5200,41.5400,332397,
2026-07-21,NEM.DE,GER,56.0000,56.2500,54.3000,54.6000,258356,
2026-07-21,P911.DE,GER,44.7800,45.1800,44.5500,44.7200,194281,
2026-07-21,PUM.DE,GER,29.3600,29.4600,28.6400,28.6400,460743,
2026-07-21,QIA.DE,GER,35.0000,35.6900,34.5200,35.3600,754768,
2026-07-21,R3NK.DE,GER,43.8200,45.3150,43.7950,44.3800,336839,
2026-07-21,RHM.DE,GER,996.9000,1017.6000,985.3000,995.4000,166738,
2026-07-21,RWE.DE,GER,58.1600,58.8000,57.8000,58.2000,1157119,
2026-07-21,S92.DE,GER,59.7500,60.9500,57.2000,60.5000,85339,
2026-07-21,SAP.DE,GER,137.7400,137.8400,135.3400,136.4200,2099563,
2026-07-21,SHL.DE,GER,34.8700,35.0400,34.3100,34.5100,864697,
2026-07-21,SIE.DE,GER,265.7000,270.5000,265.2000,270.4500,807862,
2026-07-21,SRT3.DE,GER,233.6000,242.0000,208.0000,217.2000,390247,
2026-07-21,SZG.DE,GER,55.6500,55.7000,53.8500,55.0000,84348,
2026-07-21,TKA.DE,GER,12.2500,12.3000,11.9450,12.1750,1457401,
2026-07-21,TUI1.DE,GER,6.8800,6.9340,6.7740,6.8040,3723597,
2026-07-21,VOW3.DE,GER,72.5400,73.3400,72.0800,72.5600,598668,
2026-07-21,WAF.DE,GER,84.9500,85.3500,81.3500,85.3500,129895,
2026-07-21,ZAL.DE,GER,28.3000,28.4600,27.8400,28.2300,760312,
2026-07-22,ADS.DE,GER,178.5000,181.3500,176.4500,179.2500,604010,
2026-07-22,AFX.DE,GER,27.7000,28.3800,27.5600,28.2000,211366,
2026-07-22,AIR.DE,GER,203.5000,209.1000,202.7000,208.3000,453766,
2026-07-22,AIXA.DE,GER,41.5000,42.2100,41.1300,41.6400,459219,
2026-07-22,ALV.DE,GER,422.8000,430.6000,422.3000,426.1000,581985,
2026-07-22,BAYN.DE,GER,47.8600,47.8600,46.6300,46.9700,1855734,
2026-07-22,BC8.DE,GER,30.8800,30.9800,30.4000,30.8800,104740,
2026-07-22,BMW.DE,GER,57.3000,58.2600,56.9000,57.6600,1474694,
2026-07-22,CBK.DE,GER,37.7500,38.6100,37.6100,38.4400,1686443,
2026-07-22,CON.DE,GER,71.5000,72.1400,70.7000,71.1200,355564,
2026-07-22,DBK.DE,GER,30.9400,31.4050,30.8200,31.2250,3997828,
2026-07-22,DHER.DE,GER,38.3900,38.4500,38.2400,38.3000,745546,
2026-07-22,ENR.DE,GER,156.9800,161.4600,144.0600,152.3200,4095025,
2026-07-22,EOAN.DE,GER,19.2500,19.6000,19.1100,19.6000,4652818,
2026-07-22,EVT.DE,GER,3.4840,3.5200,3.4180,3.4620,694004,
2026-07-22,FRE.DE,GER,44.1000,44.1100,43.3000,43.5700,1122549,
2026-07-22,HAG.DE,GER,77.0600,79.0600,76.1200,77.2800,240894,
2026-07-22,HFG.DE,GER,3.6250,3.6250,3.5050,3.5550,856892,
2026-07-22,HNR1.DE,GER,248.6000,251.8000,247.2000,248.2000,123140,
2026-07-22,IFX.DE,GER,66.3900,69.8000,66.1900,69.8000,5070082,
2026-07-22,JEN.DE,GER,39.3400,40.1400,39.1200,40.1400,104318,
2026-07-22,KGX.DE,GER,40.8000,41.5500,40.4900,41.2400,250040,
2026-07-22,LHA.DE,GER,8.9500,8.9560,8.7700,8.8160,2827168,
2026-07-22,MBG.DE,GER,44.7250,45.1950,44.4400,44.8500,1537240,
2026-07-22,MRK.DE,GER,134.0000,138.3500,133.4500,136.9000,287704,
2026-07-22,MTX.DE,GER,337.0000,346.0000,337.0000,340.9000,128785,
2026-07-22,MUV2.DE,GER,505.4000,509.8000,501.2000,503.8000,228001,
2026-07-22,NDX1.DE,GER,41.3200,41.5200,39.6200,41.1000,418776,
2026-07-22,NEM.DE,GER,54.2500,55.5000,53.7000,54.2000,218025,
2026-07-22,P911.DE,GER,45.2500,46.9500,44.6300,46.1600,482388,
2026-07-22,PUM.DE,GER,28.5800,29.0100,28.4400,28.6400,356669,
2026-07-22,QIA.DE,GER,35.6650,36.0500,35.3250,35.4650,438814,
2026-07-22,R3NK.DE,GER,44.5000,45.2400,44.1800,44.8200,313437,
2026-07-22,RHM.DE,GER,1007.0000,1023.2000,993.3000,1007.8000,129529,
2026-07-22,RWE.DE,GER,58.4400,59.6800,58.2600,58.9800,968291,
2026-07-22,S92.DE,GER,60.1000,64.0000,56.4000,60.1500,213213,
2026-07-22,SAP.DE,GER,136.0200,136.4000,132.0400,132.0400,3046251,
2026-07-22,SHL.DE,GER,34.4400,35.1300,34.2600,34.5700,715777,
2026-07-22,SIE.DE,GER,267.5500,273.0000,267.5000,271.2500,826512,
2026-07-22,SRT3.DE,GER,216.0000,227.3000,214.5000,221.3000,211364,
2026-07-22,SZG.DE,GER,54.0000,54.6500,52.4500,54.0000,131007,
2026-07-22,TKA.DE,GER,12.1650,12.3300,12.0600,12.1950,1630671,
2026-07-22,TUI1.DE,GER,6.7500,6.8560,6.7100,6.8320,1966145,
2026-07-22,VOW3.DE,GER,72.1200,73.6400,71.6800,72.9600,712315,
2026-07-22,WAF.DE,GER,84.4000,84.8500,83.3000,84.3500,74598,
2026-07-22,ZAL.DE,GER,28.0000,28.8200,27.9500,28.2200,962294,
2026-07-23,ADS.DE,GER,178.0000,179.4000,175.1500,176.5000,743161,
2026-07-23,AFX.DE,GER,28.0200,28.2000,27.0400,27.3400,268144,
2026-07-23,AIR.DE,GER,207.0500,208.6000,202.8500,204.3000,331121,
2026-07-23,AIXA.DE,GER,41.8200,42.1300,40.1000,40.3400,428821,
2026-07-23,ALV.DE,GER,426.3000,427.7000,422.3000,424.4000,571817,
2026-07-23,BAYN.DE,GER,46.6000,46.6800,45.8200,46.2000,2345451,
2026-07-23,BC8.DE,GER,30.6800,30.9000,30.4000,30.6200,116837,
2026-07-23,BMW.DE,GER,57.1000,57.9800,56.8200,56.9200,1432183,
2026-07-23,CBK.DE,GER,38.1000,38.3600,36.2700,36.3500,3188149,
2026-07-23,CON.DE,GER,69.5600,70.9200,69.2200,69.2400,599159,
2026-07-23,DBK.DE,GER,31.1500,31.1500,29.7400,29.9700,5368055,
2026-07-23,DHER.DE,GER,38.3400,38.4600,38.1100,38.2600,733282,
2026-07-23,ENR.DE,GER,151.8400,153.3600,148.1400,150.4600,1873396,
2026-07-23,EOAN.DE,GER,19.6500,19.7400,19.3800,19.5900,4946694,
2026-07-23,EVT.DE,GER,3.4520,3.5040,3.3920,3.4640,733883,
2026-07-23,FRE.DE,GER,43.4700,43.4700,42.6800,42.8500,1437138,
2026-07-23,HAG.DE,GER,77.7000,80.7400,77.6800,79.1200,293812,
2026-07-23,HFG.DE,GER,3.5500,3.5870,3.4360,3.4860,679431,
2026-07-23,HNR1.DE,GER,247.6000,249.6000,244.2000,249.4000,119534,
2026-07-23,IFX.DE,GER,66.9000,67.6800,65.0900,65.4900,5487176,
2026-07-23,JEN.DE,GER,39.7400,40.1600,38.9200,39.3400,125642,
2026-07-23,KGX.DE,GER,40.9100,41.1200,39.6900,39.9100,257203,
2026-07-23,LHA.DE,GER,8.7500,8.7520,8.4540,8.4540,4829961,
2026-07-23,MBG.DE,GER,44.6450,45.0500,44.2000,44.3200,1605929,
2026-07-23,MRK.DE,GER,137.8500,140.0000,134.9500,139.2500,301808,
2026-07-23,MTX.DE,GER,339.1000,342.3000,334.0000,336.3000,150203,
2026-07-23,MUV2.DE,GER,501.8000,506.8000,493.7000,506.2000,284093,
2026-07-23,NDX1.DE,GER,40.8800,41.3200,39.9800,40.2400,368998,
2026-07-23,NEM.DE,GER,53.9500,54.5500,53.3500,53.9000,215172,
2026-07-23,P911.DE,GER,45.9000,46.0000,44.9900,45.3500,452178,
2026-07-23,PUM.DE,GER,28.4300,28.5400,27.2300,27.4900,643397,
2026-07-23,QIA.DE,GER,35.4000,36.5750,34.9750,36.5750,838858,
2026-07-23,R3NK.DE,GER,44.9250,46.2450,44.9250,45.3550,453435,
2026-07-23,RHM.DE,GER,1011.2000,1058.8000,1011.0000,1017.0000,193907,
2026-07-23,RWE.DE,GER,59.5400,59.5600,58.5800,58.9200,1505326,
2026-07-23,S92.DE,GER,60.5000,61.8500,57.4000,58.1500,92150,
2026-07-23,SAP.DE,GER,131.0000,132.4200,127.5000,128.3200,3335957,
2026-07-23,SHL.DE,GER,34.4600,34.4600,33.7800,34.0300,1090795,
2026-07-23,SIE.DE,GER,269.6500,271.1000,266.7000,268.2000,952177,
2026-07-23,SRT3.DE,GER,230.8000,233.0000,209.5000,221.8000,330190,
2026-07-23,SZG.DE,GER,54.0000,54.0000,51.9500,52.1500,105935,
2026-07-23,TKA.DE,GER,12.1700,12.2000,11.7800,11.9050,1668928,
2026-07-23,TUI1.DE,GER,6.7560,6.7620,6.6180,6.6620,2975686,
2026-07-23,VOW3.DE,GER,72.5000,73.5200,72.1600,72.9400,903962,
2026-07-23,WAF.DE,GER,83.2000,83.2500,80.4500,83.2500,111316,
2026-07-23,ZAL.DE,GER,28.2900,28.3000,27.0700,27.0700,998795,
2026-07-24,ADS.DE,GER,171.0000,174.5500,166.6500,173.6000,1050074,
2026-07-24,AFX.DE,GER,27.1400,27.8000,27.0200,27.8000,205043,
2026-07-24,AIR.DE,GER,204.7000,205.8000,202.6000,205.8000,172931,
2026-07-24,AIXA.DE,GER,39.6600,40.6200,39.3300,40.2300,431828,
2026-07-24,ALV.DE,GER,426.4000,427.4000,424.1000,427.1000,386766,
2026-07-24,BAYN.DE,GER,46.0000,46.1900,45.4900,46.0600,1486549,
2026-07-24,BC8.DE,GER,30.5000,31.6400,30.5000,31.6400,140860,
2026-07-24,BMW.DE,GER,56.7200,57.1200,56.4000,56.9600,1132196,
2026-07-24,CBK.DE,GER,36.4000,37.1200,36.3900,36.7800,2911418,
2026-07-24,CON.DE,GER,68.7000,70.3800,68.3800,70.0800,302349,
2026-07-24,DBK.DE,GER,30.0350,30.5950,30.0350,30.5900,2384577,
2026-07-24,DHER.DE,GER,38.1300,38.3000,38.0000,38.0000,572816,
2026-07-24,ENR.DE,GER,150.8000,153.8400,149.6600,151.3400,1155186,
2026-07-24,EOAN.DE,GER,19.5400,19.6450,19.4100,19.5950,3664895,
2026-07-24,EVT.DE,GER,3.4800,3.5320,3.4200,3.4540,672138,
2026-07-24,FRE.DE,GER,43.3400,43.8400,43.1000,43.8000,809962,
2026-07-24,HAG.DE,GER,78.8000,79.8600,77.9600,79.8000,156704,
2026-07-24,HFG.DE,GER,3.4760,3.4830,3.3240,3.4700,1285574,
2026-07-24,HNR1.DE,GER,251.6000,253.2000,248.8000,253.2000,95932,
2026-07-24,IFX.DE,GER,64.4000,65.7800,63.1500,64.4100,2288010,
2026-07-24,JEN.DE,GER,38.7600,39.8200,38.7400,39.3600,97114,
2026-07-24,KGX.DE,GER,39.9200,41.0100,39.6100,40.5500,171931,
2026-07-24,LHA.DE,GER,8.4820,8.7580,8.4600,8.7580,3021329,
2026-07-24,MBG.DE,GER,44.0850,44.7750,43.9650,44.7750,1605781,
2026-07-24,MRK.DE,GER,139.4500,140.9000,138.8500,139.1500,216392,
2026-07-24,MTX.DE,GER,334.9000,343.3000,333.9000,342.6000,66569,
2026-07-24,MUV2.DE,GER,509.6000,510.8000,500.6000,509.0000,448070,
2026-07-24,NDX1.DE,GER,40.2600,40.8000,39.7200,40.0400,257281,
2026-07-24,NEM.DE,GER,54.0000,57.1500,54.0000,57.1500,247768,
2026-07-24,P911.DE,GER,45.4000,45.5900,43.3600,43.7400,662640,
2026-07-24,PUM.DE,GER,27.0600,28.1100,26.9200,27.9900,726018,
2026-07-24,QIA.DE,GER,36.3550,36.6050,36.0200,36.3350,457981,
2026-07-24,R3NK.DE,GER,45.2000,45.8550,44.8400,45.2600,279787,
2026-07-24,RHM.DE,GER,1025.0000,1038.6000,1022.0000,1037.6000,115514,
2026-07-24,RWE.DE,GER,58.9200,59.2200,58.2000,58.8000,757106,
2026-07-24,S92.DE,GER,58.2000,58.8000,56.5000,56.8500,109239,
2026-07-24,SAP.DE,GER,130.8800,141.3200,130.8600,140.2000,4089229,
2026-07-24,SHL.DE,GER,33.9600,35.0600,33.9200,35.0600,974109,
2026-07-24,SIE.DE,GER,267.1500,272.5500,267.1500,272.2500,700995,
2026-07-24,SRT3.DE,GER,223.6000,224.9000,214.3000,221.0000,115855,
2026-07-24,SZG.DE,GER,51.3500,55.5000,51.3500,55.0500,132730,
2026-07-24,TKA.DE,GER,11.8400,12.2800,11.8400,12.2800,1330771,
2026-07-24,TUI1.DE,GER,6.6720,6.9200,6.6580,6.9200,2201273,
2026-07-24,VOW3.DE,GER,71.2000,72.5200,70.4400,71.4600,1279491,
2026-07-24,WAF.DE,GER,81.4500,84.3500,81.4000,82.9500,65961,
2026-07-24,ZAL.DE,GER,27.0600,27.5400,26.6200,27.4400,664427,
2026-07-27,ADS.DE,GER,176.7000,180.3500,175.8000,179.6500,583641,
2026-07-27,AFX.DE,GER,28.2000,28.4600,28.0200,28.0200,253948,
2026-07-27,AIR.DE,GER,210.6000,212.0000,208.4500,208.9500,278344,
2026-07-27,AIXA.DE,GER,40.4300,40.8100,38.0500,38.3100,543086,
2026-07-27,ALV.DE,GER,430.0000,432.3000,428.9000,430.4000,535540,
2026-07-27,BAYN.DE,GER,47.0000,47.7200,46.5300,47.2300,2163091,
2026-07-27,BC8.DE,GER,32.0000,32.6600,31.9400,32.3000,158637,
2026-07-27,BMW.DE,GER,58.2800,58.5200,57.1600,57.4800,1874757,
2026-07-27,CBK.DE,GER,37.1200,37.7600,37.1200,37.4500,2155425,
2026-07-27,CON.DE,GER,71.7000,72.2400,70.4800,70.9000,450267,
2026-07-27,DBK.DE,GER,31.0550,31.5000,30.9800,30.9800,3495165,
2026-07-27,DHER.DE,GER,37.9100,38.1300,37.7700,37.9000,980032,
2026-07-27,ENR.DE,GER,152.6000,154.5600,146.6200,148.3800,1763399,
2026-07-27,EOAN.DE,GER,19.6100,19.6100,19.1050,19.1050,2953921,
2026-07-27,EVT.DE,GER,3.4900,3.5380,3.4240,3.4240,703167,
2026-07-27,FRE.DE,GER,44.3500,44.7000,44.2300,44.2500,752326,
2026-07-27,HAG.DE,GER,79.6000,84.7800,79.6000,82.9600,345024,
2026-07-27,HFG.DE,GER,3.5200,3.5600,3.3800,3.4140,1594706,
2026-07-27,HNR1.DE,GER,253.8000,258.0000,253.6000,257.2000,122756,
2026-07-27,IFX.DE,GER,65.1100,66.0700,61.4900,61.4900,4474301,
2026-07-27,JEN.DE,GER,39.8000,39.9800,38.3000,38.4000,133188,
2026-07-27,KGX.DE,GER,41.7300,42.2000,41.4700,41.7800,302490,
2026-07-27,LHA.DE,GER,9.0640,9.1900,8.8880,8.9280,3867790,
2026-07-27,MBG.DE,GER,45.8800,46.0750,44.8650,45.3150,2923903,
2026-07-27,MRK.DE,GER,141.7000,142.7500,140.3500,141.7500,239253,
2026-07-27,MTX.DE,GER,351.1000,355.4000,345.7000,350.1000,131293,
2026-07-27,MUV2.DE,GER,513.0000,523.6000,513.0000,520.2000,318318,
2026-07-27,NDX1.DE,GER,39.8800,40.0600,38.2200,38.5600,452971,
2026-07-27,NEM.DE,GER,57.5000,60.8000,57.5000,60.0000,294563,
2026-07-27,P911.DE,GER,44.6000,44.8400,43.3000,43.7900,535937,
2026-07-27,PUM.DE,GER,28.2000,28.8600,28.0000,28.4900,484106,
2026-07-27,QIA.DE,GER,37.4500,37.4900,36.0600,36.5200,589708,
2026-07-27,R3NK.DE,GER,44.9200,47.9300,44.9200,46.8600,478777,
2026-07-27,RHM.DE,GER,1046.0000,1073.6000,1036.0000,1050.6000,197021,
2026-07-27,RWE.DE,GER,58.8600,58.8800,57.0400,57.3000,1208986,
2026-07-27,S92.DE,GER,57.0000,57.7000,55.6000,55.7500,73444,
2026-07-27,SAP.DE,GER,142.3800,151.5600,142.0000,151.2800,4516755,
2026-07-27,SHL.DE,GER,35.6000,35.8700,35.3300,35.5600,753054,
2026-07-27,SIE.DE,GER,274.8500,277.4000,272.1500,272.7500,1037750,
2026-07-27,SRT3.DE,GER,224.9000,227.4000,214.3000,214.3000,115360,
2026-07-27,SZG.DE,GER,56.0500,56.4500,53.4500,53.8000,141911,
2026-07-27,TKA.DE,GER,12.3600,12.5700,12.2200,12.3200,1730609,
2026-07-27,TUI1.DE,GER,7.0700,7.2400,7.0700,7.1940,5326466,
2026-07-27,VOW3.DE,GER,73.0200,73.7200,70.7400,70.7400,1519886,
2026-07-27,WAF.DE,GER,84.8500,84.8500,78.5000,78.5000,83473,
2026-07-27,ZAL.DE,GER,27.9100,28.9100,27.8400,28.5700,1035654,
2026-07-28,ADS.DE,GER,180.3000,181.8000,179.0500,181.1000,397027,
2026-07-28,AFX.DE,GER,28.2200,28.9400,27.8400,28.7400,309445,
2026-07-28,AIR.DE,GER,211.0000,213.3000,209.3000,212.0500,188282,
2026-07-28,AIXA.DE,GER,37.3700,37.6800,33.5900,34.4600,1380156,
2026-07-28,ALV.DE,GER,432.9000,433.7000,429.8000,432.4000,370704,
2026-07-28,BAYN.DE,GER,47.1900,47.4300,46.7700,47.0300,1391714,
2026-07-28,BC8.DE,GER,32.4800,37.1000,32.2200,37.0800,1062158,
2026-07-28,BMW.DE,GER,58.5600,59.6400,58.3400,59.5400,1547810,
2026-07-28,CBK.DE,GER,37.4000,37.7600,37.3300,37.5900,994834,
2026-07-28,CON.DE,GER,71.2600,72.2000,71.0800,72.1400,370726,
2026-07-28,DBK.DE,GER,31.3600,31.4000,30.6200,30.9350,4482323,
2026-07-28,DHER.DE,GER,37.9400,38.0000,37.7700,37.8600,520568,
2026-07-28,ENR.DE,GER,146.4800,148.9800,137.4400,137.9000,4455392,
2026-07-28,EOAN.DE,GER,19.1600,19.2350,18.8450,18.9900,3274600,
2026-07-28,EVT.DE,GER,3.4240,3.5660,3.4200,3.5040,706132,
2026-07-28,FRE.DE,GER,44.4000,44.6200,43.9500,44.3000,600015,
2026-07-28,HAG.DE,GER,83.1000,85.8600,83.0800,84.3800,334137,
2026-07-28,HFG.DE,GER,3.4470,3.5000,3.3820,3.4830,1917070,
2026-07-28,HNR1.DE,GER,256.0000,258.4000,254.6000,257.8000,132525,
2026-07-28,IFX.DE,GER,60.2200,61.5200,56.8000,57.7700,8928639,
2026-07-28,JEN.DE,GER,37.5000,37.7600,36.1400,36.3800,268273,
2026-07-28,KGX.DE,GER,42.1100,42.7300,41.6000,42.4100,324978,
2026-07-28,LHA.DE,GER,9.0000,9.0940,8.9460,9.0320,2227658,
2026-07-28,MBG.DE,GER,46.5000,48.0000,46.3550,46.6200,2990602,
2026-07-28,MRK.DE,GER,140.3500,144.9000,139.8500,144.2500,227674,
2026-07-28,MTX.DE,GER,352.1000,363.3000,351.0000,358.6000,151610,
2026-07-28,MUV2.DE,GER,523.8000,527.0000,520.8000,527.0000,278094,
2026-07-28,NDX1.DE,GER,37.8000,38.4600,36.5800,37.2400,600292,
2026-07-28,NEM.DE,GER,60.9500,66.6000,60.5500,65.7500,563939,
2026-07-28,P911.DE,GER,44.1300,45.0200,44.0500,44.8600,503159,
2026-07-28,PUM.DE,GER,28.8200,29.2000,28.6600,29.2000,455846,
2026-07-28,QIA.DE,GER,36.2800,37.2900,35.8850,36.6900,764246,
2026-07-28,R3NK.DE,GER,47.4400,48.2600,47.0800,48.1850,487222,
2026-07-28,RHM.DE,GER,1065.2000,1100.8000,1063.4000,1086.8000,235229,
2026-07-28,RWE.DE,GER,57.8600,57.9600,55.6200,55.6200,1758100,
2026-07-28,S92.DE,GER,55.0000,55.0000,49.3000,49.7400,203653,
2026-07-28,SAP.DE,GER,152.2000,159.7600,151.0000,159.2400,3614882,
2026-07-28,SHL.DE,GER,35.6900,36.2500,35.1000,35.9200,1232489,
2026-07-28,SIE.DE,GER,272.1000,273.4000,268.1000,271.7500,798895,
2026-07-28,SRT3.DE,GER,213.7000,226.0000,210.7000,222.4000,144677,
2026-07-28,SZG.DE,GER,53.4000,55.3500,53.1500,54.2000,82668,
2026-07-28,TKA.DE,GER,12.3300,12.6000,12.0350,12.1550,1485853,
2026-07-28,TUI1.DE,GER,7.2980,7.3740,7.2200,7.2980,3609645,
2026-07-28,VOW3.DE,GER,71.7600,73.9200,71.5200,73.9200,1414623,
2026-07-28,WAF.DE,GER,76.2500,76.8500,70.3500,72.2000,222629,
2026-07-28,ZAL.DE,GER,28.6600,29.9300,28.5200,29.8500,1302705,
2026-07-29,ADS.DE,GER,180.6500,182.2500,179.2500,182.2500,653745,
2026-07-29,AFX.DE,GER,29.2000,30.2000,29.0600,30.0200,305634,
2026-07-29,AIR.DE,GER,210.8500,211.8500,208.3500,209.8000,361600,
2026-07-29,AIXA.DE,GER,32.6200,34.8800,31.4200,33.3400,1351969,
2026-07-29,ALV.DE,GER,432.2000,433.6000,426.5000,428.2000,528011,
2026-07-29,BAYN.DE,GER,47.1800,47.6900,46.6500,47.6900,1749767,
2026-07-29,BC8.DE,GER,37.6800,37.9600,36.5600,37.1600,463333,
2026-07-29,BMW.DE,GER,60.4800,60.7200,59.0600,60.3000,1711073,
2026-07-29,CBK.DE,GER,37.6700,37.9000,36.7800,36.8500,1751801,
2026-07-29,CON.DE,GER,72.1600,72.8400,70.2400,70.7400,470378,
2026-07-29,DBK.DE,GER,32.2100,32.7850,31.2650,31.2650,9037783,
2026-07-29,DHER.DE,GER,37.9000,37.9800,37.5000,37.5000,1473287,
2026-07-29,ENR.DE,GER,138.0000,140.2400,134.0600,135.1800,3412140,
2026-07-29,EOAN.DE,GER,19.0400,19.1150,18.6950,18.7100,3080281,
2026-07-29,EVT.DE,GER,3.5180,3.5320,3.4500,3.4700,434621,
2026-07-29,FRE.DE,GER,44.5900,45.0400,44.1900,44.5200,974555,
2026-07-29,HAG.DE,GER,85.1000,86.0800,81.8000,84.6200,335131,
2026-07-29,HFG.DE,GER,3.4890,3.7000,3.3940,3.6850,2447862,
2026-07-29,HNR1.DE,GER,258.0000,258.0000,252.6000,256.2000,142706,
2026-07-29,IFX.DE,GER,56.7700,57.8400,54.2600,54.4800,6382377,
2026-07-29,JEN.DE,GER,35.9400,36.4800,34.8800,34.8800,174736,
2026-07-29,KGX.DE,GER,42.2300,42.8200,41.8300,42.1200,362389,
2026-07-29,LHA.DE,GER,8.9660,9.0600,8.8600,8.8920,2465290,
2026-07-29,MBG.DE,GER,46.8150,47.1800,45.8250,46.8550,2275155,
2026-07-29,MRK.DE,GER,144.3000,145.1000,143.3000,145.1000,196279,
2026-07-29,MTX.DE,GER,359.9000,363.1000,355.9000,356.6000,169189,
2026-07-29,MUV2.DE,GER,526.8000,526.8000,516.4000,524.2000,226446,
2026-07-29,NDX1.DE,GER,38.4600,39.9000,37.0000,38.2800,1018989,
2026-07-29,NEM.DE,GER,65.0500,67.7000,65.0000,67.2000,479985,
2026-07-29,P911.DE,GER,46.1700,47.0000,44.0400,44.2000,594810,
2026-07-29,PUM.DE,GER,29.3400,29.6100,28.7800,28.8900,662609,
2026-07-29,QIA.DE,GER,36.8450,37.2050,36.5800,36.9300,721839,
2026-07-29,R3NK.DE,GER,48.5050,49.3200,46.9750,48.4300,598600,
2026-07-29,RHM.DE,GER,1091.4000,1187.4000,1058.0000,1153.4000,440089,
2026-07-29,RWE.DE,GER,56.6400,58.0800,55.6600,55.6800,1718399,
2026-07-29,S92.DE,GER,52.8000,55.1500,52.0000,52.5500,163947,
2026-07-29,SAP.DE,GER,159.8400,163.3000,156.4800,162.0400,4467303,
2026-07-29,SHL.DE,GER,36.1000,37.6700,35.8000,37.5400,2192201,
2026-07-29,SIE.DE,GER,271.5500,274.3000,270.5500,271.2500,695836,
2026-07-29,SRT3.DE,GER,223.1000,226.0000,221.3000,225.6000,92973,
2026-07-29,SZG.DE,GER,53.2500,53.9500,50.1500,50.8000,164959,
2026-07-29,TKA.DE,GER,12.3000,12.3650,11.8600,11.9350,1745512,
2026-07-29,TUI1.DE,GER,7.3100,7.4120,7.2180,7.3240,4097025,
2026-07-29,VOW3.DE,GER,74.6000,76.3600,74.0600,75.3800,1534207,
2026-07-29,WAF.DE,GER,69.6500,73.2000,67.1500,67.9500,152444,
2026-07-29,ZAL.DE,GER,29.6200,30.2400,29.1000,30.2400,1302293,
2026-07-30,ADS.DE,GER,157.2500,163.7500,147.0500,161.2500,5865567,
2026-07-30,AFX.DE,GER,29.5800,31.0000,29.5800,30.4200,402846,
2026-07-30,AIR.DE,GER,206.2000,207.9000,203.1500,203.9500,369628,
2026-07-30,AIXA.DE,GER,34.2800,35.6600,31.9200,34.4500,1741163,
2026-07-30,ALV.DE,GER,426.3000,433.5000,426.3000,431.5000,417495,
2026-07-30,BAYN.DE,GER,47.1100,48.5800,47.0500,48.4400,1931904,
2026-07-30,BC8.DE,GER,36.7800,37.2000,36.1200,36.1600,262619,
2026-07-30,BMW.DE,GER,59.9000,61.4000,59.4800,60.1800,1573559,
2026-07-30,CBK.DE,GER,36.7600,37.5700,36.6400,37.3400,1931269,
2026-07-30,CON.DE,GER,70.2800,72.9200,70.1600,72.0600,324488,
2026-07-30,DBK.DE,GER,31.2800,31.8750,31.0600,31.8600,4256100,
2026-07-30,DHER.DE,GER,37.5000,37.9800,37.3700,37.4900,1379265,
2026-07-30,ENR.DE,GER,135.2200,146.8400,133.3000,146.1600,3228427,
2026-07-30,EOAN.DE,GER,18.7000,19.0900,18.6900,18.8200,3184437,
2026-07-30,EVT.DE,GER,3.4780,3.5240,3.4420,3.4520,759884,
2026-07-30,FRE.DE,GER,44.4700,45.3500,44.4500,44.8800,927958,
2026-07-30,HAG.DE,GER,83.9000,85.0800,82.6600,83.9800,233381,
2026-07-30,HFG.DE,GER,3.6790,3.6920,3.5320,3.6270,925613,
2026-07-30,HNR1.DE,GER,256.0000,257.6000,252.0000,252.4000,125111,
2026-07-30,IFX.DE,GER,54.4000,60.3400,54.0600,59.4700,7220335,
2026-07-30,JEN.DE,GER,35.5200,36.9000,34.7200,36.4400,172863,
2026-07-30,KGX.DE,GER,40.7600,42.0400,38.8600,40.0600,633515,
2026-07-30,LHA.DE,GER,8.9040,9.1060,8.8480,9.0460,2556917,
2026-07-30,MBG.DE,GER,46.7350,47.6950,46.6550,47.1000,2579239,
2026-07-30,MRK.DE,GER,143.7000,145.5500,142.8500,142.8500,281047,
2026-07-30,MTX.DE,GER,358.0000,371.9000,351.1000,358.2000,280598,
2026-07-30,MUV2.DE,GER,522.8000,528.2000,519.8000,522.8000,261369,
2026-07-30,NDX1.DE,GER,38.3200,40.1600,38.1000,39.5800,514748,
2026-07-30,NEM.DE,GER,66.0000,66.0500,57.8000,58.0000,653260,
2026-07-30,P911.DE,GER,44.0000,45.1900,42.9900,44.0000,469592,
2026-07-30,PUM.DE,GER,28.4800,28.4800,27.5000,28.2000,603895,
2026-07-30,QIA.DE,GER,35.4300,36.5600,35.2500,35.9900,619049,
2026-07-30,R3NK.DE,GER,48.0050,48.0050,47.1700,47.6850,276532,
2026-07-30,RHM.DE,GER,1155.6000,1155.6000,1121.0000,1139.6000,238476,
2026-07-30,RWE.DE,GER,55.6800,56.7400,55.5000,56.2600,1014080,
2026-07-30,S92.DE,GER,51.2000,55.5500,50.8000,55.0000,93995,
2026-07-30,SAP.DE,GER,162.5000,163.1600,155.2000,155.9200,4328601,
2026-07-30,SHL.DE,GER,37.4300,37.5000,36.9100,37.2000,1124228,
2026-07-30,SIE.DE,GER,272.8500,283.2000,271.8500,281.1000,1046712,
2026-07-30,SRT3.DE,GER,224.2000,229.9000,222.2000,222.2000,104760,
2026-07-30,SZG.DE,GER,50.4500,51.8500,48.6400,51.4000,122095,
2026-07-30,TKA.DE,GER,11.8100,12.1950,11.6450,12.0650,1858643,
2026-07-30,TUI1.DE,GER,7.3080,7.5400,7.2620,7.4400,4140793,
2026-07-30,VOW3.DE,GER,74.8000,76.3000,74.4000,76.1400,889820,
2026-07-30,WAF.DE,GER,67.1000,77.5500,66.7000,73.9500,190131,
2026-07-30,ZAL.DE,GER,30.0000,30.4300,28.9500,28.9500,1428887,
2026-07-31,ADS.DE,GER,159.0000,163.3500,157.5500,159.4000,1975489,
2026-07-31,AFX.DE,GER,30.5000,31.5200,30.5000,30.5000,279847,
2026-07-31,AIR.DE,GER,204.9000,208.5000,201.7500,202.2500,282364,
2026-07-31,AIXA.DE,GER,37.2500,38.7200,35.6000,36.2700,1771573,
2026-07-31,ALV.DE,GER,432.6000,435.2000,430.3000,432.5000,570215,
2026-07-31,BAYN.DE,GER,48.2100,48.7100,47.7300,48.0500,2153145,
2026-07-31,BC8.DE,GER,36.2600,36.4800,35.6600,36.1000,160590,
2026-07-31,BMW.DE,GER,59.6000,59.9800,59.1600,59.3000,1632260,
2026-07-31,CBK.DE,GER,37.3000,38.0000,37.2500,37.6700,2970528,
2026-07-31,CON.DE,GER,72.5600,72.9600,71.3600,71.8600,369192,
2026-07-31,DBK.DE,GER,32.1650,32.5900,31.5700,31.8750,4623893,
2026-07-31,DHER.DE,GER,37.5400,37.7700,37.4400,37.4400,1003534,
2026-07-31,ENR.DE,GER,152.0000,152.7400,146.7400,147.4400,2420035,
2026-07-31,EOAN.DE,GER,19.0000,19.1600,18.6850,18.7150,4180721,
2026-07-31,EVT.DE,GER,3.4900,3.5180,3.3800,3.4100,894794,
2026-07-31,FRE.DE,GER,45.1400,45.4100,44.5200,44.5200,942822,
2026-07-31,HAG.DE,GER,83.0000,83.6000,77.6400,79.7600,775836,
2026-07-31,HFG.DE,GER,3.6500,3.6500,3.4100,3.4120,1637379,
2026-07-31,HNR1.DE,GER,253.4000,254.0000,250.0000,250.6000,139751,
2026-07-31,IFX.DE,GER,64.0000,64.0300,61.0900,61.6700,8580830,
2026-07-31,JEN.DE,GER,38.3200,38.3400,37.2600,37.2800,185354,
2026-07-31,KGX.DE,GER,41.1500,41.1500,37.9000,38.9300,610343,
2026-07-31,LHA.DE,GER,9.0900,9.1560,8.9720,9.0360,3776679,
2026-07-31,MBG.DE,GER,46.8450,47.1650,46.4250,46.7300,2000982,
2026-07-31,MRK.DE,GER,143.4500,145.5000,142.6000,143.1500,245364,
2026-07-31,MTX.DE,GER,362.0000,364.6000,353.5000,361.8000,183946,
2026-07-31,MUV2.DE,GER,523.6000,524.2000,517.0000,522.2000,237895,
2026-07-31,NDX1.DE,GER,40.7600,40.9600,38.4400,38.4400,612267,
2026-07-31,NEM.DE,GER,58.3000,59.7500,57.5000,58.0500,423454,
2026-07-31,P911.DE,GER,44.5900,44.5900,41.9000,42.4400,796475,
2026-07-31,PUM.DE,GER,28.2100,28.2100,26.2200,27.5000,1503876,
2026-07-31,QIA.DE,GER,35.5100,35.9600,35.4200,35.7200,554817,
2026-07-31,R3NK.DE,GER,47.8200,48.8450,46.9550,47.8500,404726,
2026-07-31,RHM.DE,GER,1149.4000,1174.6000,1126.8000,1140.0000,191473,
2026-07-31,RWE.DE,GER,56.9800,57.9200,56.8000,57.1800,1444380,
2026-07-31,S92.DE,GER,57.2500,57.2500,52.8500,52.8500,92597,
2026-07-31,SAP.DE,GER,154.9000,158.2600,153.6000,157.6800,3538614,
2026-07-31,SHL.DE,GER,36.0000,38.1000,35.7100,36.8600,2458489,
2026-07-31,SIE.DE,GER,281.4500,287.0000,280.0000,282.6500,1120680,
2026-07-31,SRT3.DE,GER,221.8000,225.8000,218.0000,218.0000,120898,
2026-07-31,SZG.DE,GER,51.7500,52.2000,51.0500,51.5500,91227,
2026-07-31,TKA.DE,GER,12.1800,12.3700,11.9050,12.0550,2022863,
2026-07-31,TUI1.DE,GER,7.4800,7.5720,7.4260,7.5120,3892150,
2026-07-31,VOW3.DE,GER,75.4000,75.8600,74.2000,74.6600,727461,
2026-07-31,WAF.DE,GER,80.3500,80.9000,75.2000,76.1000,195426,
2026-07-31,ZAL.DE,GER,28.6100,28.9300,28.2600,28.2600,1448089,
2026-08-03,ADS.DE,GER,161.0000,167.7000,161.0000,164.8000,1393017,
2026-08-03,AFX.DE,GER,30.8200,32.2600,30.8200,31.7800,257360,
2026-08-03,AIR.DE,GER,208.3000,209.8000,206.5000,208.0000,348155,
2026-08-03,AIXA.DE,GER,36.8600,37.7800,35.3600,37.4800,1007286,
2026-08-03,ALV.DE,GER,432.6000,434.7000,431.3000,432.9000,564449,
2026-08-03,BAYN.DE,GER,48.1400,48.2000,46.9600,47.1200,2880000,
2026-08-03,BC8.DE,GER,36.4400,37.8000,36.4400,37.0400,233387,
2026-08-03,BMW.DE,GER,59.9800,61.0800,59.9400,60.0600,1334121,
2026-08-03,CBK.DE,GER,37.8500,38.7900,37.8500,38.7500,3728250,
2026-08-03,CON.DE,GER,72.9600,73.2000,71.9800,72.3600,344503,
2026-08-03,DBK.DE,GER,32.2200,32.4350,31.8700,32.1950,5832343,
2026-08-03,DHER.DE,GER,37.4200,37.5600,37.3000,37.3000,672945,
2026-08-03,ENR.DE,GER,149.8000,151.0200,143.8000,147.5400,2121867,
2026-08-03,EOAN.DE,GER,19.0550,19.1450,18.8400,19.0150,4192268,
2026-08-03,EVT.DE,GER,3.4640,3.5200,3.4460,3.4880,582538,
2026-08-03,FRE.DE,GER,44.7400,45.2800,44.4500,44.7700,688117,
2026-08-03,HAG.DE,GER,82.1200,87.8200,79.4800,86.3400,670264,
2026-08-03,HFG.DE,GER,3.4280,3.5240,3.4280,3.4710,609670,
2026-08-03,HNR1.DE,GER,249.6000,252.8000,248.8000,250.8000,142610,
2026-08-03,IFX.DE,GER,63.4000,63.4400,59.9700,61.4700,3918994,
2026-08-03,JEN.DE,GER,37.8000,37.8400,36.3800,37.5600,96295,
2026-08-03,KGX.DE,GER,39.3800,40.9300,39.0500,39.9000,589370,
2026-08-03,LHA.DE,GER,9.3300,9.4640,9.1480,9.2380,5112637,
2026-08-03,MBG.DE,GER,47.1850,48.3400,47.1850,47.9500,2047487,
2026-08-03,MRK.DE,GER,143.9500,145.1500,142.4500,142.4500,234626,
2026-08-03,MTX.DE,GER,368.0000,374.0000,367.0000,369.5000,180022,
2026-08-03,MUV2.DE,GER,519.0000,525.6000,518.2000,521.0000,255219,
2026-08-03,NDX1.DE,GER,38.6000,39.9400,37.5400,39.8800,583449,
2026-08-03,NEM.DE,GER,58.5000,60.5500,58.4500,58.5500,310733,
2026-08-03,P911.DE,GER,42.6000,44.1900,42.6000,43.2800,446220,
2026-08-03,PUM.DE,GER,27.2100,28.6400,27.0000,27.3200,743260,
2026-08-03,QIA.DE,GER,36.1600,37.0400,35.9850,36.3850,779182,
2026-08-03,R3NK.DE,GER,48.0300,49.4200,47.5900,49.0200,476807,
2026-08-03,RHM.DE,GER,1152.6000,1191.8000,1142.0000,1175.0000,208718,
2026-08-03,RWE.DE,GER,56.7000,57.0400,55.8000,57.0400,1528517,
2026-08-03,S92.DE,GER,52.9500,53.2500,50.3500,52.2500,151209,
2026-08-03,SAP.DE,GER,160.0000,168.7000,159.6000,164.6400,3967342,
2026-08-03,SHL.DE,GER,37.9600,39.4500,37.9600,39.1100,1688099,
2026-08-03,SIE.DE,GER,284.2000,286.4500,281.7500,285.3000,1208214,
2026-08-03,SRT3.DE,GER,220.6000,230.7000,219.6000,225.2000,93109,
2026-08-03,SZG.DE,GER,52.4500,53.8500,51.3000,53.0000,101423,
2026-08-03,TKA.DE,GER,12.2500,12.3900,11.9200,12.2000,2063236,
2026-08-03,TUI1.DE,GER,7.6800,7.9080,7.6800,7.7540,6931561,
2026-08-03,VOW3.DE,GER,75.4400,77.1200,75.4400,76.3000,894310,
2026-08-03,WAF.DE,GER,81.4500,81.5000,75.7500,78.6000,83303,
2026-08-03,ZAL.DE,GER,28.6800,29.5400,28.5600,29.1100,1646102,
2026-08-04,ADS.DE,GER,163.0000,163.1500,159.7500,160.6500,900795,
2026-08-04,AFX.DE,GER,31.4000,31.8600,30.0000,30.9600,315450,
2026-08-04,AIR.DE,GER,210.7000,214.2000,209.4000,214.2000,201696,
2026-08-04,AIXA.DE,GER,37.9000,39.1500,37.3900,38.4400,903807,
2026-08-04,ALV.DE,GER,433.6000,435.9000,431.9000,434.7000,489034,
2026-08-04,BAYN.DE,GER,47.9000,49.9200,47.6000,48.2500,3774952,
2026-08-04,BC8.DE,GER,37.1000,37.3200,36.6400,37.2600,157642,
2026-08-04,BMW.DE,GER,59.9200,60.0600,59.0200,59.9600,1641857,
2026-08-04,CBK.DE,GER,38.8000,39.7400,38.7000,39.6500,3890640,
2026-08-04,CON.DE,GER,73.2000,73.3200,70.3400,71.2400,678975,
2026-08-04,DBK.DE,GER,32.4100,32.8000,32.2400,32.7100,5731399,
2026-08-04,DHER.DE,GER,37.2600,37.4500,37.2300,37.2300,646292,
2026-08-04,ENR.DE,GER,151.0000,154.7400,149.5200,150.8600,2697911,
2026-08-04,EOAN.DE,GER,19.0500,19.3400,18.9350,18.9500,3505819,
2026-08-04,EVT.DE,GER,3.4880,3.5780,3.4460,3.4460,754808,
2026-08-04,FRE.DE,GER,44.5400,45.0200,44.1600,44.3600,940748,
2026-08-04,HAG.DE,GER,88.3000,89.6000,87.1400,87.4400,337016,
2026-08-04,HFG.DE,GER,3.4460,3.4510,3.3840,3.3900,1216326,
2026-08-04,HNR1.DE,GER,250.4000,250.4000,246.6000,247.4000,118206,
2026-08-04,IFX.DE,GER,63.5200,64.2700,62.6600,63.7200,3812593,
2026-08-04,JEN.DE,GER,38.5000,39.2800,38.3200,39.1400,113774,
2026-08-04,KGX.DE,GER,40.1900,41.1600,40.1900,40.6400,269435,
2026-08-04,LHA.DE,GER,8.5540,8.6500,8.0560,8.4800,26645131,
2026-08-04,MBG.DE,GER,47.7600,48.2450,47.1300,48.2100,1826484,
2026-08-04,MRK.DE,GER,144.3000,146.3500,143.3000,146.3500,222672,
2026-08-04,MTX.DE,GER,372.4000,376.4000,363.6000,369.7000,141347,
2026-08-04,MUV2.DE,GER,521.6000,521.6000,514.0000,514.8000,253411,
2026-08-04,NDX1.DE,GER,40.8600,41.3000,39.5400,39.5400,423049,
2026-08-04,NEM.DE,GER,58.1500,59.6000,56.9000,57.2500,363367,
2026-08-04,P911.DE,GER,43.2400,43.5500,42.6000,43.4100,256977,
2026-08-04,PUM.DE,GER,27.0000,27.4500,26.8000,27.2200,609914,
2026-08-04,QIA.DE,GER,37.1800,37.4050,35.9600,36.0450,550806,
2026-08-04,R3NK.DE,GER,49.5950,50.6700,49.0500,49.5200,376556,
2026-08-04,RHM.DE,GER,1190.8000,1222.0000,1190.0000,1200.8000,165968,
2026-08-04,RWE.DE,GER,57.2600,57.6200,56.3400,56.6000,1101825,
2026-08-04,S92.DE,GER,52.8000,55.3000,52.7500,54.3500,75981,
2026-08-04,SAP.DE,GER,162.8600,168.5600,162.4000,167.3800,2990988,
2026-08-04,SHL.DE,GER,39.1100,39.4700,38.7200,39.0000,826562,
2026-08-04,SIE.DE,GER,286.5000,289.6000,285.7500,287.4500,1223320,
2026-08-04,SRT3.DE,GER,226.6000,229.7000,224.8000,227.6000,66746,
2026-08-04,SZG.DE,GER,53.5000,55.7000,53.0000,54.9500,114166,
2026-08-04,TKA.DE,GER,12.2800,12.6600,12.2700,12.5700,2187041,
2026-08-04,TUI1.DE,GER,7.6920,7.7640,7.4860,7.7240,3440522,
2026-08-04,VOW3.DE,GER,75.9400,76.9000,75.3800,76.9000,613234,
2026-08-04,WAF.DE,GER,80.4000,81.4500,78.2000,78.9000,66002,
2026-08-04,ZAL.DE,GER,26.0000,26.0000,23.8600,25.2200,7218430,
2026-08-05,ADS.DE,GER,161.2500,164.6500,160.2000,163.0000,870656,
2026-08-05,AFX.DE,GER,31.2400,31.2800,30.2800,30.2800,244236,
2026-08-05,AIR.DE,GER,215.0500,216.4000,214.3000,215.0500,184382,
2026-08-05,AIXA.DE,GER,39.3500,39.4100,37.9800,38.2400,602914,
2026-08-05,ALV.DE,GER,436.0000,438.6000,435.1000,436.6000,422399,
2026-08-05,BAYN.DE,GER,49.5000,50.5000,49.2200,49.2200,2665711,
2026-08-05,BC8.DE,GER,37.4200,37.7600,37.0000,37.3400,168492,
2026-08-05,BMW.DE,GER,60.2800,60.5000,59.1000,59.1000,1176727,
2026-08-05,CBK.DE,GER,39.5600,39.7600,38.9900,39.3500,2847814,
2026-08-05,CON.DE,GER,71.2600,71.5600,68.0200,68.5800,725378,
2026-08-05,DBK.DE,GER,32.8600,32.9900,32.5750,32.8300,3601724,
2026-08-05,DHER.DE,GER,37.3300,37.4800,37.2000,37.3000,480004,
2026-08-05,ENR.DE,GER,158.6000,159.4600,147.6800,150.8600,3011240,
2026-08-05,EOAN.DE,GER,19.0850,19.2550,18.7900,18.7900,3640950,
2026-08-05,EVT.DE,GER,3.5520,3.5840,3.4300,3.4300,749717,
2026-08-05,FRE.DE,GER,48.4800,48.4800,46.1900,46.6500,1862173,
2026-08-05,HAG.DE,GER,88.0000,89.9000,87.2000,87.4800,288116,
2026-08-05,HFG.DE,GER,3.4000,3.4160,3.3380,3.3760,807957,
2026-08-05,HNR1.DE,GER,247.2000,250.0000,245.8000,249.0000,128512,
2026-08-05,IFX.DE,GER,64.3500,64.4000,59.4600,60.0800,6934036,
2026-08-05,JEN.DE,GER,40.3600,40.4000,38.7600,38.9000,117895,
2026-08-05,KGX.DE,GER,41.6400,41.7700,40.0100,40.5500,390572,
2026-08-05,LHA.DE,GER,8.4440,8.7920,8.4440,8.6760,7034492,
2026-08-05,MBG.DE,GER,48.4000,48.4100,47.2600,47.2600,1669700,
2026-08-05,MRK.DE,GER,146.7000,146.9000,143.1000,145.0000,329479,
2026-08-05,MTX.DE,GER,374.0000,380.8000,374.0000,377.0000,136870,
2026-08-05,MUV2.DE,GER,515.0000,520.2000,514.2000,515.0000,518785,
2026-08-05,NDX1.DE,GER,39.9200,40.0200,37.9800,38.1200,546846,
2026-08-05,NEM.DE,GER,57.2500,58.2500,56.5000,56.5000,288791,
2026-08-05,P911.DE,GER,43.5200,43.9000,43.2800,43.4900,249459,
2026-08-05,PUM.DE,GER,27.1400,27.2700,26.3700,26.8600,605301,
2026-08-05,QIA.DE,GER,36.9500,36.9500,36.2000,36.3700,503006,
2026-08-05,R3NK.DE,GER,49.8650,50.2900,48.3450,48.5000,441461,
2026-08-05,RHM.DE,GER,1206.8000,1233.8000,1197.0000,1200.6000,250555,
2026-08-05,RWE.DE,GER,57.2400,57.3400,55.2800,55.2800,1367857,
2026-08-05,S92.DE,GER,55.8000,56.7000,52.7500,53.5000,74817,
2026-08-05,SAP.DE,GER,167.9200,172.6000,167.3000,169.2600,3229814,
2026-08-05,SHL.DE,GER,39.6000,39.6000,38.9700,39.2400,1023037,
2026-08-05,SIE.DE,GER,290.0000,291.5000,283.2500,285.9500,1182126,
2026-08-05,SRT3.DE,GER,229.2000,231.7000,222.3000,228.9000,54065,
2026-08-05,SZG.DE,GER,56.5500,57.0000,54.8000,55.2000,127081,
2026-08-05,TKA.DE,GER,12.7450,12.9200,12.4850,12.6000,1540101,
2026-08-05,TUI1.DE,GER,7.7120,7.8300,7.6880,7.8040,2918014,
2026-08-05,VOW3.DE,GER,76.9000,77.2000,75.8600,76.0800,524044,
2026-08-05,WAF.DE,GER,80.8000,81.1000,78.4500,79.0000,77283,
2026-08-05,ZAL.DE,GER,25.0000,25.3800,24.2500,24.4600,2507208,
2026-08-06,ADS.DE,GER,163.3500,165.3000,163.3000,164.8000,301753,
2026-08-06,AFX.DE,GER,30.0000,31.0800,27.7200,29.0400,469900,
2026-08-06,AIR.DE,GER,214.8500,217.2000,214.0000,214.4000,184932,
2026-08-06,AIXA.DE,GER,38.0300,39.2000,37.4400,38.8500,235551,
2026-08-06,ALV.DE,GER,440.5000,443.9000,438.7000,443.0000,407611,
2026-08-06,BAYN.DE,GER,49.8100,50.0200,48.6200,49.4700,1225274,
2026-08-06,BC8.DE,GER,37.2000,37.5800,36.9000,37.0400,107646,
2026-08-06,BMW.DE,GER,59.7200,59.8400,58.6200,58.9400,523644,
2026-08-06,CBK.DE,GER,38.6100,39.8700,38.6000,39.0200,2152176,
2026-08-06,CON.DE,GER,68.7400,69.2200,67.7200,67.8600,136778,
2026-08-06,DBK.DE,GER,33.0950,33.2850,32.8600,32.9170,3079931,
2026-08-06,DHER.DE,GER,37.0200,37.2000,36.9600,37.0700,397377,
2026-08-06,ENR.DE,GER,149.8800,154.2800,147.6800,153.1200,1188068,
2026-08-06,EOAN.DE,GER,18.9600,19.1000,18.7450,19.0150,1245269,
2026-08-06,EVT.DE,GER,3.4680,3.5220,3.4380,3.4440,536941,
2026-08-06,FRE.DE,GER,47.4500,48.0700,46.7700,46.8200,700140,
2026-08-06,HAG.DE,GER,85.5200,91.0400,85.4200,90.3000,288132,
2026-08-06,HFG.DE,GER,3.3640,3.4550,3.3600,3.3960,280420,
2026-08-06,HNR1.DE,GER,251.0000,253.2000,248.2000,252.4000,52518,
2026-08-06,IFX.DE,GER,60.0000,61.1000,58.1200,60.5100,2666943,
2026-08-06,JEN.DE,GER,38.2600,38.7200,37.5800,38.7200,68753,
2026-08-06,KGX.DE,GER,40.8600,42.0000,40.7200,41.7300,85603,
2026-08-06,LHA.DE,GER,8.5400,8.7300,8.5000,8.6500,2040148,
2026-08-06,MBG.DE,GER,47.4400,47.5700,46.7000,46.9750,796370,
2026-08-06,MRK.DE,GER,147.8000,148.8000,142.4500,145.3500,224412,
2026-08-06,MTX.DE,GER,376.7000,383.8000,373.8000,374.2000,58744,
2026-08-06,MUV2.DE,GER,520.0000,524.2000,514.0000,523.4000,161313,
2026-08-06,NDX1.DE,GER,38.3600,40.0600,38.0600,39.8000,224388,
2026-08-06,NEM.DE,GER,57.0000,57.9500,56.3000,56.9500,106481,
2026-08-06,P911.DE,GER,43.5100,44.4200,42.4900,43.4000,230227,
2026-08-06,PUM.DE,GER,26.8000,27.5700,26.7600,27.2500,183445,
2026-08-06,QIA.DE,GER,36.0000,36.8100,35.5650,36.2700,445797,
2026-08-06,R3NK.DE,GER,48.2950,53.3500,46.5050,51.4500,886797,
2026-08-06,RHM.DE,GER,1161.2000,1238.0000,1120.6000,1146.0000,393939,
2026-08-06,RWE.DE,GER,55.8000,56.9000,55.1800,56.5400,1242114,
2026-08-06,S92.DE,GER,53.0000,55.3000,52.7000,54.8500,27021,
2026-08-06,SAP.DE,GER,171.4400,173.1000,168.0800,171.3200,2779514,
2026-08-06,SHL.DE,GER,39.5800,39.6200,39.0300,39.0500,267729,
2026-08-06,SIE.DE,GER,270.0000,275.3500,267.4000,274.7000,1745809,
2026-08-06,SRT3.DE,GER,230.0000,235.3000,230.0000,230.8000,30610,
2026-08-06,SZG.DE,GER,55.6000,55.6000,53.0500,53.4500,51712,
2026-08-06,TKA.DE,GER,12.5800,12.6400,12.3700,12.5900,661344,
2026-08-06,TUI1.DE,GER,7.7900,7.8200,7.6600,7.7360,1451137,
2026-08-06,VOW3.DE,GER,76.8600,76.8600,75.2400,75.6800,248168,
2026-08-06,WAF.DE,GER,77.7000,79.1000,76.0500,78.4000,50356,
2026-08-06,ZAL.DE,GER,24.8000,25.6400,24.7000,25.2200,1178759,
2026-08-07,ADS.DE,GER,164.8000,165.8000,162.9500,164.0500,484725,
2026-08-07,AFX.DE,GER,29.0000,30.2000,28.9800,29.9000,380875,
2026-08-07,AIR.DE,GER,212.9000,216.1500,212.9000,213.7000,190904,
2026-08-07,AIXA.DE,GER,39.2100,41.2400,39.0600,40.1100,526760,
2026-08-07,ALV.DE,GER,435.6000,441.7000,433.4000,433.5000,1014642,
2026-08-07,BAYN.DE,GER,49.4200,50.4400,49.2100,49.8100,2283650,
2026-08-07,BC8.DE,GER,37.4800,38.1000,37.2000,37.6000,139895,
2026-08-07,BMW.DE,GER,58.9800,59.9000,58.3200,59.7800,999691,
2026-08-07,CBK.DE,GER,38.6400,39.7000,38.5900,39.0000,2857869,
2026-08-07,CON.DE,GER,68.0200,68.3000,67.4000,68.3000,271331,
2026-08-07,DBK.DE,GER,32.8300,33.2900,32.6250,32.8900,3879177,
2026-08-07,DHER.DE,GER,37.0500,37.2600,36.9200,37.2000,364228,
2026-08-07,ENR.DE,GER,154.1200,157.5000,151.2400,153.5400,1887650,
2026-08-07,EOAN.DE,GER,18.9850,19.0850,18.7550,19.0250,3061049,
2026-08-07,EVT.DE,GER,3.4460,3.5620,3.4460,3.4640,696995,
2026-08-07,FRE.DE,GER,47.0300,47.5600,46.6700,47.0600,667093,
2026-08-07,HAG.DE,GER,91.0000,95.2600,89.8600,90.3200,455301,
2026-08-07,HFG.DE,GER,3.3810,3.4330,3.3420,3.3630,1041584,
2026-08-07,HNR1.DE,GER,249.8000,254.6000,248.4000,253.6000,135662,
2026-08-07,IFX.DE,GER,61.1000,63.4600,61.0000,62.0800,3521024,
2026-08-07,JEN.DE,GER,38.2600,39.2600,38.2000,39.1200,100844,
2026-08-07,KGX.DE,GER,41.5600,41.5800,40.4400,40.7500,340833,
2026-08-07,LHA.DE,GER,8.5240,8.5440,8.3420,8.3420,4279700,
2026-08-07,MBG.DE,GER,46.9850,47.1050,46.4700,47.0850,1215868,
2026-08-07,MRK.DE,GER,145.2000,146.3000,142.8000,143.6500,296792,
2026-08-07,MTX.DE,GER,366.7000,379.0000,366.0000,370.8000,120681,
2026-08-07,MUV2.DE,GER,500.0000,517.2000,495.0000,515.4000,455537,
2026-08-07,NDX1.DE,GER,39.5600,40.0400,38.8400,38.8400,354323,
2026-08-07,NEM.DE,GER,57.0500,61.2000,57.0500,60.6000,266683,
2026-08-07,P911.DE,GER,43.6800,44.3700,43.1200,44.1000,289335,
2026-08-07,PUM.DE,GER,27.2800,27.6500,26.9900,27.1100,313727,
2026-08-07,QIA.DE,GER,37.0000,37.4000,36.3000,36.4600,664424,
2026-08-07,R3NK.DE,GER,52.0400,53.5900,49.9900,49.9900,524709,
2026-08-07,RHM.DE,GER,1159.0000,1209.0000,1129.6000,1146.4000,274340,
2026-08-07,RWE.DE,GER,57.1000,57.1000,55.7200,56.2200,1130138,
2026-08-07,S92.DE,GER,55.1500,56.2000,54.2500,54.5500,57868,
2026-08-07,SAP.DE,GER,173.8200,179.5600,173.8200,177.9600,3603427,
2026-08-07,SHL.DE,GER,39.3000,39.7400,39.1000,39.5100,771332,
2026-08-07,SIE.DE,GER,273.9500,282.1500,273.8500,279.8000,1203934,
2026-08-07,SRT3.DE,GER,229.8000,235.2000,229.3000,232.2000,49407,
2026-08-07,SZG.DE,GER,54.0000,54.0000,51.7000,52.5000,119443,
2026-08-07,TKA.DE,GER,12.6000,12.7700,12.4000,12.5450,1463582,
2026-08-07,TUI1.DE,GER,7.7280,7.7520,7.6200,7.7080,2094591,
2026-08-07,VOW3.DE,GER,75.7400,76.7600,74.7200,76.3200,679441,
2026-08-07,WAF.DE,GER,79.0000,80.2500,77.8500,78.1500,110207,
2026-08-07,ZAL.DE,GER,25.0400,25.1300,24.5100,24.6100,1689883,
2026-08-10,ADS.DE,GER,164.0000,167.9000,163.7000,167.3500,570253,
2026-08-10,AFX.DE,GER,29.6200,30.2200,29.1000,30.0000,316951,
2026-08-10,AIR.DE,GER,212.5500,214.9500,212.0000,214.5500,115399,
2026-08-10,AIXA.DE,GER,40.8700,41.4400,40.1900,40.4700,654748,
2026-08-10,ALV.DE,GER,436.0000,441.0000,436.0000,437.7000,628841,
2026-08-10,BAYN.DE,GER,50.1800,50.2600,48.9700,49.2300,2014248,
2026-08-10,BC8.DE,GER,37.7600,37.7600,36.6200,36.6200,141723,
2026-08-10,BMW.DE,GER,60.0000,60.0000,58.8000,59.3000,916543,
2026-08-10,CBK.DE,GER,38.9600,39.3200,38.8000,39.1000,1471151,
2026-08-10,CON.DE,GER,67.5600,68.7200,67.2200,68.0400,270434,
2026-08-10,DBK.DE,GER,32.9800,33.2800,32.7450,33.2300,3349378,
2026-08-10,DHER.DE,GER,37.2000,37.3100,37.1300,37.1800,328694,
2026-08-10,ENR.DE,GER,153.8800,158.7600,153.8600,154.6000,1413406,
2026-08-10,EOAN.DE,GER,18.9900,19.1000,18.8150,18.8600,2473160,
2026-08-10,EVT.DE,GER,3.5300,3.7340,3.5060,3.6560,1474753,
2026-08-10,FRE.DE,GER,47.2300,47.3400,46.7200,46.9100,637074,
2026-08-10,HAG.DE,GER,91.4600,92.6800,89.5000,92.0400,224547,
2026-08-10,HFG.DE,GER,3.4010,3.4460,3.3600,3.3920,836144,
2026-08-10,HNR1.DE,GER,253.4000,253.6000,250.4000,252.4000,93970,
2026-08-10,IFX.DE,GER,63.0000,64.8000,62.5300,62.5300,3406661,
2026-08-10,JEN.DE,GER,39.3200,40.3200,38.8200,38.9000,148772,
2026-08-10,KGX.DE,GER,41.5000,41.5700,39.6100,39.8100,301398,
2026-08-10,LHA.DE,GER,8.4500,8.4580,8.2880,8.3000,4348706,
2026-08-10,MBG.DE,GER,47.0000,47.1650,46.5050,47.0850,1502324,
2026-08-10,MRK.DE,GER,144.6000,145.7500,143.0000,143.5000,198448,
2026-08-10,MTX.DE,GER,368.7000,375.8000,366.9000,375.7000,87416,
2026-08-10,MUV2.DE,GER,516.0000,517.2000,508.0000,517.2000,215520,
2026-08-10,NDX1.DE,GER,38.9600,39.8400,38.3000,38.5200,347655,
2026-08-10,NEM.DE,GER,60.7500,61.5500,60.1000,60.9000,232333,
2026-08-10,P911.DE,GER,44.0900,44.9300,43.8400,44.6300,350692,
2026-08-10,PUM.DE,GER,27.2300,27.6600,26.9800,27.1700,353449,
2026-08-10,QIA.DE,GER,36.9100,38.4500,36.8950,38.4500,752760,
2026-08-10,R3NK.DE,GER,50.8900,51.5500,49.4450,50.1900,396303,
2026-08-10,RHM.DE,GER,1154.6000,1162.4000,1120.8000,1142.2000,152799,
2026-08-10,RWE.DE,GER,56.4000,57.3600,56.1800,56.5000,1059290,
2026-08-10,S92.DE,GER,54.9500,57.1500,54.7000,54.7000,87666,
2026-08-10,SAP.DE,GER,178.9200,179.9600,175.8600,179.3000,1830541,
2026-08-10,SHL.DE,GER,39.5000,39.5100,38.7500,39.1700,812889,
2026-08-10,SIE.DE,GER,278.7500,280.7500,275.8000,276.9500,812449,
2026-08-10,SRT3.DE,GER,233.5000,239.3000,232.6000,238.6000,54671,
2026-08-10,SZG.DE,GER,53.2000,53.5500,52.4500,52.5000,114339,
2026-08-10,TKA.DE,GER,12.5550,12.5650,12.3100,12.4150,1802058,
2026-08-10,TUI1.DE,GER,7.7300,7.7500,7.4840,7.5040,2634636,
2026-08-10,VOW3.DE,GER,76.3200,76.3200,74.6200,75.4200,607080,
2026-08-10,WAF.DE,GER,79.9500,80.7000,76.5000,76.5500,81088,
2026-08-10,ZAL.DE,GER,24.6200,24.9200,24.4500,24.8000,1256842,
2026-08-11,ADS.DE,GER,166.3000,167.9000,161.0000,162.2000,780639,
2026-08-11,AFX.DE,GER,27.7200,31.2800,27.7000,31.0800,618344,
2026-08-11,AIR.DE,GER,214.0000,214.2000,211.0500,212.4000,156870,
2026-08-11,AIXA.DE,GER,40.5000,42.3300,40.2500,42.0700,696594,
2026-08-11,ALV.DE,GER,437.8000,439.6000,434.7000,435.7000,465409,
2026-08-11,BAYN.DE,GER,49.0000,49.4000,48.5500,48.9500,1602576,
2026-08-11,BC8.DE,GER,36.6000,36.6400,35.7000,36.0000,168188,
2026-08-11,BMW.DE,GER,59.0000,60.1600,58.7400,60.1200,1462891,
2026-08-11,CBK.DE,GER,39.1000,39.4600,38.9100,39.2000,1382359,
2026-08-11,CON.DE,GER,67.9200,69.0000,67.6200,68.8400,231799,
2026-08-11,DBK.DE,GER,33.2100,33.4100,33.0450,33.1700,2943961,
2026-08-11,DHER.DE,GER,37.1800,37.2800,37.0900,37.0900,277763,
2026-08-11,ENR.DE,GER,155.3000,159.8600,154.7000,158.5600,1452841,
2026-08-11,EOAN.DE,GER,18.9100,19.1150,18.8650,19.0200,3476774,
2026-08-11,EVT.DE,GER,3.6900,3.7900,3.6480,3.7060,623911,
2026-08-11,FRE.DE,GER,47.2000,47.5800,46.8600,47.1500,685318,
2026-08-11,HAG.DE,GER,91.7400,93.2200,90.0200,90.5000,206971,
2026-08-11,HFG.DE,GER,3.3940,3.4650,3.3700,3.4650,678934,
2026-08-11,HNR1.DE,GER,253.0000,253.4000,249.6000,250.4000,128122,
2026-08-11,IFX.DE,GER,62.0000,64.0500,61.8500,62.8500,2656377,
2026-08-11,JEN.DE,GER,38.3200,39.3800,38.3000,39.2400,128599,
2026-08-11,KGX.DE,GER,40.4500,41.4500,40.0200,41.1500,300514,
2026-08-11,LHA.DE,GER,8.2900,8.3540,8.2320,8.2400,4114566,
2026-08-11,MBG.DE,GER,47.0050,47.0950,46.5150,46.7800,1631462,
2026-08-11,MRK.DE,GER,143.8500,144.0500,139.6000,140.0000,240692,
2026-08-11,MTX.DE,GER,374.6000,378.3000,372.2000,375.7000,108601,
2026-08-11,MUV2.DE,GER,516.0000,517.4000,509.4000,514.6000,222503,
2026-08-11,NDX1.DE,GER,38.5200,39.2200,38.4200,38.5600,460090,
2026-08-11,NEM.DE,GER,60.8000,60.8000,58.9500,59.6500,138293,
2026-08-11,P911.DE,GER,44.5000,45.2000,44.3700,44.8700,208205,
2026-08-11,PUM.DE,GER,27.0700,27.3700,26.4400,26.6600,454755,
2026-08-11,QIA.DE,GER,38.1550,38.2100,37.0750,37.0750,723058,
2026-08-11,R3NK.DE,GER,50.5700,51.3800,49.0800,50.1600,452002,
2026-08-11,RHM.DE,GER,1146.6000,1161.2000,1128.0000,1142.2000,162553,
2026-08-11,RWE.DE,GER,56.7600,57.5200,56.5800,57.5200,1108296,
2026-08-11,S92.DE,GER,55.3500,57.0500,54.9500,55.2000,55133,
2026-08-11,SAP.DE,GER,180.0000,183.2400,178.1400,180.7000,2063263,
2026-08-11,SHL.DE,GER,39.0100,39.7600,38.7500,39.5900,913452,
2026-08-11,SIE.DE,GER,277.3500,281.6000,275.1500,280.2500,802320,
2026-08-11,SRT3.DE,GER,237.2000,239.4000,233.1000,238.3000,57389,
2026-08-11,SZG.DE,GER,51.5500,51.9500,49.4800,51.6500,244616,
2026-08-11,TKA.DE,GER,12.4450,12.5700,12.0300,12.0300,2471666,
2026-08-11,TUI1.DE,GER,7.4980,7.4980,7.3020,7.3640,4562089,
2026-08-11,VOW3.DE,GER,75.2000,75.6800,74.4800,75.4400,526986,
2026-08-11,WAF.DE,GER,76.1000,79.9000,76.0500,79.0000,76573,
2026-08-11,ZAL.DE,GER,24.6800,24.8000,24.0500,24.0700,1338020,
2026-08-12,ADS.DE,GER,161.4000,161.4000,158.0500,158.5000,943854,
2026-08-12,AFX.DE,GER,30.8400,30.9000,29.6400,29.8200,335538,
2026-08-12,AIR.DE,GER,211.6500,214.9000,211.6500,213.5500,145088,
2026-08-12,AIXA.DE,GER,42.6000,44.1900,42.2900,43.0500,711020,
2026-08-12,ALV.DE,GER,436.6000,438.9000,436.1000,438.9000,505501,
2026-08-12,BAYN.DE,GER,48.9500,49.0900,47.7900,48.0000,1849081,
2026-08-12,BC8.DE,GER,37.2400,37.4000,34.3000,34.6400,386690,
2026-08-12,BMW.DE,GER,59.6400,60.3600,59.3200,59.3200,1158405,
2026-08-12,CBK.DE,GER,39.4300,39.5200,39.1800,39.3800,1486455,
2026-08-12,CON.DE,GER,69.0200,69.3000,68.3800,68.4400,307228,
2026-08-12,DBK.DE,GER,33.1700,33.3750,32.9150,33.3500,3145797,
2026-08-12,DHER.DE,GER,37.1500,37.1700,37.0300,37.0400,414538,
2026-08-12,ENR.DE,GER,160.0000,165.8600,160.0000,161.7000,2107745,
2026-08-12,EOAN.DE,GER,19.0200,19.0750,18.3150,18.4200,7627124,
2026-08-12,EVT.DE,GER,3.7300,3.8500,3.6580,3.8500,703552,
2026-08-12,FRE.DE,GER,47.2200,47.3500,46.6100,46.8200,706827,
2026-08-12,HAG.DE,GER,91.3000,92.7000,90.6000,92.1200,233222,
2026-08-12,HFG.DE,GER,3.4100,3.4460,3.3830,3.4360,813368,
2026-08-12,HNR1.DE,GER,251.0000,252.2000,247.8000,250.0000,156917,
2026-08-12,IFX.DE,GER,64.1500,65.4500,62.8800,63.0900,3677798,
2026-08-12,JEN.DE,GER,40.4400,42.5400,38.7600,41.2800,352760,
2026-08-12,KGX.DE,GER,41.1800,42.0000,40.9400,41.2200,203889,
2026-08-12,LHA.DE,GER,8.2360,8.3160,8.1800,8.2180,3270084,
2026-08-12,MBG.DE,GER,46.6650,46.7700,46.0450,46.1850,1678567,
2026-08-12,MRK.DE,GER,139.7500,140.0000,138.7500,140.0000,226564,
2026-08-12,MTX.DE,GER,375.7000,380.6000,375.0000,377.4000,72157,
2026-08-12,MUV2.DE,GER,514.6000,515.6000,510.0000,514.8000,186251,
2026-08-12,NDX1.DE,GER,40.1400,41.2400,40.0400,40.3200,735230,
2026-08-12,NEM.DE,GER,59.4000,59.5000,58.2500,58.2500,225429,
2026-08-12,P911.DE,GER,44.7600,44.9400,43.8000,44.9400,519885,
2026-08-12,PUM.DE,GER,26.7100,27.0100,26.3900,26.6900,349254,
2026-08-12,QIA.DE,GER,36.8150,37.0400,36.4400,37.0400,868826,
2026-08-12,R3NK.DE,GER,50.1800,51.5500,49.8250,50.2400,346358,
2026-08-12,RHM.DE,GER,1143.0000,1195.0000,1143.0000,1168.2000,223687,
2026-08-12,RWE.DE,GER,58.0000,58.4200,57.5600,57.6200,1586549,
2026-08-12,S92.DE,GER,56.3000,58.5500,56.3000,57.1000,79212,
2026-08-12,SAP.DE,GER,180.3000,180.9800,175.4000,175.9600,2147926,
2026-08-12,SHL.DE,GER,39.4700,39.7500,39.0300,39.0300,727949,
2026-08-12,SIE.DE,GER,280.2000,283.1500,280.0000,281.9500,762748,
2026-08-12,SRT3.DE,GER,238.0000,238.5000,233.7000,236.0000,70135,
2026-08-12,SZG.DE,GER,52.1500,52.6500,50.5500,50.5500,195773,
2026-08-12,TKA.DE,GER,12.3500,12.5550,12.1000,12.4000,1932184,
2026-08-12,TUI1.DE,GER,7.1700,7.3740,7.0900,7.2840,4638668,
2026-08-12,VOW3.DE,GER,74.9000,75.2200,73.8600,73.8600,738671,
2026-08-12,WAF.DE,GER,81.0000,83.8500,80.7000,83.2000,128927,
2026-08-12,ZAL.DE,GER,24.2500,24.7400,23.9000,24.0200,1787606,
2026-08-13,ADS.DE,GER,160.3500,160.7000,157.0500,159.2500,618534,
2026-08-13,AFX.DE,GER,29.3000,30.5600,29.3000,30.4400,360994,
2026-08-13,AIR.DE,GER,214.0500,215.9000,213.0000,213.0000,97999,
2026-08-13,AIXA.DE,GER,43.3800,43.3800,41.1400,41.8600,661467,
2026-08-13,ALV.DE,GER,439.4000,443.5000,437.8000,437.8000,413033,
2026-08-13,BAYN.DE,GER,47.8500,48.3600,47.8500,48.0600,1594444,
2026-08-13,BC8.DE,GER,34.9000,35.6000,34.2600,34.5200,202954,
2026-08-13,BMW.DE,GER,59.2000,59.7600,58.6800,58.7600,1278925,
2026-08-13,CBK.DE,GER,39.6100,40.1300,39.5800,39.8600,2505142,
2026-08-13,CON.DE,GER,68.3800,70.4600,67.7800,70.4600,814797,
2026-08-13,DBK.DE,GER,33.8000,34.1000,33.0800,33.1400,4409002,
2026-08-13,DHER.DE,GER,37.0400,37.1700,36.9900,37.1000,334430,
2026-08-13,ENR.DE,GER,162.6400,165.0000,159.8000,160.7200,1450177,
2026-08-13,EOAN.DE,GER,18.4000,18.5500,18.2000,18.2500,4414197,
2026-08-13,EVT.DE,GER,3.8000,3.8800,3.5060,3.5480,1587179,
2026-08-13,FRE.DE,GER,47.3400,48.1050,46.9750,47.6600,828434,
2026-08-13,HAG.DE,GER,93.0000,94.9400,92.1200,92.4200,201544,
2026-08-13,HFG.DE,GER,3.3640,3.5180,3.3210,3.3330,2464973,
2026-08-13,HNR1.DE,GER,249.6000,251.2000,247.4000,249.2000,111325,
2026-08-13,IFX.DE,GER,63.9700,64.0500,62.0300,62.5000,3196771,
2026-08-13,JEN.DE,GER,41.4200,42.1800,40.1600,41.7800,208668,
2026-08-13,KGX.DE,GER,41.5800,41.7500,41.1700,41.4800,220834,
2026-08-13,LHA.DE,GER,8.2400,8.2680,8.1760,8.1900,2858341,
2026-08-13,MBG.DE,GER,46.1000,46.3650,45.4250,45.4400,2016067,
2026-08-13,MRK.DE,GER,140.2500,140.8500,138.7000,139.5000,160871,
2026-08-13,MTX.DE,GER,379.7000,381.5000,375.8000,377.0000,86762,
2026-08-13,MUV2.DE,GER,514.2000,517.6000,508.6000,510.4000,231577,
2026-08-13,NDX1.DE,GER,41.3200,41.3600,38.8600,38.9000,570350,
2026-08-13,NEM.DE,GER,58.9000,58.9500,56.9500,56.9500,278928,
2026-08-13,P911.DE,GER,44.7500,44.7900,43.6800,43.9100,282708,
2026-08-13,PUM.DE,GER,27.4900,27.4900,26.5600,26.6400,318855,
2026-08-13,QIA.DE,GER,37.4850,37.9500,37.3450,37.6600,493088,
2026-08-13,R3NK.DE,GER,50.2300,51.4300,49.8150,50.0200,305533,
2026-08-13,RHM.DE,GER,1179.2000,1198.0000,1155.4000,1164.6000,144447,
2026-08-13,RWE.DE,GER,58.2000,59.7200,57.5600,59.1400,3414289,
2026-08-13,S92.DE,GER,60.9500,61.0000,56.3500,58.3000,186573,
2026-08-13,SAP.DE,GER,177.4800,178.3000,174.8000,175.3800,1293772,
2026-08-13,SHL.DE,GER,39.2900,39.3400,38.9500,39.0400,570534,
2026-08-13,SIE.DE,GER,283.8000,284.9500,282.5500,284.1000,681161,
2026-08-13,SRT3.DE,GER,237.4000,240.8000,234.8000,235.1000,44285,
2026-08-13,SZG.DE,GER,50.3000,52.7000,49.0800,51.7500,224218,
2026-08-13,TKA.DE,GER,12.0500,13.5250,11.9600,13.5250,5464299,
2026-08-13,TUI1.DE,GER,7.3000,7.3400,7.1540,7.1700,2686023,
2026-08-13,VOW3.DE,GER,73.9400,74.0400,72.2200,72.9400,1463503,
2026-08-13,WAF.DE,GER,85.7000,88.0000,84.3500,87.9000,102466,
2026-08-13,ZAL.DE,GER,24.2400,24.3000,23.9200,23.9800,1219577,
2026-08-14,ADS.DE,GER,159.0000,161.2000,156.9000,157.5500,508633,
2026-08-14,AFX.DE,GER,30.5400,32.2800,30.5400,32.2800,458630,
2026-08-14,AIR.DE,GER,213.2000,216.5500,213.2000,215.4000,174094,
2026-08-14,AIXA.DE,GER,41.2200,42.6800,41.0900,41.2700,303338,
2026-08-14,ALV.DE,GER,439.9000,443.0000,438.0000,442.7000,388668,
2026-08-14,BAYN.DE,GER,47.7100,48.1400,47.2200,47.7900,1479379,
2026-08-14,BC8.DE,GER,35.1600,35.3600,34.6000,34.6400,109788,
2026-08-14,BMW.DE,GER,59.6000,59.8000,58.8800,59.4000,983048,
2026-08-14,CBK.DE,GER,39.9900,40.0400,39.5400,39.7400,1540642,
2026-08-14,CON.DE,GER,70.4800,70.5000,69.2600,69.3800,284315,
2026-08-14,DBK.DE,GER,33.4400,33.5450,33.1000,33.3850,2989366,
2026-08-14,DHER.DE,GER,37.0200,37.1900,37.0100,37.1000,160456,
2026-08-14,ENR.DE,GER,159.8400,161.9400,158.6600,160.7200,1583795,
2026-08-14,EOAN.DE,GER,18.3000,18.3250,17.1350,17.4500,14295600,
2026-08-14,EVT.DE,GER,3.5560,3.5900,3.4140,3.4460,1114208,
2026-08-14,FRE.DE,GER,47.7250,47.9800,47.0400,47.0800,583309,
2026-08-14,HAG.DE,GER,93.0800,96.7000,93.0800,96.0800,378630,
2026-08-14,HFG.DE,GER,3.2290,3.2290,3.0560,3.1500,3270354,
2026-08-14,HNR1.DE,GER,251.4000,255.4000,251.0000,253.4000,111142,
2026-08-14,IFX.DE,GER,62.0000,62.9600,61.5500,61.7300,2976643,
2026-08-14,JEN.DE,GER,41.8800,42.2600,41.0000,41.9800,156849,
2026-08-14,KGX.DE,GER,42.8300,42.8400,41.4200,41.7500,307675,
2026-08-14,LHA.DE,GER,8.2120,8.2380,8.1280,8.1280,3088908,
2026-08-14,MBG.DE,GER,46.1800,46.2450,45.4850,46.0250,1387940,
2026-08-14,MRK.DE,GER,138.9000,139.5500,135.3000,136.3000,253634,
2026-08-14,MTX.DE,GER,379.5000,385.5000,379.5000,382.7000,99052,
2026-08-14,MUV2.DE,GER,510.2000,520.4000,509.6000,517.8000,206659,
2026-08-14,NDX1.DE,GER,38.9000,39.6600,38.3000,39.2000,583807,
2026-08-14,NEM.DE,GER,60.9500,63.0000,60.4500,61.7500,322210,
2026-08-14,P911.DE,GER,43.9800,44.4200,43.7700,44.4200,232820,
2026-08-14,PUM.DE,GER,26.6600,27.2000,26.5300,26.5300,337945,
2026-08-14,QIA.DE,GER,37.5500,37.8900,37.2100,37.2900,520752,
2026-08-14,R3NK.DE,GER,50.6300,52.4600,50.6300,51.6900,508175,
2026-08-14,RHM.DE,GER,1180.0000,1230.8000,1174.0000,1202.0000,265641,
2026-08-14,RWE.DE,GER,59.8000,59.8000,57.0200,58.9000,2437026,
2026-08-14,S92.DE,GER,58.2000,58.9500,55.7500,58.0000,91771,
2026-08-14,SAP.DE,GER,182.0000,185.7400,179.2800,180.1400,2827192,
2026-08-14,SHL.DE,GER,39.2700,39.6700,39.2300,39.3100,562603,
2026-08-14,SIE.DE,GER,284.7000,284.8000,282.2000,284.0000,613430,
2026-08-14,SRT3.DE,GER,234.9000,240.4000,233.6000,237.5000,66459,
2026-08-14,SZG.DE,GER,51.4500,52.2000,50.0500,50.5000,170543,
2026-08-14,TKA.DE,GER,13.6600,14.0400,13.3900,13.8100,2911822,
2026-08-14,TUI1.DE,GER,7.2060,7.3040,7.1880,7.1920,1515058,
2026-08-14,VOW3.DE,GER,73.8000,74.0600,72.7800,73.7200,632701,
2026-08-14,WAF.DE,GER,86.4000,88.7000,85.4500,87.7000,105801,
2026-08-14,ZAL.DE,GER,24.1200,24.4600,23.5900,23.6000,1173819,
2026-08-17,ADS.DE,GER,157.2500,157.3000,151.8500,152.6000,746102,
2026-08-17,AFX.DE,GER,32.3400,32.3800,31.1800,31.1800,219180,
2026-08-17,AIR.DE,GER,215.4000,216.4500,213.8000,214.3000,121158,
2026-08-17,AIXA.DE,GER,42.4500,42.8000,41.8000,42.1800,411625,
2026-08-17,ALV.DE,GER,441.2000,442.4000,438.6000,438.6000,457942,
2026-08-17,BAYN.DE,GER,47.8300,48.0700,47.5300,47.9000,1044705,
2026-08-17,BC8.DE,GER,34.7800,34.9600,34.2000,34.7400,188054,
2026-08-17,BMW.DE,GER,59.2000,59.5000,58.2600,58.3400,1136124,
2026-08-17,CBK.DE,GER,39.6600,39.8000,39.5200,39.6100,1352646,
2026-08-17,CON.DE,GER,69.3800,69.5600,68.6600,69.2000,214124,
2026-08-17,DBK.DE,GER,33.3450,33.3550,32.8550,33.0650,3227649,
2026-08-17,DHER.DE,GER,37.1500,37.1900,36.9000,37.0100,337910,
2026-08-17,ENR.DE,GER,164.4000,165.1000,160.2000,162.8000,1418513,
2026-08-17,EOAN.DE,GER,17.5000,17.5700,17.3700,17.3850,4760879,
2026-08-17,EVT.DE,GER,3.4700,3.4700,3.3700,3.4320,732811,
2026-08-17,FRE.DE,GER,47.1600,47.2050,46.1100,46.7350,647220,
2026-08-17,HAG.DE,GER,95.1000,96.3000,93.9800,95.6400,172946,
2026-08-17,HFG.DE,GER,3.1380,3.1780,3.0540,3.0650,1425786,
2026-08-17,HNR1.DE,GER,251.6000,255.4000,251.6000,254.0000,92564,
2026-08-17,IFX.DE,GER,63.9900,63.9900,61.7300,61.9700,3018717,
2026-08-17,JEN.DE,GER,42.5800,43.1200,42.0600,42.6200,165697,
2026-08-17,KGX.DE,GER,41.7600,41.9600,40.2000,40.2000,248147,
2026-08-17,LHA.DE,GER,8.1600,8.1800,8.0460,8.0580,2757685,
2026-08-17,MBG.DE,GER,45.9000,46.0600,45.2900,45.5200,1021290,
2026-08-17,MRK.DE,GER,136.5000,136.8000,135.7000,136.4000,174442,
2026-08-17,MTX.DE,GER,382.2000,385.4000,379.3000,381.4000,86680,
2026-08-17,MUV2.DE,GER,513.6000,520.0000,513.2000,516.8000,162847,
2026-08-17,NDX1.DE,GER,39.3000,40.2400,39.1600,40.2400,446520,
2026-08-17,NEM.DE,GER,61.4500,61.8500,60.2500,60.5500,259719,
2026-08-17,P911.DE,GER,44.2600,44.8300,44.1500,44.5600,175835,
2026-08-17,PUM.DE,GER,26.4500,26.5300,25.5400,25.6300,638324,
2026-08-17,QIA.DE,GER,37.0600,37.1650,36.5800,37.0700,280205,
2026-08-17,R3NK.DE,GER,51.7000,52.3000,50.8100,51.1600,301858,
2026-08-17,RHM.DE,GER,1210.0000,1234.0000,1202.6000,1214.0000,202549,
2026-08-17,RWE.DE,GER,59.0600,59.7600,58.8800,59.0800,1119104,
2026-08-17,S92.DE,GER,59.1500,60.0000,56.9500,57.3000,70254,
2026-08-17,SAP.DE,GER,178.9400,180.9000,177.6600,179.5800,1484801,
2026-08-17,SHL.DE,GER,39.2400,39.2400,38.8400,39.0000,572620,
2026-08-17,SIE.DE,GER,285.0000,286.5500,282.3000,282.3000,593936,
2026-08-17,SRT3.DE,GER,237.4000,237.8000,231.7000,233.9000,79344,
2026-08-17,SZG.DE,GER,53.7500,54.4500,50.2500,52.2000,246961,
2026-08-17,TKA.DE,GER,13.9900,14.0600,13.6600,13.9250,1342713,
2026-08-17,TUI1.DE,GER,7.1300,7.2160,7.0980,7.1580,2055182,
2026-08-17,VOW3.DE,GER,73.4400,74.1800,72.9000,73.2200,461166,
2026-08-17,WAF.DE,GER,90.0000,91.6000,87.5500,89.8000,96358,
2026-08-17,ZAL.DE,GER,23.5700,23.5700,22.6300,22.7800,1468984,
2026-08-18,ADS.DE,GER,151.4000,154.7000,150.7000,154.7000,607875,
2026-08-18,AFX.DE,GER,31.3200,31.7000,31.0000,31.2200,231704,
2026-08-18,AIR.DE,GER,213.9000,214.3000,209.2500,209.8000,151694,
2026-08-18,AIXA.DE,GER,41.1700,41.1700,38.4500,38.4800,879086,
2026-08-18,ALV.DE,GER,439.9000,442.6000,438.0000,442.0000,423242,
2026-08-18,BAYN.DE,GER,47.7700,49.2200,47.7300,48.7400,2368653,
2026-08-18,BC8.DE,GER,34.9000,35.5200,34.8000,35.1600,156051,
2026-08-18,BMW.DE,GER,58.6200,58.9800,57.9600,57.9600,1767654,
2026-08-18,CBK.DE,GER,39.5200,39.6000,38.8000,39.0000,2027171,
2026-08-18,CON.DE,GER,68.9600,69.3800,67.9000,67.9000,220103,
2026-08-18,DBK.DE,GER,32.9850,33.1900,32.7550,32.8050,2659087,
2026-08-18,DHER.DE,GER,36.8500,37.0900,36.8500,37.0000,282552,
2026-08-18,ENR.DE,GER,160.6000,161.2200,152.7600,154.2800,2378690,
2026-08-18,EOAN.DE,GER,17.4800,17.6500,17.3050,17.5600,4386257,
2026-08-18,EVT.DE,GER,3.4220,3.4240,3.3200,3.3200,822772,
2026-08-18,FRE.DE,GER,46.6000,46.9650,46.4450,46.7300,695683,
2026-08-18,HAG.DE,GER,95.0000,96.0600,93.1400,94.1400,196213,
2026-08-18,HFG.DE,GER,3.0660,3.0830,2.9240,2.9730,2455586,
2026-08-18,HNR1.DE,GER,255.2000,257.0000,254.2000,256.2000,156725,
2026-08-18,IFX.DE,GER,60.8200,60.8200,57.2400,57.2400,4727527,
2026-08-18,JEN.DE,GER,42.3000,42.6600,40.1200,40.1200,183537,
2026-08-18,KGX.DE,GER,40.1000,40.5800,39.5600,39.5600,232328,
2026-08-18,LHA.DE,GER,8.0200,8.0340,7.8600,7.8600,5733505,
2026-08-18,MBG.DE,GER,45.7000,45.7250,45.0650,45.0650,1626540,
2026-08-18,MRK.DE,GER,136.0500,137.1500,135.4000,136.7500,227757,
2026-08-18,MTX.DE,GER,380.0000,380.8000,371.2000,373.6000,96898,
2026-08-18,MUV2.DE,GER,519.0000,524.6000,516.2000,523.6000,223480,
2026-08-18,NDX1.DE,GER,39.9400,40.0200,39.1400,39.4600,414025,
2026-08-18,NEM.DE,GER,60.9000,63.1500,60.5500,62.4500,220608,
2026-08-18,P911.DE,GER,44.7400,44.9000,43.9900,43.9900,242216,
2026-08-18,PUM.DE,GER,25.5000,25.8500,25.4600,25.8300,327594,
2026-08-18,QIA.DE,GER,36.9150,37.5300,36.8150,36.8350,367750,
2026-08-18,R3NK.DE,GER,51.1200,51.2800,49.5600,49.9850,323368,
2026-08-18,RHM.DE,GER,1217.0000,1229.0000,1201.4000,1213.8000,178224,
2026-08-18,RWE.DE,GER,59.0400,59.0600,58.0600,58.1000,1363856,
2026-08-18,S92.DE,GER,56.9000,57.2000,54.7500,56.5500,79003,
2026-08-18,SAP.DE,GER,179.1400,183.9000,177.9800,182.5000,2211131,
2026-08-18,SHL.DE,GER,39.0000,39.6000,38.8800,39.4600,543639,
2026-08-18,SIE.DE,GER,281.0000,281.3000,274.7500,275.8000,883270,
2026-08-18,SRT3.DE,GER,232.4000,234.3000,228.9000,228.9000,67403,
2026-08-18,SZG.DE,GER,52.0000,53.1000,50.5000,50.9000,148878,
2026-08-18,TKA.DE,GER,13.8550,14.0400,13.2450,13.2450,2125453,
2026-08-18,TUI1.DE,GER,7.1000,7.1700,7.0400,7.0440,2797349,
2026-08-18,VOW3.DE,GER,73.2200,74.3200,73.0000,73.0000,687962,
2026-08-18,WAF.DE,GER,87.7000,88.0000,83.2500,83.5500,116003,
2026-08-18,ZAL.DE,GER,22.6800,22.9400,22.6000,22.6800,1251289,
2026-08-19,ADS.DE,GER,154.5500,156.0500,153.9500,155.9000,318955,
2026-08-19,AFX.DE,GER,31.2000,32.2800,30.9600,32.2400,218538,
2026-08-19,AIR.DE,GER,210.8500,211.8000,208.0000,208.0000,100961,
2026-08-19,AIXA.DE,GER,38.6300,38.8200,37.1400,37.3000,723388,
2026-08-19,ALV.DE,GER,441.8000,443.4000,438.0000,438.0000,489137,
2026-08-19,BAYN.DE,GER,48.8300,49.4500,48.3600,49.0100,1696522,
2026-08-19,BC8.DE,GER,35.2000,35.3600,34.8200,35.2600,100401,
2026-08-19,BMW.DE,GER,58.0000,58.7400,57.7400,58.3600,1048739,
2026-08-19,CBK.DE,GER,39.0000,39.1200,38.2800,38.6000,2437571,
2026-08-19,CON.DE,GER,67.6000,67.7600,66.8400,67.1400,190720,
2026-08-19,DBK.DE,GER,33.0250,33.2100,32.5800,32.6050,3775420,
2026-08-19,DHER.DE,GER,37.0000,37.0800,36.9300,37.0000,336119,
2026-08-19,ENR.DE,GER,154.6800,157.4600,151.5600,154.3400,1823908,
2026-08-19,EOAN.DE,GER,17.5650,17.6100,17.3650,17.3700,3957239,
2026-08-19,EVT.DE,GER,3.3200,3.4040,3.2580,3.4040,684849,
2026-08-19,FRE.DE,GER,46.6000,47.3950,46.5150,46.6450,753359,
2026-08-19,HAG.DE,GER,94.2400,95.4800,91.8600,92.5600,237846,
2026-08-19,HFG.DE,GER,2.9480,3.0030,2.9030,2.9270,1066963,
2026-08-19,HNR1.DE,GER,255.6000,256.2000,250.6000,250.6000,114271,
2026-08-19,IFX.DE,GER,57.3900,57.5000,54.8400,54.9800,6094431,
2026-08-19,JEN.DE,GER,40.3200,40.3200,38.7000,38.7600,90101,
2026-08-19,KGX.DE,GER,39.6400,40.3900,39.5000,40.0000,215182,
2026-08-19,LHA.DE,GER,7.8800,7.9200,7.8360,7.8520,2640236,
2026-08-19,MBG.DE,GER,45.1200,45.2850,44.8550,45.0250,1625667,
2026-08-19,MRK.DE,GER,137.4000,140.3500,136.5500,138.3500,211191,
2026-08-19,MTX.DE,GER,375.2000,377.4000,364.5000,365.9000,98104,
2026-08-19,MUV2.DE,GER,522.0000,523.4000,512.2000,514.6000,277975,
2026-08-19,NDX1.DE,GER,38.6200,39.8000,37.9600,39.1600,430927,
2026-08-19,NEM.DE,GER,62.0000,62.8500,60.5000,62.4500,194493,
2026-08-19,P911.DE,GER,43.7900,44.9300,43.7100,44.6500,288870,
2026-08-19,PUM.DE,GER,25.6100,25.9700,25.5300,25.5300,311628,
2026-08-19,QIA.DE,GER,36.7800,37.8500,36.3600,37.5900,543344,
2026-08-19,R3NK.DE,GER,50.3200,52.0900,49.8400,49.8400,432201,
2026-08-19,RHM.DE,GER,1214.0000,1220.6000,1171.2000,1178.8000,150700,
2026-08-19,RWE.DE,GER,58.1600,58.4800,56.9200,57.1000,1084402,
2026-08-19,S92.DE,GER,56.3000,58.2500,56.0500,57.4000,61576,
2026-08-19,SAP.DE,GER,181.7000,186.9800,180.3800,185.9000,2161811,
2026-08-19,SHL.DE,GER,39.3500,40.1000,39.2500,39.9800,759019,
2026-08-19,SIE.DE,GER,277.8500,279.4500,275.5500,276.6500,782905,
2026-08-19,SRT3.DE,GER,228.6000,237.7000,225.9000,234.7000,78479,
2026-08-19,SZG.DE,GER,51.5000,53.1000,50.5000,51.5000,122674,
2026-08-19,TKA.DE,GER,13.2500,13.3400,12.9600,12.9600,1856986,
2026-08-19,TUI1.DE,GER,7.0400,7.1300,7.0040,7.0280,2256054,
2026-08-19,VOW3.DE,GER,73.0200,74.9400,72.9800,74.8400,652552,
2026-08-19,WAF.DE,GER,84.5000,84.9000,81.8500,82.2000,165592,
2026-08-19,ZAL.DE,GER,22.5200,22.7100,22.2500,22.5600,1122715,
2026-08-20,ADS.DE,GER,155.9000,156.0500,148.5000,151.0000,748804,
2026-08-20,AFX.DE,GER,32.4400,32.6400,31.8000,32.1400,210438,
2026-08-20,AIR.DE,GER,207.7500,208.3500,204.8500,204.9000,97899,
2026-08-20,AIXA.DE,GER,37.8100,37.9600,36.8600,37.3100,593163,
2026-08-20,ALV.DE,GER,438.0000,439.6000,435.8000,438.3000,370684,
2026-08-20,BAYN.DE,GER,48.7100,48.8300,48.0700,48.6100,1435404,
2026-08-20,BC8.DE,GER,35.3800,35.5200,34.9000,35.3800,139283,
2026-08-20,BMW.DE,GER,58.5200,59.3000,57.6800,57.9200,1027079,
2026-08-20,CBK.DE,GER,38.5200,38.9900,38.4600,38.7200,1653983,
2026-08-20,CON.DE,GER,67.2600,68.4400,66.9400,67.9000,260375,
2026-08-20,DBK.DE,GER,32.5550,32.6900,32.1800,32.2900,2373058,
2026-08-20,DHER.DE,GER,36.9000,37.0000,36.7600,36.7600,308777,
2026-08-20,ENR.DE,GER,155.8000,155.8000,151.3600,152.5800,1016278,
2026-08-20,EOAN.DE,GER,17.4300,17.6200,17.2550,17.5500,3452185,
2026-08-20,EVT.DE,GER,3.4400,3.4620,3.3300,3.3560,632201,
2026-08-20,FRE.DE,GER,46.7500,46.8000,46.0350,46.2150,637439,
2026-08-20,HAG.DE,GER,92.3600,92.5800,89.3400,89.9800,171887,
2026-08-20,HFG.DE,GER,2.8910,2.9230,2.8530,2.8710,1104754,
2026-08-20,HNR1.DE,GER,250.8000,251.0000,248.0000,249.4000,92125,
2026-08-20,IFX.DE,GER,55.8700,56.0400,54.4100,55.4100,4731811,
2026-08-20,JEN.DE,GER,39.1600,39.4600,38.4600,38.4800,90633,
2026-08-20,KGX.DE,GER,39.8800,40.0200,39.3000,39.5300,230669,
2026-08-20,LHA.DE,GER,7.8520,7.8660,7.6040,7.6180,5129402,
2026-08-20,MBG.DE,GER,45.2100,45.5350,44.3850,44.7950,1451814,
2026-08-20,MRK.DE,GER,137.1000,138.3500,134.9500,138.0500,298838,
2026-08-20,MTX.DE,GER,365.8000,367.0000,359.5000,359.3000,93282,
2026-08-20,MUV2.DE,GER,515.0000,515.0000,507.8000,513.2000,200643,
2026-08-20,NDX1.DE,GER,39.5600,39.6800,38.1200,38.5000,329229,
2026-08-20,NEM.DE,GER,62.7000,66.0000,62.3500,65.0500,266092,
2026-08-20,P911.DE,GER,45.0200,45.3700,44.5000,44.6000,337073,
2026-08-20,PUM.DE,GER,25.5000,25.5600,24.7200,25.0600,801577,
2026-08-20,QIA.DE,GER,38.0950,38.9000,37.8150,38.7350,789918,
2026-08-20,R3NK.DE,GER,50.1000,50.1800,47.9600,47.9600,346043,
2026-08-20,RHM.DE,GER,1181.2000,1182.6000,1154.4000,1162.2000,131384,
2026-08-20,RWE.DE,GER,57.6800,57.9800,56.7000,57.3400,775878,
2026-08-20,S92.DE,GER,58.3000,58.4000,56.7500,57.6000,53817,
2026-08-20,SAP.DE,GER,183.7800,186.1000,182.5200,185.6400,1372239,
2026-08-20,SHL.DE,GER,39.9800,40.0900,39.7300,39.8100,586104,
2026-08-20,SIE.DE,GER,276.8000,277.7000,274.3500,276.0000,626083,
2026-08-20,SRT3.DE,GER,242.3000,252.2000,242.3000,248.9000,176426,
2026-08-20,SZG.DE,GER,51.4000,51.6500,47.2000,48.7600,267867,
2026-08-20,TKA.DE,GER,13.1050,13.2800,12.3600,12.6600,2075092,
2026-08-20,TUI1.DE,GER,7.0000,7.0380,6.9160,6.9280,2889889,
2026-08-20,VOW3.DE,GER,75.0600,75.8600,74.3200,74.4400,720396,
2026-08-20,WAF.DE,GER,82.4500,82.8500,79.9000,81.6500,80857,
2026-08-20,ZAL.DE,GER,22.4500,22.6100,22.3200,22.4700,791038,
2026-08-21,ADS.DE,GER,152.4000,154.6500,151.5000,154.4500,497537,
2026-08-21,AFX.DE,GER,31.9600,32.8200,31.6000,32.4800,223878,
2026-08-21,AIR.DE,GER,204.1000,204.5000,202.9000,203.6500,163692,
2026-08-21,AIXA.DE,GER,37.9400,38.2200,37.1700,37.6900,542229,
2026-08-21,ALV.DE,GER,440.5000,442.8000,438.8000,440.8000,453205,
2026-08-21,BAYN.DE,GER,48.5000,48.5000,47.4400,48.0400,3263613,
2026-08-21,BC8.DE,GER,35.4200,35.6800,35.1400,35.5000,132014,
2026-08-21,BMW.DE,GER,58.4000,59.6000,58.1000,58.8800,1128266,
2026-08-21,CBK.DE,GER,38.8500,39.1900,38.7100,39.0100,1680445,
2026-08-21,CON.DE,GER,68.6200,69.3400,68.1400,68.7800,193135,
2026-08-21,DBK.DE,GER,32.4300,32.5750,31.9950,32.3750,3703541,
2026-08-21,DHER.DE,GER,36.7600,36.9400,36.7300,36.8300,258559,
2026-08-21,ENR.DE,GER,153.4200,155.1400,152.0600,153.3600,1291587,
2026-08-21,EOAN.DE,GER,17.5900,17.7500,17.4050,17.4100,4344355,
2026-08-21,EVT.DE,GER,3.3620,3.3720,3.3060,3.3560,312228,
2026-08-21,FRE.DE,GER,46.3800,46.7050,45.9100,46.6000,776912,
2026-08-21,HAG.DE,GER,88.8800,89.7000,87.9400,89.3000,147204,
2026-08-21,HFG.DE,GER,2.8400,2.9020,2.8250,2.8250,995051,
2026-08-21,HNR1.DE,GER,250.2000,252.4000,249.0000,250.8000,141962,
2026-08-21,IFX.DE,GER,56.4000,56.9200,55.3200,55.9700,2972250,
2026-08-21,JEN.DE,GER,38.9200,39.4200,38.5200,38.5200,66005,
2026-08-21,KGX.DE,GER,39.5500,41.4000,39.3700,41.1000,264592,
2026-08-21,LHA.DE,GER,7.6500,7.6820,7.5760,7.6060,7196036,
2026-08-21,MBG.DE,GER,45.1550,45.6200,44.7800,45.2150,2162106,
2026-08-21,MRK.DE,GER,137.8000,138.0500,136.4500,137.9500,216391,
2026-08-21,MTX.DE,GER,358.0000,358.0000,351.5000,352.4000,143133,
2026-08-21,MUV2.DE,GER,515.0000,518.4000,512.6000,516.4000,186915,
2026-08-21,NDX1.DE,GER,38.7400,39.5800,38.4800,38.8800,318267,
2026-08-21,NEM.DE,GER,64.2000,66.0000,63.6500,65.7500,192533,
2026-08-21,P911.DE,GER,44.7100,45.2400,43.8700,45.0100,544372,
2026-08-21,PUM.DE,GER,25.0100,25.2500,24.9500,25.0200,451507,
2026-08-21,QIA.DE,GER,37.9200,38.3600,37.5200,37.5650,561321,
2026-08-21,R3NK.DE,GER,47.3450,48.0550,46.9900,47.8150,274999,
2026-08-21,RHM.DE,GER,1149.0000,1158.0000,1137.0000,1155.4000,117599,
2026-08-21,RWE.DE,GER,57.4800,58.4800,57.1400,57.3200,894771,
2026-08-21,S92.DE,GER,57.7500,58.7500,56.3500,56.8000,53507,
2026-08-21,SAP.DE,GER,185.1800,188.4000,183.6000,188.1200,1824223,
2026-08-21,SHL.DE,GER,39.6400,40.2300,39.4400,40.2000,533286,
2026-08-21,SIE.DE,GER,275.5000,281.9000,275.5000,280.3500,782961,
2026-08-21,SRT3.DE,GER,248.9000,249.9000,242.2000,246.8000,60954,
2026-08-21,SZG.DE,GER,49.4400,52.7500,49.4000,52.7500,226547,
2026-08-21,TKA.DE,GER,12.9000,13.4150,12.9000,13.3700,2022466,
2026-08-21,TUI1.DE,GER,6.9220,6.9980,6.8940,6.9200,2705410,
2026-08-21,VOW3.DE,GER,75.2600,75.9600,74.6000,75.0200,617479,
2026-08-21,WAF.DE,GER,82.7500,84.0000,81.8000,83.9000,94492,
2026-08-21,ZAL.DE,GER,22.4900,22.7800,22.4400,22.7800,910400,
2026-08-24,ADS.DE,GER,154.2500,156.5000,154.2500,155.2500,321710,
2026-08-24,AFX.DE,GER,32.6200,33.0000,32.3000,32.3000,175361,
2026-08-24,AIR.DE,GER,203.0500,205.0000,202.1000,202.8500,76748,
2026-08-24,AIXA.DE,GER,37.0000,37.6600,36.6000,36.7500,427095,
2026-08-24,ALV.DE,GER,441.4000,445.5000,441.3000,445.4000,296515,
2026-08-24,BAYN.DE,GER,48.0700,48.4800,47.5400,48.4800,1532581,
2026-08-24,BC8.DE,GER,35.5200,35.5200,35.2400,35.4000,98502,
2026-08-24,BMW.DE,GER,58.8000,58.8000,57.8400,58.3200,1001258,
2026-08-24,CBK.DE,GER,39.0000,39.6200,38.7600,39.5500,1271864,
2026-08-24,CON.DE,GER,68.8400,69.6600,68.6800,69.4600,207776,
2026-08-24,DBK.DE,GER,32.3800,33.1350,32.2250,33.0550,3263347,
2026-08-24,DHER.DE,GER,36.8800,37.0200,36.7700,37.0200,401280,
2026-08-24,ENR.DE,GER,150.6600,153.3600,146.0800,148.7400,1634357,
2026-08-24,EOAN.DE,GER,17.4300,17.4450,17.2750,17.4350,2397349,
2026-08-24,EVT.DE,GER,3.3340,3.3540,3.2700,3.2740,598223,
2026-08-24,FRE.DE,GER,46.6000,46.6800,46.0350,46.0400,587267,
2026-08-24,HAG.DE,GER,89.3000,89.9000,86.6600,86.9800,161330,
2026-08-24,HFG.DE,GER,2.8070,2.8330,2.7650,2.8280,829027,
2026-08-24,HNR1.DE,GER,251.4000,252.4000,248.8000,252.2000,65254,
2026-08-24,IFX.DE,GER,55.2000,55.9000,53.9700,54.1600,3387342,
2026-08-24,JEN.DE,GER,38.1000,38.9800,37.5600,38.2200,95643,
2026-08-24,KGX.DE,GER,40.7300,40.9700,40.2800,40.2800,177368,
2026-08-24,LHA.DE,GER,7.6380,7.8160,7.5780,7.7860,4480965,
2026-08-24,MBG.DE,GER,45.0000,45.3450,44.6550,45.0500,1139174,
2026-08-24,MRK.DE,GER,138.7000,139.0500,137.4000,138.4000,233450,
2026-08-24,MTX.DE,GER,356.1000,357.4000,352.4000,353.0000,100695,
2026-08-24,MUV2.DE,GER,518.8000,519.8000,512.4000,518.6000,119984,
2026-08-24,NDX1.DE,GER,38.7800,39.1800,38.2800,38.8800,284309,
2026-08-24,NEM.DE,GER,65.6000,66.1500,65.1000,66.0000,150790,
2026-08-24,P911.DE,GER,44.9000,44.9000,43.8700,44.1000,339152,
2026-08-24,PUM.DE,GER,25.0600,25.4600,25.0500,25.2900,460275,
2026-08-24,QIA.DE,GER,38.0500,39.4000,35.9600,36.4050,1374866,
2026-08-24,R3NK.DE,GER,47.9100,47.9750,46.3200,46.4400,304809,
2026-08-24,RHM.DE,GER,1155.4000,1158.0000,1114.2000,1125.2000,121649,
2026-08-24,RWE.DE,GER,57.1000,57.2600,56.4800,57.2200,629535,
2026-08-24,S92.DE,GER,56.3000,56.7500,53.6500,54.7500,80339,
2026-08-24,SAP.DE,GER,186.8600,188.1600,185.5200,187.2000,1537737,
2026-08-24,SHL.DE,GER,40.3800,40.7000,40.1700,40.3900,380234,
2026-08-24,SIE.DE,GER,279.2000,282.1500,278.3000,280.6000,581090,
2026-08-24,SRT3.DE,GER,246.0000,247.6000,243.1000,243.1000,69321,
2026-08-24,SZG.DE,GER,52.2500,53.8500,52.0000,52.0000,143762,
2026-08-24,TKA.DE,GER,13.3950,13.7650,13.3600,13.5850,1795630,
2026-08-24,TUI1.DE,GER,6.9800,7.0680,6.8940,7.0460,2313220,
2026-08-24,VOW3.DE,GER,74.5000,74.5600,72.7600,73.8200,811154,
2026-08-24,WAF.DE,GER,83.2500,85.0000,82.0000,82.1000,96387,
2026-08-24,ZAL.DE,GER,22.8900,23.0200,22.6700,22.9500,904585,
2026-08-25,ADS.DE,GER,155.5500,156.4500,152.2000,153.5000,350071,
2026-08-25,AFX.DE,GER,32.3200,32.6400,32.0000,32.1400,52237,
2026-08-25,AIR.DE,GER,204.4500,207.5000,204.4500,206.9000,70776,
2026-08-25,AIXA.DE,GER,37.7000,37.8100,36.9300,37.3600,122787,
2026-08-25,ALV.DE,GER,447.9000,450.9000,446.7000,449.2000,161126,
2026-08-25,BAYN.DE,GER,48.6000,48.9200,48.2700,48.6800,571565,
2026-08-25,BC8.DE,GER,35.4400,35.7400,35.0400,35.4200,42490,
2026-08-25,BMW.DE,GER,58.1000,58.3800,57.5600,57.8000,520073,
2026-08-25,CBK.DE,GER,39.7900,40.0400,39.7000,39.7600,798499,
2026-08-25,CON.DE,GER,69.7600,70.4800,69.1800,70.1200,73853,
2026-08-25,DBK.DE,GER,33.0600,33.3650,32.9050,32.9600,2640666,
2026-08-25,DHER.DE,GER,36.9300,37.0000,36.8700,36.8900,68942,
2026-08-25,ENR.DE,GER,151.7200,154.7600,150.4800,154.0800,891698,
2026-08-25,EOAN.DE,GER,17.4600,17.6600,17.3750,17.4850,1969655,
2026-08-25,EVT.DE,GER,3.2900,3.3140,3.2400,3.2480,761510,
2026-08-25,FRE.DE,GER,46.3550,46.3550,45.6650,45.6550,185301,
2026-08-25,HAG.DE,GER,87.7800,88.4800,87.0600,87.3600,35484,
2026-08-25,HFG.DE,GER,2.8320,2.8990,2.8320,2.8380,263213,
2026-08-25,HNR1.DE,GER,251.6000,254.0000,251.4000,253.2000,27923,
2026-08-25,IFX.DE,GER,55.6000,55.8400,54.9300,55.1000,1311132,
2026-08-25,JEN.DE,GER,39.2000,39.6800,38.8000,39.2400,34921,
2026-08-25,KGX.DE,GER,40.6900,42.9000,40.5900,42.2800,168030,
2026-08-25,LHA.DE,GER,7.8440,8.0500,7.8400,8.0140,2477572,
2026-08-25,MBG.DE,GER,45.0000,45.1600,44.6150,44.7150,472614,
2026-08-25,MRK.DE,GER,139.0000,139.2500,137.4500,138.1500,42301,
2026-08-25,MTX.DE,GER,355.5000,360.4000,355.5000,359.3000,21982,
2026-08-25,MUV2.DE,GER,518.2000,520.4000,515.6000,518.0000,57989,
2026-08-25,NDX1.DE,GER,39.1800,39.6800,39.0600,39.3400,62158,
2026-08-25,NEM.DE,GER,65.8500,66.7000,64.9000,66.7000,64450,
2026-08-25,P911.DE,GER,44.2200,44.2600,43.5900,43.7000,76050,
2026-08-25,PUM.DE,GER,25.3000,25.5400,24.7000,24.8400,175600,
2026-08-25,QIA.DE,GER,35.8600,36.5000,35.4400,36.3100,270681,
2026-08-25,R3NK.DE,GER,47.0200,47.4200,46.6950,47.0000,210359,
2026-08-25,RHM.DE,GER,1120.6000,1128.4000,1110.4000,1118.0000,44468,
2026-08-25,RWE.DE,GER,56.6600,58.5000,56.6600,58.1400,269966,
2026-08-25,S92.DE,GER,55.0000,56.1500,54.9500,55.4000,13805,
2026-08-25,SAP.DE,GER,186.4000,187.6200,182.7400,186.5400,958225,
2026-08-25,SHL.DE,GER,40.1100,40.3200,39.6200,39.8000,262626,
2026-08-25,SIE.DE,GER,282.2000,287.5000,282.1500,286.0500,287801,
2026-08-25,SRT3.DE,GER,242.6000,245.9000,240.7000,244.7000,13746,
2026-08-25,SZG.DE,GER,52.1500,53.2500,51.4500,52.7500,24492,
2026-08-25,TKA.DE,GER,13.6600,13.7600,13.5600,13.6700,589371,
2026-08-25,TUI1.DE,GER,7.0720,7.1720,7.0240,7.1000,2001805,
2026-08-25,VOW3.DE,GER,73.4600,73.7800,72.9800,73.2000,328193,
2026-08-25,WAF.DE,GER,83.5500,84.4000,82.3500,82.7000,34770,
2026-08-25,ZAL.DE,GER,22.9500,23.5700,22.8300,23.4400,419086,
